code;pairCode;name;price;priceRatio;standardPrice;purchasePrice;purchasePriceVatRate;purchasePriceIncludingVat;actionPrice;maxDiscount;pricelist:2:price;pricelist:5:price;pricelist:8:price;pricelist:11:price;pricelist:14:price;pricelist:17:price;pricelist:20:price;pricelist:23:price;pricelist:26:price;pricelist:29:price
97062;1;nástraha KEITECH Swing Impact 3 inch, 7,6cm, Green Pumpkin Fire;6,25;1;6,25;4,07;23;1;6,25;;6,00;5,88;5,75;5,63;5,50;5,38;5,25;5,13;5,00;4,69
97066;1;nástraha KEITECH Swing Impact 3 inch, 7,6cm, Green Pumpkin Fire;6,25;1;6,25;4,07;23;1;6,25;;6,00;5,88;5,75;5,63;5,50;5,38;5,25;5,13;5,00;4,69
97067;1;nástraha KEITECH Swing Impact 3 inch, 7,6cm, Green Pumpkin Fire;6,25;1;6,25;4,07;23;1;6,25;;6,00;5,88;5,75;5,63;5,50;5,38;5,25;5,13;5,00;4,69
97068;1;nástraha KEITECH Swing Impact 3 inch, 7,6cm, Green Pumpkin Fire;6,25;1;6,25;4,07;23;1;6,25;;6,00;5,88;5,75;5,63;5,50;5,38;5,25;5,13;5,00;4,69
97073;1;nástraha KEITECH Swing Impact 3 inch, 7,6cm, Green Pumpkin Fire;6,25;1;6,25;3,34;23;1;6,25;;6,00;5,88;5,75;5,63;5,50;5,38;5,25;5,13;5,00;4,69
43547;2;naviják SHIMANO SEDONA 4000 XGFI;70,72;1;70,72;51,10;23;1;70,72;;67,89;66,48;65,06;63,65;62,23;60,82;59,40;57,99;56,58;53,04
46681;3;"Nástraha FANATIK Larva LUX 1,6""; 4,3 cm, 10 ks";4,26;1;4,26;2,60;23;1;2,56;;2,56;2,56;2,56;2,56;2,56;2,56;2,56;2,56;2,56;2,56
46683;3;"Nástraha FANATIK Larva LUX 1,6""; 4,3 cm, 10 ks";4,26;1;4,26;2,60;23;1;2,56;;2,56;2,56;2,56;2,56;2,56;2,56;2,56;2,56;2,56;2,56
46685;3;"Nástraha FANATIK Larva LUX 1,6""; 4,3 cm, 10 ks";4,26;1;4,26;2,60;23;1;2,56;;2,56;2,56;2,56;2,56;2,56;2,56;2,56;2,56;2,56;2,56
46687;3;"Nástraha FANATIK Larva LUX 1,6""; 4,3 cm, 10 ks";4,26;1;4,26;2,60;23;1;2,56;;2,56;2,56;2,56;2,56;2,56;2,56;2,56;2,56;2,56;2,56
96684;4;Nástraha FANATIC Mik Maus 5 cm, 8 ks;4,26;1;4,26;2,60;23;1;2,56;;2,56;2,56;2,56;2,56;2,56;2,56;2,56;2,56;2,56;2,56
96685;4;Nástraha FANATIC Mik Maus 5 cm, 8 ks;4,26;1;4,26;2,60;23;1;2,56;;2,56;2,56;2,56;2,56;2,56;2,56;2,56;2,56;2,56;2,56
96845;4;Nástraha FANATIC Mik Maus 5 cm, 8 ks;4,26;1;4,26;2,60;23;1;2,56;;2,56;2,56;2,56;2,56;2,56;2,56;2,56;2,56;2,56;2,56
3963P-S;;Boilie MIKBAITS Spiceman Pikantná slivka;15,97;1;15,97;12,50;23;1;15,97;10;15,33;15,01;14,69;14,37;14,37;14,37;14,37;14,37;14,37;14,37
19327X;5;SET = 2x naviják CARPEX F-Runner QD;100,45;1;100,45;42,40;23;1;100,45;;96,43;94,42;92,41;90,41;88,40;86,39;84,38;82,37;80,36;75,34
19328X;5;SET = 2x naviják CARPEX F-Runner QD;106,00;1;106,00;50,94;23;1;106,00;;101,76;99,64;97,52;95,40;93,28;91,16;89,04;86,92;84,80;79,50
46692;6;"nástraha FANATIC Larva LUX 3,0; 7,5 cm, #023, 6 ks";5,33;1;5,33;1,09;23;1;3,20;;3,20;3,20;3,20;3,20;3,20;3,20;3,20;3,20;3,20;3,20
46694;6;"nástraha FANATIC Larva LUX 3,0; 7,5 cm, #023, 6 ks";5,33;1;5,33;1,09;23;1;3,20;;3,20;3,20;3,20;3,20;3,20;3,20;3,20;3,20;3,20;3,20
46697;6;"nástraha FANATIC Larva LUX 3,0; 7,5 cm, #023, 6 ks";5,33;1;5,33;3,26;23;1;3,20;;3,20;3,20;3,20;3,20;3,20;3,20;3,20;3,20;3,20;3,20
46702;6;"nástraha FANATIC Larva LUX 3,0; 7,5 cm, #023, 6 ks";5,33;1;5,33;1,09;23;1;3,20;;3,20;3,20;3,20;3,20;3,20;3,20;3,20;3,20;3,20;3,20
39769;;signalizátor pre sadu DELPHIN Totem, zelený;28,95;1;28,95;15,03;23;1;24,61;25;24,61;24,61;24,61;24,61;24,61;24,61;24,32;23,74;23,16;21,71
100526;;Vobler ROBINSON Hogan F70, 7cm, 11g, Blue Clown;6,67;1;6,67;3,36;23;1;6,67;;6,40;6,27;6,14;6,00;5,87;5,74;5,60;5,47;5,34;5,00
100623;;Škrabka PRIME so zásobníkom a nožom;7,07;1;7,07;3,00;23;1;7,07;;6,79;6,65;6,50;6,36;6,22;6,08;5,94;5,80;5,66;5,30
100722;;Nástraha ROBINSON Ripper Longinus, 18 cm, Perch Shiner;4,30;1;4,30;1,98;23;1;4,30;;4,13;4,04;3,96;3,87;3,78;3,70;3,61;3,53;3,44;3,23
100737;7;Prút ROBINSON Flexcore Feeder;57,00;1;57,00;24,13;23;1;57,00;;54,72;53,58;52,44;51,30;50,16;49,02;47,88;46,74;45,60;42,75
100738;7;Prút ROBINSON Flexcore Feeder;58,40;1;58,40;24,69;23;1;58,40;;56,06;54,90;53,73;52,56;51,39;50,22;49,06;47,89;46,72;43,80
100739;7;Prút ROBINSON Flexcore Feeder;59,70;1;59,70;27,22;23;1;59,70;;57,31;56,12;54,92;53,73;52,54;51,34;50,15;48,95;47,76;44,78
100778;;Forma Method Feeder Fans Push;3,49;1;3,49;1,77;23;1;3,49;;3,35;3,28;3,21;3,14;3,07;3,00;2,93;2,86;2,79;2,62
104049;;Vozík SENSAS Trolley Club;75,95;1;75,95;33,89;23;1;75,95;;72,91;71,39;69,87;68,36;66,84;65,32;63,80;62,28;60,76;56,96
104079;8;Boilie STARBAITS Pro Ginger & Squid Pop Up;6,70;1;6,70;3,01;23;1;6,70;;6,43;6,30;6,16;6,03;5,90;5,76;5,63;5,49;5,36;5,03
104080;8;Boilie STARBAITS Pro Ginger & Squid Pop Up;6,70;1;6,70;3,01;23;1;6,70;;6,43;6,30;6,16;6,03;5,90;5,76;5,63;5,49;5,36;5,03
104094;9;Boilie STARBAITS Pro Ginger & Squid, 800 g;12,82;1;12,82;5,79;23;1;12,82;;12,31;12,05;11,79;11,54;11,28;11,03;10,77;10,51;10,26;9,62
104095;9;Boilie STARBAITS Pro Ginger & Squid, 800 g;12,82;1;12,82;5,79;23;1;12,82;;12,31;12,05;11,79;11,54;11,28;11,03;10,77;10,51;10,26;9,62
104109;;Dip STARBAITS PRO Ginger & Squid Boost/ Glug;9,59;1;9,59;4,40;23;1;9,59;;9,21;9,01;8,82;8,63;8,44;8,25;8,06;7,86;7,67;7,19
104146;10;Boilie STARBAITS Hold Up v dipe;6,20;1;6,20;2,95;23;1;6,20;;5,95;5,83;5,70;5,58;5,46;5,33;5,21;5,08;4,96;4,65
104147;10;Boilie STARBAITS Hold Up v dipe;6,70;1;6,70;3,10;23;1;6,70;;6,43;6,30;6,16;6,03;5,90;5,76;5,63;5,49;5,36;5,03
104169;;Nástraha GUNKI Boomer 21 g, Signal Frog;9,59;1;9,59;4,81;23;1;9,59;;9,21;9,01;8,82;8,63;8,44;8,25;8,06;7,86;7,67;7,19
104211;;Vobler ILLEX Suisen 4,3 cm;25,95;1;25,95;12,23;23;1;25,95;;24,91;24,39;23,87;23,36;22,84;22,32;21,80;21,28;20,76;19,46
104227;;Krabička ILLEX Tackle Box 255 Slit Foam;12,30;1;12,30;5,86;23;1;12,30;;11,81;11,56;11,32;11,07;10,82;10,58;10,33;10,09;9,84;9,23
104259;11;Boilie STARBAITS Hot Demon, 800 g;14,50;1;14,50;6,84;23;1;14,50;;13,92;13,63;13,34;13,05;12,76;12,47;12,18;11,89;11,60;10,88
74948;11;Boilie STARBAITS Hot Demon, 800 g;14,50;1;14,50;6,82;23;1;14,50;;13,92;13,63;13,34;13,05;12,76;12,47;12,18;11,89;11,60;10,88
74949;11;Boilie STARBAITS Hot Demon, 800 g;14,50;1;14,50;7,47;23;1;14,50;;13,92;13,63;13,34;13,05;12,76;12,47;12,18;11,89;11,60;10,88
74950;11;Boilie STARBAITS Hot Demon, 800 g;14,50;1;14,50;6,82;23;1;14,50;;13,92;13,63;13,34;13,05;12,76;12,47;12,18;11,89;11,60;10,88
104281;12;Boilie STARBAITS Hard Crayzi Fruit, 200 g;8,70;1;8,70;4,09;23;1;8,70;;8,35;8,18;8,00;7,83;7,66;7,48;7,31;7,13;6,96;6,53
104282;12;Boilie STARBAITS Hard Crayzi Fruit, 200 g;8,70;1;8,70;4,28;23;1;8,70;;8,35;8,18;8,00;7,83;7,66;7,48;7,31;7,13;6,96;6,53
104297;;Vedro STARBAITS Tourno Bucket Round, 15 l;10,60;1;10,60;4,57;23;1;10,60;;10,18;9,96;9,75;9,54;9,33;9,12;8,90;8,69;8,48;7,95
104317;;Boilie STARBAITS D-Solve SK30;26,95;1;26,95;13,27;23;1;26,95;;25,87;25,33;24,79;24,26;23,72;23,18;22,64;22,10;21,56;20,21
104334;;Method & Stick Mix STARBAITS Crazy Fruit 1,7 kg;15,50;1;15,50;7,86;23;1;15,50;;14,88;14,57;14,26;13,95;13,64;13,33;13,02;12,71;12,40;11,63
104374;13;Pletená šnúra GUNKI G’Braid 4X Game, 150 m;6,75;1;6,75;3,03;23;1;6,75;;6,48;6,35;6,21;6,08;5,94;5,81;5,67;5,54;5,40;5,06
104375;13;Pletená šnúra GUNKI G’Braid 4X Game, 150 m;6,75;1;6,75;3,33;23;1;6,75;;6,48;6,35;6,21;6,08;5,94;5,81;5,67;5,54;5,40;5,06
104376;13;Pletená šnúra GUNKI G’Braid 4X Game, 150 m;6,75;1;6,75;3,97;23;1;6,75;;6,48;6,35;6,21;6,08;5,94;5,81;5,67;5,54;5,40;5,06
104377;13;Pletená šnúra GUNKI G’Braid 4X Game, 150 m;6,75;1;6,75;3,33;23;1;6,75;;6,48;6,35;6,21;6,08;5,94;5,81;5,67;5,54;5,40;5,06
104391;;Vobler GUNKI Knifehead 68 SP DR, HL Minnow;10,50;1;10,50;4,55;23;1;10,50;;10,08;9,87;9,66;9,45;9,24;9,03;8,82;8,61;8,40;7,88
104407;;Nástraha ILLEX Runner Blade 7,2 cm, Blue Back Silver;12,95;1;12,95;6,12;23;1;12,95;;12,43;12,17;11,91;11,66;11,40;11,14;10,88;10,62;10,36;9,71
104424;;Vobler ILLEX Bleeker Toppy 50, SG Ayu;23,95;1;23,95;11,29;23;1;23,95;;22,99;22,51;22,03;21,56;21,08;20,60;20,12;19,64;19,16;17,96
112333;14;Čln STARKBOAT DT-360S s kýlom, zelený;1180,00;1;1180,00;825,99;23;1;1180,00;10;1132,80;1109,20;1085,60;1062,00;1062,00;1062,00;1062,00;1062,00;1062,00;1062,00
112334;14;Čln STARKBOAT DT-360S s kýlom, zelený;1130,00;1;1130,00;790,99;23;1;1130,00;10;1084,80;1062,20;1039,60;1017,00;1017,00;1017,00;1017,00;1017,00;1017,00;1017,00
112335;14;Čln STARKBOAT DT-360S s kýlom, zelený;1060,00;1;1060,00;742,00;23;1;1060,00;10;1017,60;996,40;975,20;954,00;954,00;954,00;954,00;954,00;954,00;954,00
112381;;Podsedák STARKBOAT, 85 cm, čierny;35,01;1;35,01;16,79;23;1;35,01;10;33,61;32,91;32,21;31,51;31,51;31,51;31,51;31,51;31,51;31,51
112824;;Mletá káva FISHING POINT Different Coffe v plechovke, 150 g;9,90;1;9,90;;23;1;9,90;;9,50;9,31;9,11;8,91;8,71;8,51;8,32;8,12;7,92;7,43
13608;;Držiak rohatinka - zadná U;1,64;1;1,64;0,97;23;1;1,64;;1,57;1,54;1,51;1,48;1,44;1,41;1,38;1,34;1,31;1,23
14839;;Čln KOLIBRI KM-360 DXL šedý, hliníková podlaha;1932,12;1;1932,12;1413,60;23;1;1932,12;10;1854,84;1816,19;1777,55;1738,91;1738,91;1738,91;1738,91;1738,91;1738,91;1738,91
31342;15;Vobler ROBINSON Frog 4,5cm;7,07;1;7,07;3,50;23;1;7,07;;6,79;6,65;6,50;6,36;6,22;6,08;5,94;5,80;5,66;5,30
31343;15;Vobler ROBINSON Frog 4,5cm;6,90;1;6,90;3,87;23;1;6,90;;6,62;6,49;6,35;6,21;6,07;5,93;5,80;5,66;5,52;5,18
31344;15;Vobler ROBINSON Frog 4,5cm;7,07;1;7,07;3,50;23;1;7,07;;6,79;6,65;6,50;6,36;6,22;6,08;5,94;5,80;5,66;5,30
31513;;Sťahovacia páska ROBINSON na prúty;1,80;1;1,80;1,08;23;1;1,80;;1,73;1,69;1,66;1,62;1,58;1,55;1,51;1,48;1,44;1,35
31877;16;Naviják CARPEX Galloper FD;25,73;1;25,73;11,42;23;1;25,73;;24,70;24,19;23,67;23,16;22,64;22,13;21,61;21,10;20,58;19,30
31878;16;Naviják CARPEX Galloper FD;23,58;1;23,58;10,01;23;1;23,58;;22,64;22,17;21,69;21,22;20,75;20,28;19,81;19,34;18,86;17,69
33197;;Sprej MIKBAITS Neo Spray 30 ml;7,49;1;7,49;5,61;23;1;7,49;10;7,19;7,04;6,89;6,74;6,74;6,74;6,74;6,74;6,74;6,74
33232;17;Boilie MIKBAITS Spiceman v dipe;7,20;1;7,20;5,49;23;1;7,20;10;6,91;6,77;6,62;6,48;6,48;6,48;6,48;6,48;6,48;6,48
33233;17;Boilie MIKBAITS Spiceman v dipe;7,20;1;7,20;5,36;23;1;7,20;10;6,91;6,77;6,62;6,48;6,48;6,48;6,48;6,48;6,48;6,48
33234;17;Boilie MIKBAITS Spiceman v dipe;7,38;1;7,38;5,16;23;1;7,38;10;7,08;6,94;6,79;6,64;6,64;6,64;6,64;6,64;6,64;6,64
33240;17;Boilie MIKBAITS Spiceman v dipe;7,38;1;7,38;5,46;23;1;7,38;10;7,08;6,94;6,79;6,64;6,64;6,64;6,64;6,64;6,64;6,64
33241;17;Boilie MIKBAITS Spiceman v dipe;7,20;1;7,20;5,36;23;1;7,20;10;6,91;6,77;6,62;6,48;6,48;6,48;6,48;6,48;6,48;6,48
33286;17;Boilie MIKBAITS Spiceman v dipe;7,20;1;7,20;5,49;23;1;7,20;10;6,91;6,77;6,62;6,48;6,48;6,48;6,48;6,48;6,48;6,48
33287;17;Boilie MIKBAITS Spiceman v dipe;7,20;1;7,20;5,98;23;1;7,20;10;6,91;6,77;6,62;6,48;6,48;6,48;6,48;6,48;6,48;6,48
33288;17;Boilie MIKBAITS Spiceman v dipe;7,20;1;7,20;5,49;23;1;7,20;10;6,91;6,77;6,62;6,48;6,48;6,48;6,48;6,48;6,48;6,48
33289;17;Boilie MIKBAITS Spiceman v dipe;7,20;1;7,20;5,49;23;1;7,20;10;6,91;6,77;6,62;6,48;6,48;6,48;6,48;6,48;6,48;6,48
33250;18;Boilie MIKBAITS Spiceman WS3 Crab Butyric, 300 g;5,56;1;5,56;4,48;23;1;5,56;10;5,34;5,23;5,12;5,00;5,00;5,00;5,00;5,00;5,00;5,00
33251;18;Boilie MIKBAITS Spiceman WS3 Crab Butyric, 300 g;6,00;1;6,00;4,48;23;1;6,00;10;5,76;5,64;5,52;5,40;5,40;5,40;5,40;5,40;5,40;5,40
33279;;Tekutá potrava MIKBAITS Squid Hydro, 300ml;12,26;1;12,26;8,80;23;1;12,26;10;11,77;11,52;11,28;11,03;11,03;11,03;11,03;11,03;11,03;11,03
33331;19;Booster MIKBAITS Chilli Chips;8,79;1;8,79;6,68;23;1;8,79;10;8,44;8,26;8,09;7,91;7,91;7,91;7,91;7,91;7,91;7,91
33332;19;Booster MIKBAITS Chilli Chips;8,79;1;8,79;6,56;23;1;8,79;10;8,44;8,26;8,09;7,91;7,91;7,91;7,91;7,91;7,91;7,91
33333;19;Booster MIKBAITS Chilli Chips;8,79;1;8,79;6,80;23;1;8,79;10;8,44;8,26;8,09;7,91;7,91;7,91;7,91;7,91;7,91;7,91
33334;19;Booster MIKBAITS Chilli Chips;8,79;1;8,79;6,56;23;1;8,79;10;8,44;8,26;8,09;7,91;7,91;7,91;7,91;7,91;7,91;7,91
33353;19;Booster MIKBAITS Chilli Chips;8,79;1;8,79;6,56;23;1;8,79;10;8,44;8,26;8,09;7,91;7,91;7,91;7,91;7,91;7,91;7,91
41436;;Prívlačová taška GIANTS FISHING Spinning Bag Luxury MK2;43,64;1;43,64;23,05;23;1;43,64;;41,89;41,02;40,15;39,28;38,40;37,53;36,66;35,78;34,91;32,73
41452;;Predĺžené nohy GIANTS FISHING Luxury Extended Legs for Rod Pod, 2 ks;19,82;1;19,82;10,47;23;1;19,82;;19,03;18,63;18,23;17,84;17,44;17,05;16,65;16,25;15,86;14,87
41485;;Puzdro GIANTS FISHING Rod Holdall Luxury 2 Rod, 150 cm;75,01;1;75,01;38,17;23;1;75,01;;72,01;70,51;69,01;67,51;66,01;64,51;63,01;61,51;60,01;56,26
41553;;Lehátko GIANT FISHING Gaube XT Bedchair 8 Leg;150,86;1;150,86;76,72;23;1;150,86;;144,83;141,81;138,79;135,77;132,76;129,74;126,72;123,71;120,69;113,15
41576;;Okuliare GIANTS FISHING Polarized Glasses Deluxe 2;17,84;1;17,84;9,05;23;1;17,84;;17,13;16,77;16,41;16,06;15,70;15,34;14,99;14,63;14,27;13,38
41625;20;Háčik GARDNER Covert Dark Wide Gape Talon Tip;7,11;1;7,11;3,75;23;1;7,11;;6,83;6,68;6,54;6,40;6,26;6,11;5,97;5,83;5,69;5,33
41627;20;Háčik GARDNER Covert Dark Wide Gape Talon Tip;7,38;1;7,38;3,90;23;1;7,38;;7,08;6,94;6,79;6,64;6,49;6,35;6,20;6,05;5,90;5,54
41628;20;Háčik GARDNER Covert Dark Wide Gape Talon Tip;7,11;1;7,11;3,82;23;1;7,11;;6,83;6,68;6,54;6,40;6,26;6,11;5,97;5,83;5,69;5,33
41679;;Taška GIANTS FISHING Wash Bag;20,58;1;20,58;10,47;23;1;20,58;;19,76;19,35;18,93;18,52;18,11;17,70;17,29;16,88;16,46;15,44
41714;;Navijak GIANTS FISHING Deluxe Reel FS 9000 + cievka10000;75,41;1;75,41;39,83;23;1;75,41;;72,39;70,89;69,38;67,87;66,36;64,85;63,34;61,84;60,33;56,56
41733;21;Rozpustné boilie CARP INFERNO Hot Line Medúza;5,73;1;5,73;3,22;23;1;5,73;;5,50;5,39;5,27;5,16;5,04;4,93;4,81;4,70;4,58;4,30
41734;21;Rozpustné boilie CARP INFERNO Hot Line Medúza;15,84;1;15,84;9,19;23;1;15,84;;15,21;14,89;14,57;14,26;13,94;13,62;13,31;12,99;12,67;11,88
41755;22;Šokový vlasec GIANTS FISHING Tapered Shock Leader 5x15m;9,45;1;9,45;4,78;23;1;9,45;;9,07;8,88;8,69;8,51;8,32;8,13;7,94;7,75;7,56;7,09
41756;22;Šokový vlasec GIANTS FISHING Tapered Shock Leader 5x15m;9,85;1;9,85;5,02;23;1;9,85;;9,46;9,26;9,06;8,87;8,67;8,47;8,27;8,08;7,88;7,39
41757;22;Šokový vlasec GIANTS FISHING Tapered Shock Leader 5x15m;10,28;1;10,28;5,43;23;1;10,28;;9,87;9,66;9,46;9,25;9,05;8,84;8,64;8,43;8,22;7,71
41775;;Podložka GIANTS FISHING Luxury Unhooking Mat;103,21;1;103,21;52,48;23;1;103,21;;99,08;97,02;94,95;92,89;90,82;88,76;86,70;84,63;82,57;77,41
41849;23;Háčiky GARDNER Specialist Hand Sharpened Covert Dark Continental Muga;12,30;1;12,30;6,66;23;1;12,30;;11,81;11,56;11,32;11,07;10,82;10,58;10,33;10,09;9,84;9,23
41850;23;Háčiky GARDNER Specialist Hand Sharpened Covert Dark Continental Muga;12,30;1;12,30;6,66;23;1;12,30;;11,81;11,56;11,32;11,07;10,82;10,58;10,33;10,09;9,84;9,23
41851;23;Háčiky GARDNER Specialist Hand Sharpened Covert Dark Continental Muga;11,87;1;11,87;6,54;23;1;11,87;;11,40;11,16;10,92;10,68;10,45;10,21;9,97;9,73;9,50;8,90
55696;24;Šnúra MIVARDI Skinline Strip Shield;14,99;1;14,99;8,02;23;1;13,49;10;13,49;13,49;13,49;13,49;13,49;13,49;13,49;13,49;13,49;13,49
55861;24;Šnúra MIVARDI Skinline Strip Shield;14,99;1;14,99;6,61;23;1;13,49;10;13,49;13,49;13,49;13,49;13,49;13,49;13,49;13,49;13,49;13,49
55867;;Klip MIVARDI Safety lead Clips With Pin;1,99;1;1,99;0,94;23;1;1,79;10;1,79;1,79;1,79;1,79;1,79;1,79;1,79;1,79;1,79;1,79
55986;;Kreslo MIVARDI CamoCode Express;66,99;1;66,99;34,47;23;1;60,29;10;60,29;60,29;60,29;60,29;60,29;60,29;60,29;60,29;60,29;60,29
56014;;SET 3x swinger MIVARDI Hanger MCX Stainless Multicolor;54,99;1;54,99;27,54;23;1;49,49;10;49,49;49,49;49,49;49,49;49,49;49,49;49,49;49,49;49,49;49,49
56098;;Šnúra MIVARDI Survivor 30 lb, 20 m;13,22;1;13,22;6,09;23;1;11,90;10;11,90;11,90;11,90;11,90;11,90;11,90;11,90;11,90;11,90;11,90
56123;;Krmivo MIVARDI V1 Sweet Halibut;6,99;1;6,99;3,85;23;1;6,29;10;6,29;6,29;6,29;6,29;6,29;6,29;6,29;6,29;6,29;6,29
56152;;Krabička MIVARDI Mini 3;1,99;1;1,99;1,00;23;1;1,79;10;1,79;1,79;1,79;1,79;1,79;1,79;1,79;1,79;1,79;1,79
56176;;Krmivo Team MIVARDI M1 Big Roach;4,99;1;4,99;2,87;23;1;4,49;10;4,49;4,49;4,49;4,49;4,49;4,49;4,49;4,49;4,49;4,49
56201;;Partikel MIVARDI Method Sladká kukurica;6,14;1;6,14;3,30;23;1;5,53;10;5,53;5,53;5,53;5,53;5,53;5,53;5,53;5,53;5,53;5,53
56218;;Booster MIVARDI Method gel, Jahoda;4,29;1;4,29;2,36;23;1;3,86;10;3,86;3,86;3,86;3,86;3,86;3,86;3,86;3,86;3,86;3,86
56240;25;Partikel MIVARDI Kukurica - Vanilka;3,49;1;3,49;1,81;23;1;3,14;10;3,14;3,14;3,14;3,14;3,14;3,14;3,14;3,14;3,14;3,14
56249;25;Partikel MIVARDI Kukurica - Vanilka;7,16;1;7,16;3,85;23;1;6,44;10;6,44;6,44;6,44;6,44;6,44;6,44;6,44;6,44;6,44;6,44
56259;;Navijak MIVARDI Precision Feeder;40,98;1;40,98;20,03;23;1;36,88;10;36,88;36,88;36,88;36,88;36,88;36,88;36,88;36,88;36,88;36,88
65905;26;Prút SPORTEX Intense Carp;717,45;1;717,45;399,75;23;1;717,45;;688,75;674,40;660,05;645,71;631,36;617,01;602,66;588,31;573,96;538,09
65907;26;Prút SPORTEX Intense Carp;819,95;1;819,95;460,00;23;1;819,95;;787,15;770,75;754,35;737,96;721,56;705,16;688,76;672,36;655,96;614,96
65939;27;Termo spodky GEOFF Anderson WizWool 210, šedé;143,50;1;143,50;97,59;23;1;143,50;;137,76;134,89;132,02;129,15;126,28;123,41;120,54;117,67;114,80;107,63
65940;27;Termo spodky GEOFF Anderson WizWool 210, šedé;143,50;1;143,50;97,59;23;1;143,50;;137,76;134,89;132,02;129,15;126,28;123,41;120,54;117,67;114,80;107,63
65941;27;Termo spodky GEOFF Anderson WizWool 210, šedé;143,50;1;143,50;97,59;23;1;143,50;;137,76;134,89;132,02;129,15;126,28;123,41;120,54;117,67;114,80;107,63
65942;27;Termo spodky GEOFF Anderson WizWool 210, šedé;143,50;1;143,50;97,59;23;1;143,50;;137,76;134,89;132,02;129,15;126,28;123,41;120,54;117,67;114,80;107,63
65943;27;Termo spodky GEOFF Anderson WizWool 210, šedé;143,50;1;143,50;97,59;23;1;143,50;;137,76;134,89;132,02;129,15;126,28;123,41;120,54;117,67;114,80;107,63
65944;27;Termo spodky GEOFF Anderson WizWool 210, šedé;143,50;1;143,50;97,59;23;1;143,50;;137,76;134,89;132,02;129,15;126,28;123,41;120,54;117,67;114,80;107,63
65945;27;Termo spodky GEOFF Anderson WizWool 210, šedé;143,50;1;143,50;97,59;23;1;143,50;;137,76;134,89;132,02;129,15;126,28;123,41;120,54;117,67;114,80;107,63
65971;28;Nepremokavá bunda GEOFF Anderson Dozer Light;479,00;1;479,00;326,20;23;1;479,00;;459,84;450,26;440,68;431,10;421,52;411,94;402,36;392,78;383,20;359,25
65972;28;Nepremokavá bunda GEOFF Anderson Dozer Light;479,00;1;479,00;326,20;23;1;479,00;;459,84;450,26;440,68;431,10;421,52;411,94;402,36;392,78;383,20;359,25
65973;28;Nepremokavá bunda GEOFF Anderson Dozer Light;479,00;1;479,00;326,20;23;1;479,00;;459,84;450,26;440,68;431,10;421,52;411,94;402,36;392,78;383,20;359,25
65974;28;Nepremokavá bunda GEOFF Anderson Dozer Light;479,00;1;479,00;326,20;23;1;479,00;;459,84;450,26;440,68;431,10;421,52;411,94;402,36;392,78;383,20;359,25
65975;28;Nepremokavá bunda GEOFF Anderson Dozer Light;479,00;1;479,00;326,20;23;1;479,00;;459,84;450,26;440,68;431,10;421,52;411,94;402,36;392,78;383,20;359,25
65976;28;Nepremokavá bunda GEOFF Anderson Dozer Light;479,00;1;479,00;326,20;23;1;479,00;;459,84;450,26;440,68;431,10;421,52;411,94;402,36;392,78;383,20;359,25
66100;;Dip CarpZoom Amur Amino;3,70;1;3,70;2,24;23;1;3,70;;3,55;3,48;3,40;3,33;3,26;3,18;3,11;3,03;2,96;2,78
66591;;Šatka QUANTUM Scraft;10,20;1;10,20;2,97;23;1;10,20;;9,79;9,59;9,38;9,18;8,98;8,77;8,57;8,36;8,16;7,65
66781;;Dip RADICAL Smashed Fish;9,95;1;;;23;1;;30;9,55;9,35;9,15;8,96;8,76;8,56;8,36;8,16;7,96;7,46
66849;;Peračník RHINO Rig Box Keeper;17,93;1;17,93;5,63;23;1;17,93;;17,21;16,85;16,50;16,14;15,78;15,42;15,06;14,70;14,34;13,45
66874;;Nadväzec ZEBCO Z-Carp Multi Rig;2,51;1;2,51;0,53;23;1;2,51;;2,41;2,36;2,31;2,26;2,21;2,16;2,11;2,06;2,01;1,88
66905;;Plandavka QUANTUM Bloody Inliner 4g, Pink/ White;7,43;1;7,43;0,99;23;1;7,43;;7,13;6,98;6,84;6,69;6,54;6,39;6,24;6,09;5,94;5,57
67028;29;Pean MIKADO zahnutý;8,65;1;8,65;3,95;23;1;7,87;25;7,87;7,87;7,87;7,79;7,61;7,44;7,27;7,09;6,92;6,49
67029;29;Pean MIKADO zahnutý;8,00;1;8,00;3,26;23;1;7,28;25;7,28;7,28;7,28;7,20;7,04;6,88;6,72;6,56;6,40;6,00
67383;29;Pean MIKADO zahnutý;4,30;1;4,30;2,09;23;1;3,91;25;3,91;3,91;3,91;3,87;3,78;3,70;3,61;3,53;3,44;3,23
67384;29;Pean MIKADO zahnutý;4,80;1;4,80;2,11;23;1;4,37;25;4,37;4,37;4,37;4,32;4,22;4,13;4,03;3,94;3,84;3,60
67385;29;Pean MIKADO zahnutý;4,50;1;4,50;2,30;23;1;4,10;25;4,10;4,10;4,10;4,05;3,96;3,87;3,78;3,69;3,60;3,38
67386;29;Pean MIKADO zahnutý;5,58;1;5,58;2,69;23;1;5,08;25;5,08;5,08;5,08;5,02;4,91;4,80;4,69;4,58;4,46;4,19
67387;29;Pean MIKADO zahnutý;5,99;1;5,99;2,97;23;1;5,45;25;5,45;5,45;5,45;5,39;5,27;5,15;5,03;4,91;4,79;4,49
67041;;Stolík MIKADO Folded Carp Table;17,68;1;17,68;8,00;23;1;16,09;25;16,09;16,09;16,09;15,91;15,56;15,20;14,85;14,50;14,14;13,26
74631;;Krmivo SENSAS 3000 Carp Tasty Garlic (cesnak);5,30;1;5,30;2,62;23;1;5,30;;5,09;4,98;4,88;4,77;4,66;4,56;4,45;4,35;4,24;3,98
74665;;Dip STARBAITS Ocean Tuna;11,50;1;11,50;5,64;23;1;11,50;;11,04;10,81;10,58;10,35;10,12;9,89;9,66;9,43;9,20;8,63
74748;;Partikel STARBAITS Ready Seeds SK30 Bright Corn (kukurica);6,86;1;6,86;3,14;23;1;6,86;;6,59;6,45;6,31;6,17;6,04;5,90;5,76;5,63;5,49;5,15
74806;30;Nástraha ILLEX Magic Slim Shad 5 cm;1,37;1;1,37;0,69;23;1;1,37;;1,32;1,29;1,26;1,23;1,21;1,18;1,15;1,12;1,10;1,03
74807;30;Nástraha ILLEX Magic Slim Shad 5 cm;1,37;1;1,37;0,69;23;1;1,37;;1,32;1,29;1,26;1,23;1,21;1,18;1,15;1,12;1,10;1,03
74808;30;Nástraha ILLEX Magic Slim Shad 5 cm;1,37;1;1,37;;23;1;1,37;;1,32;1,29;1,26;1,23;1,21;1,18;1,15;1,12;1,10;1,03
74809;30;Nástraha ILLEX Magic Slim Shad 5 cm;1,53;1;1,53;;23;1;1,53;;1,47;1,44;1,41;1,38;1,35;1,32;1,29;1,25;1,22;1,15
74810;30;Nástraha ILLEX Magic Slim Shad 5 cm;1,37;1;1,37;0,69;23;1;1,37;;1,32;1,29;1,26;1,23;1,21;1,18;1,15;1,12;1,10;1,03
74826;31;Posilňovač tekutý SENSAS Aromix Carp Tasty;6,75;1;6,75;3,29;23;1;6,75;;6,48;6,35;6,21;6,08;5,94;5,81;5,67;5,54;5,40;5,06
74827;31;Posilňovač tekutý SENSAS Aromix Carp Tasty;6,75;1;6,75;3,41;23;1;6,75;;6,48;6,35;6,21;6,08;5,94;5,81;5,67;5,54;5,40;5,06
74828;31;Posilňovač tekutý SENSAS Aromix Carp Tasty;6,75;1;6,75;3,41;23;1;6,75;;6,48;6,35;6,21;6,08;5,94;5,81;5,67;5,54;5,40;5,06
74830;31;Posilňovač tekutý SENSAS Aromix Carp Tasty;6,75;1;6,75;3,18;23;1;6,75;;6,48;6,35;6,21;6,08;5,94;5,81;5,67;5,54;5,40;5,06
74831;31;Posilňovač tekutý SENSAS Aromix Carp Tasty;6,75;1;6,75;3,18;23;1;6,75;;6,48;6,35;6,21;6,08;5,94;5,81;5,67;5,54;5,40;5,06
74832;31;Posilňovač tekutý SENSAS Aromix Carp Tasty;6,75;1;6,75;3,41;23;1;6,75;;6,48;6,35;6,21;6,08;5,94;5,81;5,67;5,54;5,40;5,06
74910;;Boilie STARBAITS Grab & Go Global Pop Up Sweet Corn;3,70;1;3,70;1,88;23;1;3,70;;3,55;3,48;3,40;3,33;3,26;3,18;3,11;3,03;2,96;2,78
75523;;Rovnátka MISTRALL zelené;1,40;1;1,40;0,73;23;1;1,40;;1,34;1,32;1,29;1,26;1,23;1,20;1,18;1,15;1,12;1,05
75581;32;Olovo MISTRALL Oliva priebežná, 4 ks;0,77;1;0,77;0,44;23;1;0,77;;0,74;0,72;0,71;0,69;0,68;0,66;0,65;0,63;0,62;0,58
75582;32;Olovo MISTRALL Oliva priebežná, 4 ks;0,95;1;0,95;0,54;23;1;0,95;;0,91;0,89;0,87;0,86;0,84;0,82;0,80;0,78;0,76;0,71
75583;32;Olovo MISTRALL Oliva priebežná, 4 ks;0,95;1;0,95;0,57;23;1;0,95;;0,91;0,89;0,87;0,86;0,84;0,82;0,80;0,78;0,76;0,71
75584;32;Olovo MISTRALL Oliva priebežná, 4 ks;1,00;1;1,00;0,57;23;1;1,00;;0,96;0,94;0,92;0,90;0,88;0,86;0,84;0,82;0,80;0,75
75585;32;Olovo MISTRALL Oliva priebežná, 4 ks;1,09;1;1,09;0,63;23;1;1,09;;1,05;1,02;1,00;0,98;0,96;0,94;0,92;0,89;0,87;0,82
75586;32;Olovo MISTRALL Oliva priebežná, 4 ks;1,44;1;1,44;0,80;23;1;1,44;;1,38;1,35;1,32;1,30;1,27;1,24;1,21;1,18;1,15;1,08
75588;32;Olovo MISTRALL Oliva priebežná, 4 ks;2,40;1;2,40;1,37;23;1;2,40;;2,30;2,26;2,21;2,16;2,11;2,06;2,02;1,97;1,92;1,80
83181;;SET 8x twister FOX Micro Grub Tail Mixed Colour;7,49;1;7,49;3,15;23;1;7,49;;7,19;7,04;6,89;6,74;6,59;6,44;6,29;6,14;5,99;5,62
83487;33;Nástraha FOX Rage Spikey Shad, UV Red head;1,53;1;1,53;0,67;23;1;1,53;;1,47;1,44;1,41;1,38;1,35;1,32;1,29;1,25;1,22;1,15
83489;33;Nástraha FOX Rage Spikey Shad, UV Red head;0,81;1;0,81;0,36;23;1;0,81;;0,78;0,76;0,75;0,73;0,71;0,70;0,68;0,66;0,65;0,61
83571;34;Set nástrah FOX Rage Zander Pro Shads Green Pumpkin, 5 ks;5,12;1;5,12;2,25;23;1;5,12;;4,92;4,81;4,71;4,61;4,51;4,40;4,30;4,20;4,10;3,84
83573;34;Set nástrah FOX Rage Zander Pro Shads Green Pumpkin, 5 ks;7,68;1;7,68;3,38;23;1;7,68;;7,37;7,22;7,07;6,91;6,76;6,60;6,45;6,30;6,14;5,76
83614;;Krabička FOX Edges Hook Boxes X3;5,99;1;5,99;2,79;23;1;5,99;;5,75;5,63;5,51;5,39;5,27;5,15;5,03;4,91;4,79;4,49
8364;;Rybársky plavák PL 5C;1,23;1;1,23;0,82;23;1;1,23;;1,18;1,16;1,13;1,11;1,08;1,06;1,03;1,01;0,98;0,92
83735;;Bivak FOX Voyager 1 Person Bivvy;480,00;1;480,00;247,99;23;1;480,00;;460,80;451,20;441,60;432,00;422,40;412,80;403,20;393,60;384,00;360,00
90120;;Stojan DELPHIN RodPod RPX Stalk BlackWay;115,95;1;115,95;66,26;23;1;98,56;25;98,56;98,56;98,56;98,56;98,56;98,56;97,40;95,08;92,76;86,96
90204;35;Puzdro DELPHIN Porta+Plus;50,95;1;50,95;25,87;23;1;43,31;25;43,31;43,31;43,31;43,31;43,31;43,31;42,80;41,78;40,76;38,21
90205;35;Puzdro DELPHIN Porta+Plus;49,95;1;49,95;25,35;23;1;42,46;25;42,46;42,46;42,46;42,46;42,46;42,46;41,96;40,96;39,96;37,46
90206;35;Puzdro DELPHIN Porta+Plus;54,94;1;54,94;26,88;23;1;46,70;25;46,70;46,70;46,70;46,70;46,70;46,70;46,15;45,05;43,95;41,21
90207;35;Puzdro DELPHIN Porta+Plus;56,95;1;56,95;31,23;23;1;48,41;25;48,41;48,41;48,41;48,41;48,41;48,41;47,84;46,70;45,56;42,71
90208;35;Puzdro DELPHIN Porta+Plus;59,95;1;59,95;30,43;23;1;50,96;25;50,96;50,96;50,96;50,96;50,96;50,96;50,36;49,16;47,96;44,96
93332;35;Puzdro DELPHIN Porta+Plus;61,96;1;61,96;30,43;23;1;52,67;25;52,67;52,67;52,67;52,67;52,67;52,67;52,05;50,81;49,57;46,47
90254;;Multifunkčná šatka DELPHIN Kapor I Uni;4,70;1;4,70;2,15;23;1;4,00;25;4,00;4,00;4,00;4,00;4,00;4,00;3,95;3,85;3,76;3,53
90381;36;Háčiky DELPHIN HKD Hammer;2,40;1;2,40;1,01;23;1;2,04;25;2,04;2,04;2,04;2,04;2,04;2,04;2,02;1,97;1,92;1,80
90382;36;Háčiky DELPHIN HKD Hammer;2,40;1;2,40;1,06;23;1;2,04;25;2,04;2,04;2,04;2,04;2,04;2,04;2,02;1,97;1,92;1,80
90455;37;Sito DELPHIN Atoma RoundMesh;13,51;1;13,51;7,70;23;1;11,48;25;11,48;11,48;11,48;11,48;11,48;11,48;11,35;11,08;10,81;10,13
90456;37;Sito DELPHIN Atoma RoundMesh;15,50;1;15,50;8,86;23;1;13,18;25;13,18;13,18;13,18;13,18;13,18;13,18;13,02;12,71;12,40;11,63
90573;38;Trojháčiky DELPHIN Bomb! GripHook Triple;4,00;1;4,00;1,94;23;1;3,40;25;3,40;3,40;3,40;3,40;3,40;3,40;3,36;3,28;3,20;3,00
90574;38;Trojháčiky DELPHIN Bomb! GripHook Triple;4,19;1;4,19;1,94;23;1;3,56;25;3,56;3,56;3,56;3,56;3,56;3,56;3,52;3,44;3,35;3,14
90575;38;Trojháčiky DELPHIN Bomb! GripHook Triple;4,19;1;4,19;1,94;23;1;3,56;25;3,56;3,56;3,56;3,56;3,56;3,56;3,52;3,44;3,35;3,14
90599;;Vylovovacie kliešte DELPHIN Clamper;16,95;1;16,95;9,13;23;1;14,41;25;14,41;14,41;14,41;14,41;14,41;14,41;14,24;13,90;13,56;12,71
90709;39;Vlasec DELPHIN Mamba Carp Bronz;14,94;1;14,94;7,64;23;1;12,70;25;12,70;12,70;12,70;12,70;12,70;12,70;12,55;12,25;11,95;11,21
90713;39;Vlasec DELPHIN Mamba Carp Bronz;23,95;1;23,95;12,35;23;1;20,36;25;20,36;20,36;20,36;20,36;20,36;20,36;20,12;19,64;19,16;17,96
90714;39;Vlasec DELPHIN Mamba Carp Bronz;23,95;1;23,95;12,35;23;1;20,36;25;20,36;20,36;20,36;20,36;20,36;20,36;20,12;19,64;19,16;17,96
90715;39;Vlasec DELPHIN Mamba Carp Bronz;23,95;1;23,95;12,35;23;1;20,36;25;20,36;20,36;20,36;20,36;20,36;20,36;20,12;19,64;19,16;17,96
90759;40;Prút DELPHIN Symbol Cat Bronze;62,95;1;62,95;33,85;23;1;53,51;25;53,51;53,51;53,51;53,51;53,51;53,51;52,88;51,62;50,36;47,21
90760;40;Prút DELPHIN Symbol Cat Bronze;72,95;1;72,95;39,22;23;1;62,01;25;62,01;62,01;62,01;62,01;62,01;62,01;61,28;59,82;58,36;54,71
90761;40;Prút DELPHIN Symbol Cat Bronze;77,95;1;77,95;41,38;23;1;66,26;25;66,26;66,26;66,26;66,26;66,26;66,26;65,48;63,92;62,36;58,46
90796;;Okuliare DELPHIN SG Combo;21,96;1;21,96;11,81;23;1;18,67;25;18,67;18,67;18,67;18,67;18,67;18,67;18,45;18,01;17,57;16,47
92443;;Polarizačné okuliare DELPHIN SG Aquas;22,95;1;22,95;12,35;23;1;19,51;25;19,51;19,51;19,51;19,51;19,51;19,51;19,28;18,82;18,36;17,21
92461;41;Háčiky DELPHIN Thorn Longer, 11 ks;4,94;1;4,94;2,08;23;1;4,20;25;4,20;4,20;4,20;4,20;4,20;4,20;4,15;4,05;3,95;3,71
92462;41;Háčiky DELPHIN Thorn Longer, 11 ks;4,94;1;4,94;2,08;23;1;4,20;25;4,20;4,20;4,20;4,20;4,20;4,20;4,15;4,05;3,95;3,71
92463;41;Háčiky DELPHIN Thorn Longer, 11 ks;4,94;1;4,94;2,08;23;1;4,20;25;4,20;4,20;4,20;4,20;4,20;4,20;4,15;4,05;3,95;3,71
92476;42;Sada kolíkov DELPHIN Classa, 5 ks;7,50;1;7,50;3,74;23;1;6,38;25;6,38;6,38;6,38;6,38;6,38;6,38;6,30;6,15;6,00;5,63
92477;42;Sada kolíkov DELPHIN Classa, 5 ks;6,49;1;6,49;3,51;23;1;5,52;25;5,52;5,52;5,52;5,52;5,52;5,52;5,45;5,32;5,19;4,87
92494;43;Plávajúca podberáková hlava DELPHIN Reaxe FloateR FoldCube;23,95;1;23,95;12,88;23;1;20,36;25;20,36;20,36;20,36;20,36;20,36;20,36;20,12;19,64;19,16;17,96
92495;43;Plávajúca podberáková hlava DELPHIN Reaxe FloateR FoldCube;25,95;1;25,95;13,96;23;1;22,06;25;22,06;22,06;22,06;22,06;22,06;22,06;21,80;21,28;20,76;19,46
92496;43;Plávajúca podberáková hlava DELPHIN Reaxe FloateR FoldCube;28,95;1;28,95;15,56;23;1;24,61;25;24,61;24,61;24,61;24,61;24,61;24,61;24,32;23,74;23,16;21,71
92497;43;Plávajúca podberáková hlava DELPHIN Reaxe FloateR FoldCube;31,96;1;31,96;17,18;23;1;27,17;25;27,17;27,17;27,17;27,17;27,17;27,17;26,85;26,21;25,57;23,97
92560;44;Detské čižmy DELPHIN Yupie s vložkou;23,95;1;23,95;14,78;23;1;20,36;25;20,36;20,36;20,36;20,36;20,36;20,36;20,12;19,64;19,16;17,96
92561;44;Detské čižmy DELPHIN Yupie s vložkou;23,95;1;23,95;14,17;23;1;20,36;25;20,36;20,36;20,36;20,36;20,36;20,36;20,12;19,64;19,16;17,96
92562;44;Detské čižmy DELPHIN Yupie s vložkou;23,95;1;23,95;14,17;23;1;20,36;25;20,36;20,36;20,36;20,36;20,36;20,36;20,12;19,64;19,16;17,96
92563;44;Detské čižmy DELPHIN Yupie s vložkou;23,95;1;23,95;14,17;23;1;20,36;25;20,36;20,36;20,36;20,36;20,36;20,36;20,12;19,64;19,16;17,96
92564;44;Detské čižmy DELPHIN Yupie s vložkou;23,95;1;23,95;14,17;23;1;20,36;25;20,36;20,36;20,36;20,36;20,36;20,36;20,12;19,64;19,16;17,96
92565;44;Detské čižmy DELPHIN Yupie s vložkou;23,95;1;23,95;14,17;23;1;20,36;25;20,36;20,36;20,36;20,36;20,36;20,36;20,12;19,64;19,16;17,96
92566;44;Detské čižmy DELPHIN Yupie s vložkou;23,95;1;23,95;14,17;23;1;20,36;25;20,36;20,36;20,36;20,36;20,36;20,36;20,12;19,64;19,16;17,96
92618;45;Termo set DELPHIN ArmaX;27,95;1;27,95;14,58;23;1;23,76;25;23,76;23,76;23,76;23,76;23,76;23,76;23,48;22,92;22,36;20,96
92619;45;Termo set DELPHIN ArmaX;26,95;1;26,95;11,66;23;1;22,91;25;22,91;22,91;22,91;22,91;22,91;22,91;22,64;22,10;21,56;20,21
97390;;Nástraha KEITECH Easy Shiner 4,5 inch/ 11,43 cm, bal. 6 ks;7,38;1;7,38;5,64;23;1;7,38;;7,08;6,94;6,79;6,64;6,49;6,35;6,20;6,05;5,90;5,54
97627;46;Nástraha KEITECH Live Impact 10 cm;6,86;1;6,86;3,13;23;1;6,86;;6,59;6,45;6,31;6,17;6,04;5,90;5,76;5,63;5,49;5,15
97628;46;Nástraha KEITECH Live Impact 10 cm;6,86;1;6,86;3,13;23;1;6,86;;6,59;6,45;6,31;6,17;6,04;5,90;5,76;5,63;5,49;5,15
98027;;Kosačka HONDA HRN 536C VK EA;878,99;1;878,99;614,04;23;1;878,99;3;852,62;852,62;852,62;852,62;852,62;852,62;852,62;852,62;852,62;852,62
9909;;Kolík na vrtuľu ZICO;2,15;1;2,15;0,89;23;1;2,15;;2,06;2,02;1,98;1,94;1,89;1,85;1,81;1,76;1,72;1,61
99520;;Kotva STRONGER Anchor Dream AD-10 s rozšírením;85,58;1;85,58;60,70;23;1;85,58;10;82,16;80,45;78,73;77,02;77,02;77,02;77,02;77,02;77,02;77,02
99617;47;Motor HONDA BF10;2959,00;1;2959,00;;23;1;2959,00;3;2870,23;2870,23;2870,23;2870,23;2870,23;2870,23;2870,23;2870,23;2870,23;2870,23
99618;47;Motor HONDA BF10;3039,00;1;3039,00;2619,90;23;1;3039,00;3;2947,83;2947,83;2947,83;2947,83;2947,83;2947,83;2947,83;2947,83;2947,83;2947,83
99619;47;Motor HONDA BF10;3219,00;1;3219,00;2832,28;23;1;3219,00;3;3122,43;3122,43;3122,43;3122,43;3122,43;3122,43;3122,43;3122,43;3122,43;3122,43
99620;47;Motor HONDA BF10;3309,00;1;3309,00;2854,83;23;1;3309,00;3;3209,73;3209,73;3209,73;3209,73;3209,73;3209,73;3209,73;3209,73;3209,73;3209,73
99621;47;Motor HONDA BF10;3545,00;1;3545,00;;23;1;3545,00;3;3438,65;3438,65;3438,65;3438,65;3438,65;3438,65;3438,65;3438,65;3438,65;3438,65
99622;47;Motor HONDA BF10;3630,00;1;3630,00;;23;1;3630,00;3;3521,10;3521,10;3521,10;3521,10;3521,10;3521,10;3521,10;3521,10;3521,10;3521,10
99623;47;Motor HONDA BF10;3779,00;1;3779,00;;23;1;3779,00;3;3665,63;3665,63;3665,63;3665,63;3665,63;3665,63;3665,63;3665,63;3665,63;3665,63
99655;;Kosačka HONDA HRG 466 SKEH;619,00;1;;;23;1;;3;600,43;600,43;600,43;600,43;600,43;600,43;600,43;600,43;600,43;600,43
99683;48;Predĺženie HONDA Versatool adaptér;95,01;1;95,01;;23;1;95,01;3;92,16;92,16;92,16;92,16;92,16;92,16;92,16;92,16;92,16;92,16
99684;48;Predĺženie HONDA Versatool adaptér;125,00;1;125,00;;23;1;125,00;3;121,25;121,25;121,25;121,25;121,25;121,25;121,25;121,25;121,25;121,25
41399;;Plávajúca podložka GIANTS FISHING Luxury Air Cradle XL;148,40;1;148,40;75,50;23;1;148,40;;142,46;139,50;136,53;133,56;130,59;127,62;124,66;121,69;118,72;111,30
46618;49;"Nástraha FANATIK Larva 4,5""; 11,5 cm, 5 ks";6,46;1;6,46;2,21;23;1;3,88;;3,88;3,88;3,88;3,88;3,88;3,88;3,88;3,88;3,88;3,88
46620;49;"Nástraha FANATIK Larva 4,5""; 11,5 cm, 5 ks";6,46;1;6,46;2,21;23;1;3,88;;3,88;3,88;3,88;3,88;3,88;3,88;3,88;3,88;3,88;3,88
46623;49;"Nástraha FANATIK Larva 4,5""; 11,5 cm, 5 ks";6,46;1;6,46;2,21;23;1;3,88;;3,88;3,88;3,88;3,88;3,88;3,88;3,88;3,88;3,88;3,88
46624;49;"Nástraha FANATIK Larva 4,5""; 11,5 cm, 5 ks";6,46;1;6,46;3,98;23;1;3,88;;3,88;3,88;3,88;3,88;3,88;3,88;3,88;3,88;3,88;3,88
46627;49;"Nástraha FANATIK Larva 4,5""; 11,5 cm, 5 ks";6,46;1;6,46;2,21;23;1;3,88;;3,88;3,88;3,88;3,88;3,88;3,88;3,88;3,88;3,88;3,88
46629;49;"Nástraha FANATIK Larva 4,5""; 11,5 cm, 5 ks";6,46;1;6,46;2,21;23;1;3,88;;3,88;3,88;3,88;3,88;3,88;3,88;3,88;3,88;3,88;3,88
46631;49;"Nástraha FANATIK Larva 4,5""; 11,5 cm, 5 ks";6,46;1;6,46;2,21;23;1;3,88;;3,88;3,88;3,88;3,88;3,88;3,88;3,88;3,88;3,88;3,88
46633;49;"Nástraha FANATIK Larva 4,5""; 11,5 cm, 5 ks";6,46;1;6,46;2,21;23;1;3,88;;3,88;3,88;3,88;3,88;3,88;3,88;3,88;3,88;3,88;3,88
74835;50;Boilie STARBAITS Hold Up Shrimp Hard 24mm, 200g;8,71;1;8,71;3,73;23;1;8,71;;8,36;8,19;8,01;7,84;7,66;7,49;7,32;7,14;6,97;6,53
109020;51;Boilie TB Baits Garlic Liver, 250 g;4,30;1;;;23;1;;15;4,13;4,04;3,96;3,87;3,78;3,70;3,66;3,66;3,66;3,66
40339;52;Štvorcový dáždnik Full Cover  250cm;3,38;1;3,38;1,72;23;1;3,38;;3,24;3,18;3,11;3,04;2,97;2,91;2,84;2,77;2,70;2,54
41691;52;Štvorcový dáždnik Full Cover  250cm;3,14;1;3,14;1,59;23;1;3,14;;3,01;2,95;2,89;2,83;2,76;2,70;2,64;2,57;2,51;2,36
41693;52;Štvorcový dáždnik Full Cover  250cm;3,14;1;3,14;1,59;23;1;3,14;;3,01;2,95;2,89;2,83;2,76;2,70;2,64;2,57;2,51;2,36
01066;;Brúska nožov SMITH`S EDGEWORK-Site Utility Blade Sharpener;9,53;1;9,53;6,19;23;1;9,53;0;9,53;9,53;9,53;9,53;9,53;9,53;9,53;9,53;9,53;9,53
100048;53;Boilie Method Feeder Fans Duo Energy Pop Up, Cesnak + esencia sprej;7,49;1;7,49;5,63;23;1;7,49;;7,19;7,04;6,89;6,74;6,59;6,44;6,29;6,14;5,99;5,62
100049;53;Boilie Method Feeder Fans Duo Energy Pop Up, Cesnak + esencia sprej;5,99;1;5,99;4,05;23;1;5,99;;5,75;5,63;5,51;5,39;5,27;5,15;5,03;4,91;4,79;4,49
100051;53;Boilie Method Feeder Fans Duo Energy Pop Up, Cesnak + esencia sprej;7,49;1;7,49;5,63;23;1;7,49;;7,19;7,04;6,89;6,74;6,59;6,44;6,29;6,14;5,99;5,62
100107;;Sada swingrov CARPON CDE 3x;40,95;1;40,95;28,38;23;1;40,95;;39,31;38,49;37,67;36,86;36,04;35,22;34,40;33,58;32,76;30,71
100271;;Peračník CARP CARE Rig Safe;15,28;1;15,28;9,48;23;1;15,28;;14,67;14,36;14,06;13,75;13,45;13,14;12,84;12,53;12,22;11,46
100305;54;Montáž CARPEX Lead Core System & Safety Clip, Green;4,71;1;4,71;1,63;23;1;4,71;;4,52;4,43;4,33;4,24;4,14;4,05;3,96;3,86;3,77;3,53
100306;54;Montáž CARPEX Lead Core System & Safety Clip, Green;4,71;1;4,71;2,24;23;1;4,71;;4,52;4,43;4,33;4,24;4,14;4,05;3,96;3,86;3,77;3,53
100325;;Podložka CARP CARE Typ 3 Camo;29,73;1;29,73;16,18;23;1;29,73;;28,54;27,95;27,35;26,76;26,16;25,57;24,97;24,38;23,78;22,30
100380;;Puzdro ROBINSON Camo, 2-komorové;24,90;1;24,90;10,74;23;1;24,90;;23,90;23,41;22,91;22,41;21,91;21,41;20,92;20,42;19,92;18,68
100418;;Boilie CARP FANS Vanilla Nuts;13,32;1;13,32;7,76;23;1;13,32;;12,79;12,52;12,25;11,99;11,72;11,46;11,19;10,92;10,66;9,99
100451;55;Prút ROBINSON Kinetik RS Tele Float;49,00;1;49,00;23,99;23;1;49,00;;47,04;46,06;45,08;44,10;43,12;42,14;41,16;40,18;39,20;36,75
100452;55;Prút ROBINSON Kinetik RS Tele Float;50,00;1;50,00;24,49;23;1;50,00;;48,00;47,00;46,00;45,00;44,00;43,00;42,00;41,00;40,00;37,50
100478;56;Sprej Method Feeder Fans Fluo Spray;4,99;1;4,99;2,25;23;1;4,99;;4,79;4,69;4,59;4,49;4,39;4,29;4,19;4,09;3,99;3,74
100479;56;Sprej Method Feeder Fans Fluo Spray;5,99;1;5,99;3,05;23;1;5,99;;5,75;5,63;5,51;5,39;5,27;5,15;5,03;4,91;4,79;4,49
100480;56;Sprej Method Feeder Fans Fluo Spray;5,99;1;5,99;3,00;23;1;5,99;;5,75;5,63;5,51;5,39;5,27;5,15;5,03;4,91;4,79;4,49
100481;56;Sprej Method Feeder Fans Fluo Spray;5,99;1;5,99;3,00;23;1;5,99;;5,75;5,63;5,51;5,39;5,27;5,15;5,03;4,91;4,79;4,49
100482;56;Sprej Method Feeder Fans Fluo Spray;5,99;1;5,99;3,00;23;1;5,99;;5,75;5,63;5,51;5,39;5,27;5,15;5,03;4,91;4,79;4,49
100483;56;Sprej Method Feeder Fans Fluo Spray;5,99;1;5,99;3,00;23;1;5,99;;5,75;5,63;5,51;5,39;5,27;5,15;5,03;4,91;4,79;4,49
100484;56;Sprej Method Feeder Fans Fluo Spray;5,99;1;5,99;3,00;23;1;5,99;;5,75;5,63;5,51;5,39;5,27;5,15;5,03;4,91;4,79;4,49
100566;56;Sprej Method Feeder Fans Fluo Spray;5,99;1;5,99;3,00;23;1;5,99;;5,75;5,63;5,51;5,39;5,27;5,15;5,03;4,91;4,79;4,49
100567;56;Sprej Method Feeder Fans Fluo Spray;5,99;1;5,99;3,00;23;1;5,99;;5,75;5,63;5,51;5,39;5,27;5,15;5,03;4,91;4,79;4,49
100818;56;Sprej Method Feeder Fans Fluo Spray;5,99;1;5,99;3,05;23;1;5,99;;5,75;5,63;5,51;5,39;5,27;5,15;5,03;4,91;4,79;4,49
100516;57;Navijak ROBINSON Smart FD;80,36;1;80,36;30,60;23;1;80,36;;77,15;75,54;73,93;72,32;70,72;69,11;67,50;65,90;64,29;60,27
100517;57;Navijak ROBINSON Smart FD;83,23;1;83,23;37,10;23;1;83,23;;79,90;78,24;76,57;74,91;73,24;71,58;69,91;68,25;66,58;62,42
100518;57;Navijak ROBINSON Smart FD;85,08;1;85,08;34,02;23;1;85,08;;81,68;79,98;78,27;76,57;74,87;73,17;71,47;69,77;68,06;63,81
100593;58;Vlasec 100% Clear Fluorocarbon Shock 100 m;5,99;1;5,99;3,64;23;1;5,99;;5,75;5,63;5,51;5,39;5,27;5,15;5,03;4,91;4,79;4,49
100594;58;Vlasec 100% Clear Fluorocarbon Shock 100 m;5,99;1;5,99;3,61;23;1;5,99;;5,75;5,63;5,51;5,39;5,27;5,15;5,03;4,91;4,79;4,49
100595;58;Vlasec 100% Clear Fluorocarbon Shock 100 m;5,99;1;5,99;2,71;23;1;5,99;;5,75;5,63;5,51;5,39;5,27;5,15;5,03;4,91;4,79;4,49
100596;58;Vlasec 100% Clear Fluorocarbon Shock 100 m;5,99;1;5,99;3,64;23;1;5,99;;5,75;5,63;5,51;5,39;5,27;5,15;5,03;4,91;4,79;4,49
100597;58;Vlasec 100% Clear Fluorocarbon Shock 100 m;5,99;1;5,99;2,71;23;1;5,99;;5,75;5,63;5,51;5,39;5,27;5,15;5,03;4,91;4,79;4,49
100598;58;Vlasec 100% Clear Fluorocarbon Shock 100 m;5,99;1;5,99;3,33;23;1;5,99;;5,75;5,63;5,51;5,39;5,27;5,15;5,03;4,91;4,79;4,49
100599;58;Vlasec 100% Clear Fluorocarbon Shock 100 m;5,99;1;5,99;3,64;23;1;5,99;;5,75;5,63;5,51;5,39;5,27;5,15;5,03;4,91;4,79;4,49
100659;58;Vlasec 100% Clear Fluorocarbon Shock 100 m;5,99;1;5,99;3,00;23;1;5,99;;5,75;5,63;5,51;5,39;5,27;5,15;5,03;4,91;4,79;4,49
100769;58;Vlasec 100% Clear Fluorocarbon Shock 100 m;6,29;1;6,29;2,56;23;1;6,29;;6,04;5,91;5,79;5,66;5,54;5,41;5,28;5,16;5,03;4,72
100770;58;Vlasec 100% Clear Fluorocarbon Shock 100 m;7,39;1;7,39;3,34;23;1;7,39;;7,09;6,95;6,80;6,65;6,50;6,36;6,21;6,06;5,91;5,54
100771;58;Vlasec 100% Clear Fluorocarbon Shock 100 m;8,00;1;8,00;3,30;23;1;8,00;;7,68;7,52;7,36;7,20;7,04;6,88;6,72;6,56;6,40;6,00
100772;58;Vlasec 100% Clear Fluorocarbon Shock 100 m;8,00;1;8,00;3,30;23;1;8,00;;7,68;7,52;7,36;7,20;7,04;6,88;6,72;6,56;6,40;6,00
100773;58;Vlasec 100% Clear Fluorocarbon Shock 100 m;8,00;1;8,00;3,30;23;1;8,00;;7,68;7,52;7,36;7,20;7,04;6,88;6,72;6,56;6,40;6,00
100774;58;Vlasec 100% Clear Fluorocarbon Shock 100 m;8,00;1;8,00;4,11;23;1;8,00;;7,68;7,52;7,36;7,20;7,04;6,88;6,72;6,56;6,40;6,00
100617;;fotochromatické polarizačné okuliare METHOD FEEDER FANS 1035;29,90;1;29,90;16,40;23;1;29,90;;28,70;28,11;27,51;26,91;26,31;25,71;25,12;24,52;23,92;22,43
100713;;Polarizačné okuliare Method Feeder Fans Black;15,99;1;15,99;8,11;23;1;15,99;;15,35;15,03;14,71;14,39;14,07;13,75;13,43;13,11;12,79;11,99
100767;;Nástraha Method Feeder Fans Worms Wafter 10 mm, Krill;4,99;1;4,99;2,25;23;1;4,99;;4,79;4,69;4,59;4,49;4,39;4,29;4,19;4,09;3,99;3,74
100790;59;Boilie METHOD FEEDER FANS Pop Up Smoke Ball, 7 mm, 50 ml;4,99;1;4,99;2,25;23;1;4,99;;4,79;4,69;4,59;4,49;4,39;4,29;4,19;4,09;3,99;3,74
100791;59;Boilie METHOD FEEDER FANS Pop Up Smoke Ball, 7 mm, 50 ml;5,99;1;5,99;2,44;23;1;5,99;;5,75;5,63;5,51;5,39;5,27;5,15;5,03;4,91;4,79;4,49
100792;59;Boilie METHOD FEEDER FANS Pop Up Smoke Ball, 7 mm, 50 ml;5,99;1;5,99;2,25;23;1;5,99;;5,75;5,63;5,51;5,39;5,27;5,15;5,03;4,91;4,79;4,49
100793;59;Boilie METHOD FEEDER FANS Pop Up Smoke Ball, 7 mm, 50 ml;5,99;1;5,99;2,43;23;1;5,99;;5,75;5,63;5,51;5,39;5,27;5,15;5,03;4,91;4,79;4,49
100794;59;Boilie METHOD FEEDER FANS Pop Up Smoke Ball, 7 mm, 50 ml;5,99;1;5,99;2,43;23;1;5,99;;5,75;5,63;5,51;5,39;5,27;5,15;5,03;4,91;4,79;4,49
100820;59;Boilie METHOD FEEDER FANS Pop Up Smoke Ball, 7 mm, 50 ml;5,99;1;5,99;2,43;23;1;5,99;;5,75;5,63;5,51;5,39;5,27;5,15;5,03;4,91;4,79;4,49
100805;60;Pelety Method Feeder Fans Ready Method Pellet, 700 g;6,99;1;6,99;3,16;23;1;6,99;;6,71;6,57;6,43;6,29;6,15;6,01;5,87;5,73;5,59;5,24
100806;60;Pelety Method Feeder Fans Ready Method Pellet, 700 g;6,99;1;6,99;3,16;23;1;6,99;;6,71;6,57;6,43;6,29;6,15;6,01;5,87;5,73;5,59;5,24
100807;60;Pelety Method Feeder Fans Ready Method Pellet, 700 g;6,99;1;6,99;3,16;23;1;6,99;;6,71;6,57;6,43;6,29;6,15;6,01;5,87;5,73;5,59;5,24
100808;60;Pelety Method Feeder Fans Ready Method Pellet, 700 g;6,99;1;6,99;3,16;23;1;6,99;;6,71;6,57;6,43;6,29;6,15;6,01;5,87;5,73;5,59;5,24
100822;60;Pelety Method Feeder Fans Ready Method Pellet, 700 g;6,99;1;6,99;3,40;23;1;6,99;;6,71;6,57;6,43;6,29;6,15;6,01;5,87;5,73;5,59;5,24
100823;60;Pelety Method Feeder Fans Ready Method Pellet, 700 g;6,99;1;6,99;3,41;23;1;6,99;;6,71;6,57;6,43;6,29;6,15;6,01;5,87;5,73;5,59;5,24
101000;61;Boilie NIKL Ready Chilli & Peach;11,73;1;11,73;7,06;23;1;11,73;;11,26;11,03;10,79;10,56;10,32;10,09;9,85;9,62;9,38;8,80
101002;61;Boilie NIKL Ready Chilli & Peach;11,73;1;11,73;7,06;23;1;11,73;;11,26;11,03;10,79;10,56;10,32;10,09;9,85;9,62;9,38;8,80
101003;61;Boilie NIKL Ready Chilli & Peach;4,27;1;4,27;2,48;23;1;4,27;;4,10;4,01;3,93;3,84;3,76;3,67;3,59;3,50;3,42;3,20
101004;61;Boilie NIKL Ready Chilli & Peach;11,73;1;11,73;7,21;23;1;11,73;;11,26;11,03;10,79;10,56;10,32;10,09;9,85;9,62;9,38;8,80
101042;;Plávajúce boilie NIKL Pop Up, 10mm, 20g;7,40;1;7,40;4,63;23;1;7,40;;7,10;6,96;6,81;6,66;6,51;6,36;6,22;6,07;5,92;5,55
101061;;Liquid NIKL LUM-X Red Liquid Giga Squid, 115 ml;15,65;1;15,65;9,16;23;1;15,65;;15,02;14,71;14,40;14,09;13,77;13,46;13,15;12,83;12,52;11,74
101095;;Čelovka TRAKKER Nitelite Headtorch 420;37,72;1;37,72;20,39;23;1;37,72;;36,21;35,46;34,70;33,95;33,19;32,44;31,68;30,93;30,18;28,29
101124;62;Boilie NIKL Economic Feed Squid, 5 kg;27,40;1;27,40;16,17;23;1;27,40;;26,30;25,76;25,21;24,66;24,11;23,56;23,02;22,47;21,92;20,55
101125;62;Boilie NIKL Economic Feed Squid, 5 kg;29,61;1;29,61;16,65;23;1;29,61;;28,43;27,83;27,24;26,65;26,06;25,46;24,87;24,28;23,69;22,21
101142;63;Plávajúce boilie NIKL Pop Up Corn;8,00;1;8,00;4,30;23;1;8,00;;7,68;7,52;7,36;7,20;7,04;6,88;6,72;6,56;6,40;6,00
101143;63;Plávajúce boilie NIKL Pop Up Corn;8,40;1;8,40;4,53;23;1;8,40;;8,06;7,90;7,73;7,56;7,39;7,22;7,06;6,89;6,72;6,30
101144;63;Plávajúce boilie NIKL Pop Up Corn;8,40;1;8,40;4,53;23;1;8,40;;8,06;7,90;7,73;7,56;7,39;7,22;7,06;6,89;6,72;6,30
101153;;Liquid NIKL LUM-X Red Liquid Glow Calanus & Krill;15,65;1;15,65;8,27;23;1;15,65;;15,02;14,71;14,40;14,09;13,77;13,46;13,15;12,83;12,52;11,74
101251;64;Navijak SHIMANO Nasci FC;106,95;1;106,95;54,19;23;1;106,95;;102,67;100,53;98,39;96,26;94,12;91,98;89,84;87,70;85,56;80,21
101662;64;Navijak SHIMANO Nasci FC;117,94;1;117,94;59,76;23;1;117,94;;113,22;110,86;108,50;106,15;103,79;101,43;99,07;96,71;94,35;88,46
101270;;Boilies SHIMANO TX1 Tiger Nut, 20mm, 5kg;37,95;1;37,95;14,31;23;1;37,95;;36,43;35,67;34,91;34,16;33,40;32,64;31,88;31,12;30,36;28,46
101295;;Sirup SHIMANO TX1 Food Syrup 500ml, Tiger Nut;10,49;1;10,49;5,15;23;1;10,49;;10,07;9,86;9,65;9,44;9,23;9,02;8,81;8,60;8,39;7,87
101334;65;Vlasec SHIMANO Catana Spinning Grey, 150 m;4,60;1;4,60;1,98;23;1;4,60;;4,42;4,32;4,23;4,14;4,05;3,96;3,86;3,77;3,68;3,45
101335;65;Vlasec SHIMANO Catana Spinning Grey, 150 m;4,60;1;4,60;1,98;23;1;4,60;;4,42;4,32;4,23;4,14;4,05;3,96;3,86;3,77;3,68;3,45
101451;65;Vlasec SHIMANO Catana Spinning Grey, 150 m;4,60;1;4,60;1,98;23;1;4,60;;4,42;4,32;4,23;4,14;4,05;3,96;3,86;3,77;3,68;3,45
101452;65;Vlasec SHIMANO Catana Spinning Grey, 150 m;4,49;1;4,49;1,65;23;1;4,49;;4,31;4,22;4,13;4,04;3,95;3,86;3,77;3,68;3,59;3,37
101453;65;Vlasec SHIMANO Catana Spinning Grey, 150 m;4,49;1;4,49;2,03;23;1;4,49;;4,31;4,22;4,13;4,04;3,95;3,86;3,77;3,68;3,59;3,37
101610;65;Vlasec SHIMANO Catana Spinning Grey, 150 m;5,49;1;5,49;2,48;23;1;5,49;;5,27;5,16;5,05;4,94;4,83;4,72;4,61;4,50;4,39;4,12
101611;65;Vlasec SHIMANO Catana Spinning Grey, 150 m;5,49;1;5,49;2,48;23;1;5,49;;5,27;5,16;5,05;4,94;4,83;4,72;4,61;4,50;4,39;4,12
101647;65;Vlasec SHIMANO Catana Spinning Grey, 150 m;5,95;1;5,95;2,19;23;1;5,95;;5,71;5,59;5,47;5,36;5,24;5,12;5,00;4,88;4,76;4,46
101408;66;Prút SHIMANO Aero X1 Distance Power Feeder;104,95;1;;;23;1;;;100,75;98,65;96,55;94,46;92,36;90,26;88,16;86,06;83,96;78,71
101553;;Okuliare SHIMANO Sunglass Eyewear Curado;34,94;1;34,94;12,85;23;1;34,94;;33,54;32,84;32,14;31,45;30,75;30,05;29,35;28,65;27,95;26,21
101565;67;Krátke nohavice SHIMANO Wear Gre;30,70;1;30,70;14,53;23;1;30,70;;29,47;28,86;28,24;27,63;27,02;26,40;25,79;25,17;24,56;23,03
101588;67;Krátke nohavice SHIMANO Wear Gre;30,70;1;30,70;14,53;23;1;30,70;;29,47;28,86;28,24;27,63;27,02;26,40;25,79;25,17;24,56;23,03
101589;67;Krátke nohavice SHIMANO Wear Gre;30,70;1;30,70;14,53;23;1;30,70;;29,47;28,86;28,24;27,63;27,02;26,40;25,79;25,17;24,56;23,03
101608;67;Krátke nohavice SHIMANO Wear Gre;30,70;1;30,70;14,53;23;1;30,70;;29,47;28,86;28,24;27,63;27,02;26,40;25,79;25,17;24,56;23,03
101592;;Pilker SHIMANO Lure Stinger Butterfly Flat Light, Red Gold;11,23;1;11,23;2,94;23;1;11,23;;10,78;10,56;10,33;10,11;9,88;9,66;9,43;9,21;8,98;8,42
101615;68;Vlasec SHIMANO Line Exage Steel Grey, 150 m;3,49;1;3,49;1,59;23;1;3,49;;3,35;3,28;3,21;3,14;3,07;3,00;2,93;2,86;2,79;2,62
101616;68;Vlasec SHIMANO Line Exage Steel Grey, 150 m;3,49;1;3,49;1,59;23;1;3,49;;3,35;3,28;3,21;3,14;3,07;3,00;2,93;2,86;2,79;2,62
101617;68;Vlasec SHIMANO Line Exage Steel Grey, 150 m;3,49;1;3,49;1,59;23;1;3,49;;3,35;3,28;3,21;3,14;3,07;3,00;2,93;2,86;2,79;2,62
101618;68;Vlasec SHIMANO Line Exage Steel Grey, 150 m;3,49;1;3,49;1,59;23;1;3,49;;3,35;3,28;3,21;3,14;3,07;3,00;2,93;2,86;2,79;2,62
101619;68;Vlasec SHIMANO Line Exage Steel Grey, 150 m;3,95;1;3,95;1,80;23;1;3,95;;3,79;3,71;3,63;3,56;3,48;3,40;3,32;3,24;3,16;2,96
101620;68;Vlasec SHIMANO Line Exage Steel Grey, 150 m;3,95;1;3,95;1,80;23;1;3,95;;3,79;3,71;3,63;3,56;3,48;3,40;3,32;3,24;3,16;2,96
101621;68;Vlasec SHIMANO Line Exage Steel Grey, 150 m;3,95;1;3,95;1,80;23;1;3,95;;3,79;3,71;3,63;3,56;3,48;3,40;3,32;3,24;3,16;2,96
101622;68;Vlasec SHIMANO Line Exage Steel Grey, 150 m;3,95;1;3,95;1,80;23;1;3,95;;3,79;3,71;3,63;3,56;3,48;3,40;3,32;3,24;3,16;2,96
101623;68;Vlasec SHIMANO Line Exage Steel Grey, 150 m;5,49;1;5,49;2,48;23;1;5,49;;5,27;5,16;5,05;4,94;4,83;4,72;4,61;4,50;4,39;4,12
101701;68;Vlasec SHIMANO Line Exage Steel Grey, 150 m;3,95;1;3,95;1,82;23;1;3,95;;3,79;3,71;3,63;3,56;3,48;3,40;3,32;3,24;3,16;2,96
101628;69;Vlasec SHIMANO Line Yasei Fluoro Leader Grey;10,49;1;10,49;3,86;23;1;10,49;;10,07;9,86;9,65;9,44;9,23;9,02;8,81;8,60;8,39;7,87
101629;69;Vlasec SHIMANO Line Yasei Fluoro Leader Grey;10,49;1;10,49;3,86;23;1;10,49;;10,07;9,86;9,65;9,44;9,23;9,02;8,81;8,60;8,39;7,87
101630;69;Vlasec SHIMANO Line Yasei Fluoro Leader Grey;10,49;1;10,49;3,86;23;1;10,49;;10,07;9,86;9,65;9,44;9,23;9,02;8,81;8,60;8,39;7,87
101631;69;Vlasec SHIMANO Line Yasei Fluoro Leader Grey;11,49;1;11,49;4,23;23;1;11,49;;11,03;10,80;10,57;10,34;10,11;9,88;9,65;9,42;9,19;8,62
101632;69;Vlasec SHIMANO Line Yasei Fluoro Leader Grey;12,48;1;12,48;4,59;23;1;12,48;;11,98;11,73;11,48;11,23;10,98;10,73;10,48;10,23;9,98;9,36
101633;69;Vlasec SHIMANO Line Yasei Fluoro Leader Grey;12,48;1;12,48;4,59;23;1;12,48;;11,98;11,73;11,48;11,23;10,98;10,73;10,48;10,23;9,98;9,36
101634;69;Vlasec SHIMANO Line Yasei Fluoro Leader Grey;13,49;1;13,49;4,96;23;1;13,49;;12,95;12,68;12,41;12,14;11,87;11,60;11,33;11,06;10,79;10,12
101635;69;Vlasec SHIMANO Line Yasei Fluoro Leader Grey;14,49;1;14,49;5,33;23;1;14,49;;13,91;13,62;13,33;13,04;12,75;12,46;12,17;11,88;11,59;10,87
101636;69;Vlasec SHIMANO Line Yasei Fluoro Leader Grey;16,95;1;16,95;6,23;23;1;16,95;;16,27;15,93;15,59;15,26;14,92;14,58;14,24;13,90;13,56;12,71
101664;70;Tričko SHIMANO Short Sleeve T. Shirt White;19,95;1;19,95;8,06;23;1;19,95;;19,15;18,75;18,35;17,96;17,56;17,16;16,76;16,36;15,96;14,96
101665;70;Tričko SHIMANO Short Sleeve T. Shirt White;19,95;1;19,95;8,06;23;1;19,95;;19,15;18,75;18,35;17,96;17,56;17,16;16,76;16,36;15,96;14,96
101731;70;Tričko SHIMANO Short Sleeve T. Shirt White;19,95;1;19,95;7,67;23;1;19,95;;19,15;18,75;18,35;17,96;17,56;17,16;16,76;16,36;15,96;14,96
101732;70;Tričko SHIMANO Short Sleeve T. Shirt White;19,95;1;19,95;8,06;23;1;19,95;;19,15;18,75;18,35;17,96;17,56;17,16;16,76;16,36;15,96;14,96
101733;70;Tričko SHIMANO Short Sleeve T. Shirt White;19,95;1;19,95;8,06;23;1;19,95;;19,15;18,75;18,35;17,96;17,56;17,16;16,76;16,36;15,96;14,96
101678;;Vlasec SHIMANO Technium QP PB, 0,38 mm, 790 m;36,85;1;36,85;15,86;23;1;36,85;;35,38;34,64;33,90;33,17;32,43;31,69;30,95;30,22;29,48;27,64
101697;;Vobler SHIMANO Cardiff Stream Flat 65ES, Yamame;11,16;1;11,16;5,64;23;1;11,16;;10,71;10,49;10,27;10,04;9,82;9,60;9,37;9,15;8,93;8,37
101736;;Puzdro SHIMANO Surf Reel Case na navijak;17,95;1;17,95;7,25;23;1;17,95;;17,23;16,87;16,51;16,16;15,80;15,44;15,08;14,72;14,36;13,46
101774;;Navijak SHIMANO Stella C3000 FK;759,96;1;759,96;500,05;23;1;759,96;;729,56;714,36;699,16;683,96;668,76;653,57;638,37;623,17;607,97;569,97
101801;;Navijak SHIMANO Stella C5000 FK XG;779,96;1;779,96;513,21;23;1;779,96;;748,76;733,16;717,56;701,96;686,36;670,77;655,17;639,57;623,97;584,97
103123;71;Boilie ABAITS Pop Up Fluo, Pomaranč;6,67;1;6,67;3,90;23;1;6,67;;6,40;6,27;6,14;6,00;5,87;5,74;5,60;5,47;5,34;5,00
103204;72;Mini boilie ABAITS Wafters, 8 mm, Kreveta & Arašid;4,21;1;4,21;2,20;23;1;4,21;;4,04;3,96;3,87;3,79;3,70;3,62;3,54;3,45;3,37;3,16
103262;;Dip ABAITS Ghost Jahoda, 100 ml;8,00;1;8,00;4,75;23;1;8,00;;7,68;7,52;7,36;7,20;7,04;6,88;6,72;6,56;6,40;6,00
103519;;Magnetická rýchlospojka FLACARP Mags, 1 ks;16,40;1;16,40;10,00;23;1;16,40;;15,74;15,42;15,09;14,76;14,43;14,10;13,78;13,45;13,12;12,30
103615;73;Detský zimný komplet KINETIC X-Shade Winter Suit Ivy Green;102,50;1;102,50;49,99;23;1;102,50;;98,40;96,35;94,30;92,25;90,20;88,15;86,10;84,05;82,00;76,88
103616;73;Detský zimný komplet KINETIC X-Shade Winter Suit Ivy Green;102,50;1;102,50;49,99;23;1;102,50;;98,40;96,35;94,30;92,25;90,20;88,15;86,10;84,05;82,00;76,88
103634;;Muška UNIQUE Flies Krystal Bugger Fluo Red;3,06;1;3,06;1,13;23;1;3,06;;2,94;2,88;2,82;2,75;2,69;2,63;2,57;2,51;2,45;2,30
103651;;Muška UNIQUE Flies Orange;2,41;1;2,41;1,13;23;1;2,41;;2,31;2,27;2,22;2,17;2,12;2,07;2,02;1,98;1,93;1,81
103667;;Obojstranná krabička WESTIN W3 Lure Box Double Sided S8;9,99;1;9,99;5,00;23;1;9,99;;9,59;9,39;9,19;8,99;8,79;8,59;8,39;8,19;7,99;7,49
103681;;Nástraha WESTIN Zanderteez Shadtail, Zander;3,06;1;3,06;;23;1;3,06;;2,94;2,88;2,82;2,75;2,69;2,63;2,57;2,51;2,45;2,30
103714;;Blyskáč KINETIC Bug 4 g, Cooper;3,06;1;3,06;0,86;23;1;3,06;;2,94;2,88;2,82;2,75;2,69;2,63;2,57;2,51;2,45;2,30
103777;74;Nástraha KINETIC IMP Tail Spin 7 g, Blue/ Silver;4,08;1;4,08;1,79;23;1;4,08;;3,92;3,84;3,75;3,67;3,59;3,51;3,43;3,35;3,26;3,06
103781;74;Nástraha KINETIC IMP Tail Spin 7 g, Blue/ Silver;4,08;1;4,08;1,79;23;1;4,08;;3,92;3,84;3,75;3,67;3,59;3,51;3,43;3,35;3,26;3,06
103854;75;Boilie STARBAITS Pop Up Ocean Tuna;6,67;1;6,67;3,01;23;1;6,67;;6,40;6,27;6,14;6,00;5,87;5,74;5,60;5,47;5,34;5,00
103855;75;Boilie STARBAITS Pop Up Ocean Tuna;6,67;1;6,67;3,01;23;1;6,67;;6,40;6,27;6,14;6,00;5,87;5,74;5,60;5,47;5,34;5,00
104012;;Kukuričná zmes SENSAS TTX Mais Fin jemná;3,90;1;3,90;1,97;23;1;3,90;;3,74;3,67;3,59;3,51;3,43;3,35;3,28;3,20;3,12;2,93
104041;76;Prút SENSAS Target Feeder;23,95;1;23,95;10,90;23;1;23,95;;22,99;22,51;22,03;21,56;21,08;20,60;20,12;19,64;19,16;17,96
104042;76;Prút SENSAS Target Feeder;25,95;1;25,95;12,16;23;1;25,95;;24,91;24,39;23,87;23,36;22,84;22,32;21,80;21,28;20,76;19,46
104123;;Method mix STARBAITS Grab&Go Global Sweet Corn (kukurica), 1,8 kg;7,29;1;7,29;3,59;23;1;7,29;;7,00;6,85;6,71;6,56;6,42;6,27;6,12;5,98;5,83;5,47
104185;77;Boilie STARBAITS Concept Red Liver, 200 g;6,40;1;6,40;3,02;23;1;6,40;;6,14;6,02;5,89;5,76;5,63;5,50;5,38;5,25;5,12;4,80
104186;77;Boilie STARBAITS Concept Red Liver, 200 g;6,40;1;6,40;3,02;23;1;6,40;;6,14;6,02;5,89;5,76;5,63;5,50;5,38;5,25;5,12;4,80
104260;77;Boilie STARBAITS Concept Red Liver, 200 g;6,40;1;6,40;2,73;23;1;6,40;;6,14;6,02;5,89;5,76;5,63;5,50;5,38;5,25;5,12;4,80
104204;;Nymfa ILLEX Scissor Comb 7,6 cm, Ebimiso Red Flake, 8 ks;12,50;1;12,50;6,86;23;1;12,50;;12,00;11,75;11,50;11,25;11,00;10,75;10,50;10,25;10,00;9,38
104222;;Krabička ILLEX Tackle Box 205 HC;9,30;1;9,30;4,39;23;1;9,30;;8,93;8,74;8,56;8,37;8,18;8,00;7,81;7,63;7,44;6,98
104292;;Nepremokavá taška STARBAITS Pro Tec EVA Stinky Bag pre podberák;27,50;1;27,50;12,01;23;1;27,50;;26,40;25,85;25,30;24,75;24,20;23,65;23,10;22,55;22,00;20,63
104308;;Čiapka SENSAS Fashion Club Hat;17,60;1;17,60;7,99;23;1;17,60;;16,90;16,54;16,19;15,84;15,49;15,14;14,78;14,43;14,08;13,20
104329;;Stojan na váženie STARBAITS Weighing Pod, trojnožka;51,96;1;51,96;23,48;23;1;51,96;;49,88;48,84;47,80;46,76;45,72;44,69;43,65;42,61;41,57;38,97
104368;;Podberák STARBAITS LN 200;49,95;1;49,95;23,60;23;1;49,95;;47,95;46,95;45,95;44,96;43,96;42,96;41,96;40,96;39,96;37,46
104386;;Vobler GUNKI Gamera 65 SP, HL Fario;8,70;1;8,70;3,97;23;1;8,70;;8,35;8,18;8,00;7,83;7,66;7,48;7,31;7,13;6,96;6,53
104402;;Vobler GUNKI Rodan 59 SHW, Wild Trout;10,50;1;10,50;4,76;23;1;10,50;;10,08;9,87;9,66;9,45;9,24;9,03;8,82;8,61;8,40;7,88
104419;;Vobler ILLEX Chubby Micro 30, SG Ayu;19,70;1;19,70;9,25;23;1;19,70;;18,91;18,52;18,12;17,73;17,34;16,94;16,55;16,15;15,76;14,78
104435;;Krmivo SENSAS 3000 Feeder Acid Worm (amino dážďovka), 1 kg;5,30;1;5,30;2,38;23;1;5,30;;5,09;4,98;4,88;4,77;4,66;4,56;4,45;4,35;4,24;3,98
104440;;Nástraha SENSAS Method Wafters, Kukurica;5,95;1;5,95;2,68;23;1;5,95;;5,71;5,59;5,47;5,36;5,24;5,12;5,00;4,88;4,76;4,46
104450;;Kukuričné pelety SENSAS Prima Baby Corn, 2,5 kg;6,70;1;6,70;3,11;23;1;6,70;;6,43;6,30;6,16;6,03;5,90;5,76;5,63;5,49;5,36;5,03
104455;78;Prút SENSAS Black Arrow Method Feeder 150;59,95;1;59,95;27,76;23;1;59,95;;57,55;56,35;55,15;53,96;52,76;51,56;50,36;49,16;47,96;44,96
104456;78;Prút SENSAS Black Arrow Method Feeder 150;63,95;1;63,95;29,61;23;1;63,95;;61,39;60,11;58,83;57,56;56,28;55,00;53,72;52,44;51,16;47,96
104457;78;Prút SENSAS Black Arrow Method Feeder 150;67,95;1;67,95;31,47;23;1;67,95;;65,23;63,87;62,51;61,16;59,80;58,44;57,08;55,72;54,36;50,96
104458;78;Prút SENSAS Black Arrow Method Feeder 150;71,96;1;71,96;34,32;23;1;71,96;;69,08;67,64;66,20;64,76;63,32;61,89;60,45;59,01;57,57;53,97
104471;79;Boilie STARBAITS Grab & Go Global, Scopex, 800 g;5,60;1;5,60;2,75;23;1;5,60;;5,38;5,26;5,15;5,04;4,93;4,82;4,70;4,59;4,48;4,20
104472;79;Boilie STARBAITS Grab & Go Global, Scopex, 800 g;5,60;1;5,60;2,75;23;1;5,60;;5,38;5,26;5,15;5,04;4,93;4,82;4,70;4,59;4,48;4,20
104473;79;Boilie STARBAITS Grab & Go Global, Scopex, 800 g;5,60;1;5,60;2,75;23;1;5,60;;5,38;5,26;5,15;5,04;4,93;4,82;4,70;4,59;4,48;4,20
104488;80;Boilie v dipe STARBAITS Pro Strawberry & Spice, 150 g;6,70;1;6,70;3,03;23;1;6,70;;6,43;6,30;6,16;6,03;5,90;5,76;5,63;5,49;5,36;5,03
104489;80;Boilie v dipe STARBAITS Pro Strawberry & Spice, 150 g;6,70;1;6,70;3,33;23;1;6,70;;6,43;6,30;6,16;6,03;5,90;5,76;5,63;5,49;5,36;5,03
104499;;Podložka STARBAITS Monster Mat;144,96;1;144,96;70,69;23;1;144,96;;139,16;136,26;133,36;130,46;127,56;124,67;121,77;118,87;115,97;108,72
104504;81;Prúty STARBAITS D-Scover;39,95;1;39,95;19,06;23;1;39,95;;38,35;37,55;36,75;35,96;35,16;34,36;33,56;32,76;31,96;29,96
104505;81;Prúty STARBAITS D-Scover;48,95;1;48,95;22,21;23;1;48,95;;46,99;46,01;45,03;44,06;43,08;42,10;41,12;40,14;39,16;36,71
104506;81;Prúty STARBAITS D-Scover;52,95;1;52,95;24,78;23;1;52,95;;50,83;49,77;48,71;47,66;46,60;45,54;44,48;43,42;42,36;39,71
104507;81;Prúty STARBAITS D-Scover;56,95;1;56,95;25,91;23;1;56,95;;54,67;53,53;52,39;51,26;50,12;48,98;47,84;46,70;45,56;42,71
104508;81;Prúty STARBAITS D-Scover;72,95;1;72,95;33,32;23;1;72,95;;70,03;68,57;67,11;65,66;64,20;62,74;61,28;59,82;58,36;54,71
104515;;Stolík STARBAITS Table XL;119,95;1;119,95;56,94;23;1;119,95;;115,15;112,75;110,35;107,96;105,56;103,16;100,76;98,36;95,96;89,96
104520;;Taška GUNKI Overtake Box Bag Zander;59,95;1;59,95;27,76;23;1;59,95;;57,55;56,35;55,15;53,96;52,76;51,56;50,36;49,16;47,96;44,96
104533;;Dip STARBAITS PRO Strawberry & Spice Boost/ Glug, 200 ml;9,59;1;9,59;4,76;23;1;9,59;;9,21;9,01;8,82;8,63;8,44;8,25;8,06;7,86;7,67;7,19
104538;;Pelety SENSAS Method Sticky Pellets, 650 g, Kukurica;5,60;1;5,60;2,51;23;1;5,60;;5,38;5,26;5,15;5,04;4,93;4,82;4,70;4,59;4,48;4,20
105009;82;Vesta TEAM DRAGON Vest;69,36;1;69,36;26,31;23;1;69,36;;66,59;65,20;63,81;62,42;61,04;59,65;58,26;56,88;55,49;52,02
105010;82;Vesta TEAM DRAGON Vest;69,36;1;69,36;28,19;23;1;69,36;;66,59;65,20;63,81;62,42;61,04;59,65;58,26;56,88;55,49;52,02
105011;82;Vesta TEAM DRAGON Vest;69,36;1;69,36;28,19;23;1;69,36;;66,59;65,20;63,81;62,42;61,04;59,65;58,26;56,88;55,49;52,02
105042;;Vesta DRAGON DGN;59,04;1;59,04;29,47;23;1;59,04;;56,68;55,50;54,32;53,14;51,96;50,77;49,59;48,41;47,23;44,28
105605;83;Nástraha SAVAGE GEAR Cannibal Shad B, White Flash UV;0,77;1;0,77;0,39;23;1;0,77;;0,74;0,72;0,71;0,69;0,68;0,66;0,65;0,63;0,62;0,58
105623;83;Nástraha SAVAGE GEAR Cannibal Shad B, White Flash UV;1,02;1;1,02;0,46;23;1;1,02;;0,98;0,96;0,94;0,92;0,90;0,88;0,86;0,84;0,82;0,77
105648;83;Nástraha SAVAGE GEAR Cannibal Shad B, White Flash UV;0,68;1;0,68;0,30;23;1;0,68;;0,65;0,64;0,63;0,61;0,60;0,58;0,57;0,56;0,54;0,51
105654;83;Nástraha SAVAGE GEAR Cannibal Shad B, White Flash UV;1,40;1;1,40;0,63;23;1;1,40;;1,34;1,32;1,29;1,26;1,23;1,20;1,18;1,15;1,12;1,05
106630;;Sada doplnkov KINETIC Fishing Accesseries Kit, 3 ks;11,27;1;11,27;4,91;23;1;11,27;;10,82;10,59;10,37;10,14;9,92;9,69;9,47;9,24;9,02;8,45
106663;;Vobler ROBINSON Sniper SU70, 7 cm, 13 g;8,91;1;8,91;3,88;23;1;8,91;;8,55;8,38;8,20;8,02;7,84;7,66;7,48;7,31;7,13;6,68
106702;84;Tričko WESTIN Script T-SHirt, Ink Black;31,99;1;31,99;14,54;23;1;31,99;;30,71;30,07;29,43;28,79;28,15;27,51;26,87;26,23;25,59;23,99
106703;84;Tričko WESTIN Script T-SHirt, Ink Black;31,99;1;31,99;14,54;23;1;31,99;;30,71;30,07;29,43;28,79;28,15;27,51;26,87;26,23;25,59;23,99
106704;84;Tričko WESTIN Script T-SHirt, Ink Black;31,99;1;31,99;14,54;23;1;31,99;;30,71;30,07;29,43;28,79;28,15;27,51;26,87;26,23;25,59;23,99
10800;;Akumulátor BANNER Running Bull AGM 59201;167,34;1;167,34;160,00;23;1;167,34;;160,65;157,30;153,95;150,61;147,26;143,91;140,57;137,22;133,87;125,51
108014;;Krabička Pro Tackle Lure Box 25-G;12,99;1;12,99;6,97;23;1;12,99;;12,47;12,21;11,95;11,69;11,43;11,17;10,91;10,65;10,39;9,74
108026;;Súprava riadov NAYVER Kochset, 4-dielna;16,99;1;16,99;9,45;23;1;16,99;10;16,31;15,97;15,63;15,29;15,29;15,29;15,29;15,29;15,29;15,29
108603;;Nástraha BALZER Ripper Kauli 12,5 cm, Purple Chartreuse;2,30;1;2,30;1,23;23;1;2,30;;2,21;2,16;2,12;2,07;2,02;1,98;1,93;1,89;1,84;1,73
108636;85;Zavŕtavacia špirála BALZER Shirasu Soft Lure Screw Spirale Vite, 5 ks;1,40;1;1,40;0,76;23;1;1,40;;1,34;1,32;1,29;1,26;1,23;1,20;1,18;1,15;1,12;1,05
108637;85;Zavŕtavacia špirála BALZER Shirasu Soft Lure Screw Spirale Vite, 5 ks;1,80;1;1,80;1,01;23;1;1,80;;1,73;1,69;1,66;1,62;1,58;1,55;1,51;1,48;1,44;1,35
108652;;Podložka BALZER Shirasu Street Unhooking Mat;23,80;1;23,80;13,01;23;1;23,80;;22,85;22,37;21,90;21,42;20,94;20,47;19,99;19,52;19,04;17,85
108684;;Plandavka BALZER Shooter Spoon 2,5 g, Pellet;5,40;1;5,40;2,98;23;1;5,40;;5,18;5,08;4,97;4,86;4,75;4,64;4,54;4,43;4,32;4,05
108700;;Taška BALZER Shirasu Street Waist Bag;31,21;1;31,21;17,05;23;1;31,21;;29,96;29,34;28,71;28,09;27,46;26,84;26,22;25,59;24,97;23,41
108716;;Koreniaca zmes BALZER Pstruh Hungarian Delikat na údenie;6,61;1;6,61;3,63;23;1;6,61;;6,35;6,21;6,08;5,95;5,82;5,68;5,55;5,42;5,29;4,96
108732;;Kufrík BALZER TM 707-T;89,99;1;89,99;50,33;23;1;89,99;;86,39;84,59;82,79;80,99;79,19;77,39;75,59;73,79;71,99;67,49
109114;86;Krmivo TB Baits PVA Method Mix Chilli Spice;5,99;1;5,99;2,92;23;1;5,99;15;5,75;5,63;5,51;5,39;5,27;5,15;5,09;5,09;5,09;5,09
109115;86;Krmivo TB Baits PVA Method Mix Chilli Spice;12,99;1;12,99;6,33;23;1;12,99;15;12,47;12,21;11,95;11,69;11,43;11,17;11,04;11,04;11,04;11,04
109145;87;Dipované boilie TB Baits Boosted Grand Krill, 120 g;6,49;1;6,49;4,24;23;1;6,49;15;6,23;6,10;5,97;5,84;5,71;5,58;5,52;5,52;5,52;5,52
109146;87;Dipované boilie TB Baits Boosted Grand Krill, 120 g;6,49;1;6,49;3,16;23;1;6,49;15;6,23;6,10;5,97;5,84;5,71;5,58;5,52;5,52;5,52;5,52
109147;87;Dipované boilie TB Baits Boosted Grand Krill, 120 g;6,49;1;6,49;3,16;23;1;6,49;15;6,23;6,10;5,97;5,84;5,71;5,58;5,52;5,52;5,52;5,52
110408;;Penové nástrahy APS Slim SET-1, 160 mm, bal. 3 ks;6,99;1;6,99;3,03;23;1;6,99;;6,71;6,57;6,43;6,29;6,15;6,01;5,87;5,73;5,59;5,24
110425;;Penová nástraha APS Jig Head 175 mm, Foam Lure, Set-2, bal. 3 ks;7,39;1;7,39;2,94;23;1;7,39;;7,09;6,95;6,80;6,65;6,50;6,36;6,21;6,06;5,91;5,54
111074;88;Prút SPORTEX Invictus CS-2 Carp;256,20;1;256,20;174,22;23;1;256,20;;245,95;240,83;235,70;230,58;225,46;220,33;215,21;210,08;204,96;192,15
111185;88;Prút SPORTEX Invictus CS-2 Carp;0,00;1;0,00;0,00;;;0,00;0;0,00;0,00;0,00;0,00;0,00;0,00;0,00;0,00;0,00;0,00
111139;;Sonar LOWRANCE Elite FS™ 9, bez sondy;1167,20;1;1167,20;931,48;23;1;1167,20;4;1120,51;1120,51;1120,51;1120,51;1120,51;1120,51;1120,51;1120,51;1120,51;1120,51
111172;;Sonda ActiveTarget™2 XL a modul Active Target 2;2335,77;1;2335,77;1863,94;23;1;2335,77;4;2242,34;2242,34;2242,34;2242,34;2242,34;2242,34;2242,34;2242,34;2242,34;2242,34
112376;;Podsedák STARKBOAT s úložným priestorom, 95 cm, šedý;50,00;1;50,00;37,59;23;1;50,00;10;48,00;47,00;46,00;45,00;45,00;45,00;45,00;45,00;45,00;45,00
112392;;Rohatka kotvy STARKBOAT;11,00;1;11,00;8,81;23;1;11,00;10;10,56;10,34;10,12;9,90;9,90;9,90;9,90;9,90;9,90;9,90
112819;89;Tričko FISHING POINT Carp Cartel Padre;25,01;1;25,01;18,99;23;1;25,01;;24,01;23,51;23,01;22,51;22,01;21,51;21,01;20,51;20,01;18,76
112820;89;Tričko FISHING POINT Carp Cartel Padre;25,01;1;25,01;18,99;23;1;25,01;;24,01;23,51;23,01;22,51;22,01;21,51;21,01;20,51;20,01;18,76
112821;89;Tričko FISHING POINT Carp Cartel Padre;25,01;1;25,01;18,99;23;1;25,01;;24,01;23,51;23,01;22,51;22,01;21,51;21,01;20,51;20,01;18,76
112822;89;Tričko FISHING POINT Carp Cartel Padre;25,01;1;25,01;18,99;23;1;25,01;;24,01;23,51;23,01;22,51;22,01;21,51;21,01;20,51;20,01;18,76
112823;89;Tričko FISHING POINT Carp Cartel Padre;25,01;1;25,01;18,99;23;1;25,01;;24,01;23,51;23,01;22,51;22,01;21,51;21,01;20,51;20,01;18,76
12316;90;Rotačka MEPPS Aglia TW strieborná lienka;3,90;1;3,90;2,39;23;1;3,90;;3,74;3,67;3,59;3,51;3,43;3,35;3,28;3,20;3,12;2,93
12328;90;Rotačka MEPPS Aglia TW strieborná lienka;4,00;1;4,00;2,39;23;1;4,00;;3,84;3,76;3,68;3,60;3,52;3,44;3,36;3,28;3,20;3,00
12789;;Podberák SENSAS;13,95;1;13,95;6,54;23;1;13,95;;13,39;13,11;12,83;12,56;12,28;12,00;11,72;11,44;11,16;10,46
13134A;91;Skladacia kotva SPORTS;9,22;1;9,22;7,13;23;1;9,22;;8,85;8,67;8,48;8,30;8,11;7,93;7,74;7,56;7,38;6,92
13134B;91;Skladacia kotva SPORTS;24,00;1;24,00;17,34;23;1;24,00;;23,04;22,56;22,08;21,60;21,12;20,64;20,16;19,68;19,20;18,00
13134C;91;Skladacia kotva SPORTS;40,00;1;40,00;34,85;23;1;40,00;;38,40;37,60;36,80;36,00;35,20;34,40;33,60;32,80;32,00;30,00
13134D;91;Skladacia kotva SPORTS;45,10;1;45,10;25,02;23;1;45,10;;43,30;42,39;41,49;40,59;39,69;38,79;37,88;36,98;36,08;33,83
13134E;91;Skladacia kotva SPORTS;50,18;1;50,18;34,68;23;1;50,18;;48,17;47,17;46,17;45,16;44,16;43,15;42,15;41,15;40,14;37,64
13134F;91;Skladacia kotva SPORTS;89,18;1;89,18;35,15;23;1;89,18;;85,61;83,83;82,05;80,26;78,48;76,69;74,91;73,13;71,34;66,89
13134H;91;Skladacia kotva SPORTS;117,87;1;117,87;27,00;23;1;117,87;;113,16;110,80;108,44;106,08;103,73;101,37;99,01;96,65;94,30;88,40
13134I;91;Skladacia kotva SPORTS;147,60;1;147,60;49,32;23;1;147,60;;141,70;138,74;135,79;132,84;129,89;126,94;123,98;121,03;118,08;110,70
13134J;91;Skladacia kotva SPORTS;161,95;1;161,95;38,98;23;1;161,95;;155,47;152,23;148,99;145,76;142,52;139,28;136,04;132,80;129,56;121,46
65106;91;Skladacia kotva SPORTS;19,78;1;19,78;10,20;23;1;19,78;;18,99;18,59;18,20;17,80;17,41;17,01;16,62;16,22;15,82;14,84
14400A;92;Veslo pevné 1,5 m/ 1 ks;22,55;1;22,55;11,08;23;1;22,55;10;21,65;21,20;20,75;20,30;20,30;20,30;20,30;20,30;20,30;20,30
14400B;92;Veslo pevné 1,5 m/ 1 ks;28,70;1;28,70;21,00;23;1;28,70;10;27,55;26,98;26,40;25,83;25,83;25,83;25,83;25,83;25,83;25,83
14816;;Čln Katamaran KOLIBRI Sea Cat KM-300CM, tmavo šedý, Air-deck podlaha;1122,38;1;1122,38;716,26;23;1;1122,38;10;1077,48;1055,04;1032,59;1010,14;1010,14;1010,14;1010,14;1010,14;1010,14;1010,14
14834;;Ventil kompletný BRAVO čierny;9,45;1;9,45;7,50;23;1;9,45;10;9,07;8,88;8,69;8,51;8,51;8,51;8,51;8,51;8,51;8,51
15300;93;Kopyto MIKADO Fishunter;0,50;1;0,50;0,13;23;1;0,46;25;0,46;0,46;0,46;0,45;0,44;0,43;0,42;0,41;0,40;0,38
15447;93;Kopyto MIKADO Fishunter;0,44;1;0,44;0,20;23;1;0,40;25;0,40;0,40;0,40;0,40;0,39;0,38;0,37;0,36;0,35;0,33
25886;93;Kopyto MIKADO Fishunter;0,69;1;0,69;0,24;23;1;0,63;25;0,63;0,63;0,63;0,62;0,61;0,59;0,58;0,57;0,55;0,52
15587;94;Podložka DELPHIN C-Mat;14,94;1;14,94;8,79;23;1;12,70;25;12,70;12,70;12,70;12,70;12,70;12,70;12,55;12,25;11,95;11,21
39320;94;Podložka DELPHIN C-Mat;9,95;1;9,95;5,31;23;1;8,46;25;8,46;8,46;8,46;8,46;8,46;8,46;8,36;8,16;7,96;7,46
16706;;Skladacie miešadlo MIVARDI na krmivo;15,36;1;15,36;7,51;23;1;13,82;10;13,82;13,82;13,82;13,82;13,82;13,82;13,82;13,82;13,82;13,82
16912;;Spacák MIVARDI Executive;88,99;1;88,99;48,55;23;1;80,09;10;80,09;80,09;80,09;80,09;80,09;80,09;80,09;80,09;80,09;80,09
16996;;Kreslo MIVARDI Chair Premium Long;71,73;1;71,73;36,15;23;1;64,56;10;64,56;64,56;64,56;64,56;64,56;64,56;64,56;64,56;64,56;64,56
17378;95;Vlasec AWA´S Ion Power Reflector LCS;17,13;1;17,13;9,63;23;1;17,13;;16,44;16,10;15,76;15,42;15,07;14,73;14,39;14,05;13,70;12,85
17379;95;Vlasec AWA´S Ion Power Reflector LCS;17,80;1;17,80;10,02;23;1;17,80;;17,09;16,73;16,38;16,02;15,66;15,31;14,95;14,60;14,24;13,35
17380;95;Vlasec AWA´S Ion Power Reflector LCS;18,40;1;18,40;10,36;23;1;18,40;;17,66;17,30;16,93;16,56;16,19;15,82;15,46;15,09;14,72;13,80
17381;95;Vlasec AWA´S Ion Power Reflector LCS;19,00;1;19,00;10,69;23;1;19,00;;18,24;17,86;17,48;17,10;16,72;16,34;15,96;15,58;15,20;14,25
17382;95;Vlasec AWA´S Ion Power Reflector LCS;19,80;1;19,80;11,15;23;1;19,80;;19,01;18,61;18,22;17,82;17,42;17,03;16,63;16,24;15,84;14,85
17417;96;Vlasec AWA´S Ion Power Fluo+ Sun;16,00;1;16,00;8,99;23;1;16,00;;15,36;15,04;14,72;14,40;14,08;13,76;13,44;13,12;12,80;12,00
17418;96;Vlasec AWA´S Ion Power Fluo+ Sun;17,15;1;17,15;9,64;23;1;17,15;;16,46;16,12;15,78;15,44;15,09;14,75;14,41;14,06;13,72;12,86
17419;96;Vlasec AWA´S Ion Power Fluo+ Sun;18,51;1;18,51;10,40;23;1;18,51;;17,77;17,40;17,03;16,66;16,29;15,92;15,55;15,18;14,81;13,88
17420;96;Vlasec AWA´S Ion Power Fluo+ Sun;19,29;1;19,29;10,84;23;1;19,29;;18,52;18,13;17,75;17,36;16,98;16,59;16,20;15,82;15,43;14,47
17421;96;Vlasec AWA´S Ion Power Fluo+ Sun;19,82;1;19,82;11,13;23;1;19,82;;19,03;18,63;18,23;17,84;17,44;17,05;16,65;16,25;15,86;14,87
17422;96;Vlasec AWA´S Ion Power Fluo+ Sun;20,50;1;20,50;11,53;23;1;20,50;;19,68;19,27;18,86;18,45;18,04;17,63;17,22;16,81;16,40;15,38
18407;;Podložka StarBAITS Session Mat;21,96;1;21,96;11,18;23;1;21,96;;21,08;20,64;20,20;19,76;19,32;18,89;18,45;18,01;17,57;16,47
18638;;Foullix SENSAS - sušená patentka;12,50;1;12,50;6,12;23;1;12,50;;12,00;11,75;11,50;11,25;11,00;10,75;10,50;10,25;10,00;9,38
100093;97;Bič ROBINSON Magnetic Flexible Pole;13,35;1;13,35;6,90;23;1;13,35;;12,82;12,55;12,28;12,02;11,75;11,48;11,21;10,95;10,68;10,01
19411;97;Bič ROBINSON Magnetic Flexible Pole;7,69;1;7,69;3,79;23;1;7,69;;7,38;7,23;7,07;6,92;6,77;6,61;6,46;6,31;6,15;5,77
19412;97;Bič ROBINSON Magnetic Flexible Pole;9,66;1;9,66;4,55;23;1;9,66;;9,27;9,08;8,89;8,69;8,50;8,31;8,11;7,92;7,73;7,25
19489;;Špičky ROBINSON Stinger Feeder 3 ks;15,99;1;15,99;6,08;23;1;15,99;;15,35;15,03;14,71;14,39;14,07;13,75;13,43;13,11;12,79;11,99
19532;98;Twister ROBINSON Tritail Twist 3,5 cm;0,18;1;0,18;0,06;23;1;0,18;;0,17;0,17;0,17;0,16;0,16;0,15;0,15;0,15;0,14;0,14
19534;98;Twister ROBINSON Tritail Twist 3,5 cm;0,20;1;0,20;0,04;23;1;0,20;;0,19;0,19;0,18;0,18;0,18;0,17;0,17;0,16;0,16;0,15
19655;98;Twister ROBINSON Tritail Twist 3,5 cm;0,20;1;0,20;0,06;23;1;0,20;;0,19;0,19;0,18;0,18;0,18;0,17;0,17;0,16;0,16;0,15
19659;99;Prút ROBINSON Firebird Fly;51,24;1;51,24;25,99;23;1;51,24;;49,19;48,17;47,14;46,12;45,09;44,07;43,04;42,02;40,99;38,43
19660;99;Prút ROBINSON Firebird Fly;49,95;1;49,95;26,50;23;1;49,95;;47,95;46,95;45,95;44,96;43,96;42,96;41,96;40,96;39,96;37,46
19661;99;Prút ROBINSON Firebird Fly;52,28;1;52,28;21,71;23;1;52,28;;50,19;49,14;48,10;47,05;46,01;44,96;43,92;42,87;41,82;39,21
19810;;Twister ROBINSON Classic Twist 8 cm;0,30;1;0,30;0,13;23;1;0,30;;0,29;0,28;0,28;0,27;0,26;0,26;0,25;0,25;0,24;0,23
20354;;Puzdro KORDA Compac Tele 3 Rod Holdall 135 cm;117,82;1;117,82;63,86;23;1;117,82;;113,11;110,75;108,39;106,04;103,68;101,33;98,97;96,61;94,26;88,37
21561;;Navijak Black Cat Extreme 495;249,00;1;;;23;1;;;239,04;234,06;229,08;224,10;219,12;214,14;209,16;204,18;199,20;186,75
22259;;Gumolano čierne;0,47;1;0,47;0,26;23;1;0,47;;0,45;0,44;0,43;0,42;0,41;0,40;0,39;0,39;0,38;0,35
23132CE;100;Kukurica CarpZoom Premium Maize;3,60;1;3,60;2,50;23;1;3,60;;3,46;3,38;3,31;3,24;3,17;3,10;3,02;2,95;2,88;2,70
23132JA;100;Kukurica CarpZoom Premium Maize;3,95;1;3,95;2,58;23;1;3,95;;3,79;3,71;3,63;3,56;3,48;3,40;3,32;3,24;3,16;2,96
23132ME;100;Kukurica CarpZoom Premium Maize;3,60;1;3,60;2,50;23;1;3,60;;3,46;3,38;3,31;3,24;3,17;3,10;3,02;2,95;2,88;2,70
23132SC;100;Kukurica CarpZoom Premium Maize;3,60;1;3,60;2,58;23;1;3,60;;3,46;3,38;3,31;3,24;3,17;3,10;3,02;2,95;2,88;2,70
23222;;Krmivo CarpZoom Method Feeder;3,70;1;3,70;2,47;23;1;3,70;;3,55;3,48;3,40;3,33;3,26;3,18;3,11;3,03;2,96;2,78
23684;;Nožnice MIVARDI;7,16;1;7,16;3,30;23;1;6,44;10;6,44;6,44;6,44;6,44;6,44;6,44;6,44;6,44;6,44;6,44
23875;;Spacák MIVARDI New Dynasty;149,99;1;149,99;78,45;23;1;134,99;10;134,99;134,99;134,99;134,99;134,99;134,99;134,99;134,99;134,99;134,99
23963;;Sieťka MIVARDI Keepnet Big Carp Soft;12,29;1;12,29;5,83;23;1;11,06;10;11,06;11,06;11,06;11,06;11,06;11,06;11,06;11,06;11,06;11,06
24358;;Akumulátor EXIDE Dual;173,22;1;173,22;138,24;23;1;173,22;10;166,29;162,83;159,36;155,90;155,90;155,90;155,90;155,90;155,90;155,90
25427;101;Vlasec DELPHIN Method Feeder Strong;4,29;1;4,29;2,10;23;1;3,65;25;3,65;3,65;3,65;3,65;3,65;3,65;3,60;3,52;3,43;3,22
25962;102;Vyvažovacie olovká MIKADO;1,49;1;1,49;0,80;23;1;1,36;25;1,36;1,36;1,36;1,34;1,31;1,28;1,25;1,22;1,19;1,12
25964;102;Vyvažovacie olovká MIKADO;2,90;1;2,90;1,16;23;1;2,64;25;2,64;2,64;2,64;2,61;2,55;2,49;2,44;2,38;2,32;2,18
25965;102;Vyvažovacie olovká MIKADO;2,69;1;2,69;1,31;23;1;2,45;25;2,45;2,45;2,45;2,42;2,37;2,31;2,26;2,21;2,15;2,02
27240;103;Úchyt PROLOGIC De Luxe Butt Klinger;8,00;1;8,00;4,78;23;1;8,00;;7,68;7,52;7,36;7,20;7,04;6,88;6,72;6,56;6,40;6,00
27241;103;Úchyt PROLOGIC De Luxe Butt Klinger;8,99;1;8,99;4,78;23;1;8,99;;8,63;8,45;8,27;8,09;7,91;7,73;7,55;7,37;7,19;6,74
27887;;Rýchloklip s krúžkom Quick Change Swivels With Ring;1,40;1;1,40;0,77;23;1;1,40;;1,34;1,32;1,29;1,26;1,23;1,20;1,18;1,15;1,12;1,05
27910;;Kopyto ESOX Raptor Lures;1,00;1;1,00;0,56;23;1;1,00;;0,96;0,94;0,92;0,90;0,88;0,86;0,84;0,82;0,80;0,75
28111;;Jedálenská sada MIVARDI Premium;40,98;1;40,98;20,03;23;1;36,88;10;36,88;36,88;36,88;36,88;36,88;36,88;36,88;36,88;36,88;36,88
28567;;Váha MIVARDI New Dynasty;28,68;1;28,68;14,02;23;1;25,81;10;25,81;25,81;25,81;25,81;25,81;25,81;25,81;25,81;25,81;25,81
28887;;Gumený úchyt MIVARDI Rubber Rod Rest;1,69;1;1,69;0,63;23;1;1,52;10;1,52;1,52;1,52;1,52;1,52;1,52;1,52;1,52;1,52;1,52
29203;104;Obaľovací dip MIKBAITS Fluo;7,20;1;7,20;5,61;23;1;7,20;10;6,91;6,77;6,62;6,48;6,48;6,48;6,48;6,48;6,48;6,48
29205;104;Obaľovací dip MIKBAITS Fluo;7,20;1;7,20;5,38;23;1;7,20;10;6,91;6,77;6,62;6,48;6,48;6,48;6,48;6,48;6,48;6,48
29720;104;Obaľovací dip MIKBAITS Fluo;7,38;1;7,38;5,16;23;1;7,38;10;7,08;6,94;6,79;6,64;6,64;6,64;6,64;6,64;6,64;6,64
33304;104;Obaľovací dip MIKBAITS Fluo;7,49;1;7,49;5,36;23;1;7,49;10;7,19;7,04;6,89;6,74;6,74;6,74;6,74;6,74;6,74;6,74
29351;105;Pelety MIKBAITS Halibut v dipe Cesnak;3,96;1;3,96;2,99;23;1;3,96;10;3,80;3,72;3,64;3,56;3,56;3,56;3,56;3,56;3,56;3,56
29502;105;Pelety MIKBAITS Halibut v dipe Cesnak;3,96;1;3,96;3,08;23;1;3,96;10;3,80;3,72;3,64;3,56;3,56;3,56;3,56;3,56;3,56;3,56
29918;106;Rozpustné boilie MIKBAITS TactiQ;6,14;1;6,14;4,27;23;1;6,14;10;5,89;5,77;5,65;5,53;5,53;5,53;5,53;5,53;5,53;5,53
29919;106;Rozpustné boilie MIKBAITS TactiQ;6,14;1;6,14;4,30;23;1;6,14;10;5,89;5,77;5,65;5,53;5,53;5,53;5,53;5,53;5,53;5,53
29923;106;Rozpustné boilie MIKBAITS TactiQ;6,14;1;6,14;4,27;23;1;6,14;10;5,89;5,77;5,65;5,53;5,53;5,53;5,53;5,53;5,53;5,53
29924;106;Rozpustné boilie MIKBAITS TactiQ;6,14;1;6,14;4,27;23;1;6,14;10;5,89;5,77;5,65;5,53;5,53;5,53;5,53;5,53;5,53;5,53
29925;106;Rozpustné boilie MIKBAITS TactiQ;6,14;1;6,14;3,56;23;1;6,14;10;5,89;5,77;5,65;5,53;5,53;5,53;5,53;5,53;5,53;5,53
29927;106;Rozpustné boilie MIKBAITS TactiQ;6,14;1;6,14;4,30;23;1;6,14;10;5,89;5,77;5,65;5,53;5,53;5,53;5,53;5,53;5,53;5,53
29970;106;Rozpustné boilie MIKBAITS TactiQ;6,24;1;6,24;4,48;23;1;6,24;10;5,99;5,87;5,74;5,62;5,62;5,62;5,62;5,62;5,62;5,62
29971;106;Rozpustné boilie MIKBAITS TactiQ;6,14;1;6,14;4,30;23;1;6,14;10;5,89;5,77;5,65;5,53;5,53;5,53;5,53;5,53;5,53;5,53
30540;;Vankúš GABY Ostriež;17,43;1;17,43;12,50;23;1;17,43;10;16,73;16,38;16,04;15,69;15,69;15,69;15,69;15,69;15,69;15,69
30877;107;Šnúra KORDA Basix Braided Hooklink;5,62;1;5,62;3,05;23;1;5,62;;5,40;5,28;5,17;5,06;4,95;4,83;4,72;4,61;4,50;4,22
30878;107;Šnúra KORDA Basix Braided Hooklink;5,62;1;5,62;3,05;23;1;5,62;;5,40;5,28;5,17;5,06;4,95;4,83;4,72;4,61;4,50;4,22
30P;;Darčeková poukážka 30 €;30,00;1;30,00;6,71;23;1;;;28,80;28,20;27,60;27,00;26,40;25,80;25,20;24,60;24,00;22,50
31180;;Vankúš GABY Šťuka gigant;27,16;1;27,16;19,48;23;1;27,16;10;26,07;25,53;24,99;24,44;24,44;24,44;24,44;24,44;24,44;24,44
31281;108;Šnúra ROBINSON Titan Power GA X4;9,18;1;9,18;3,42;23;1;9,18;;8,81;8,63;8,45;8,26;8,08;7,89;7,71;7,53;7,34;6,89
31699;108;Šnúra ROBINSON Titan Power GA X4;8,95;1;8,95;2,34;23;1;8,95;;8,59;8,41;8,23;8,06;7,88;7,70;7,52;7,34;7,16;6,71
100463;109;Vobler ROBINSON Buster;6,20;1;6,20;2,52;23;1;6,20;;5,95;5,83;5,70;5,58;5,46;5,33;5,21;5,08;4,96;4,65
19689;109;Vobler ROBINSON Buster;6,20;1;6,20;2,98;23;1;6,20;;5,95;5,83;5,70;5,58;5,46;5,33;5,21;5,08;4,96;4,65
31333;109;Vobler ROBINSON Buster;5,90;1;5,90;2,52;23;1;5,90;;5,66;5,55;5,43;5,31;5,19;5,07;4,96;4,84;4,72;4,43
31334;109;Vobler ROBINSON Buster;6,20;1;6,20;2,77;23;1;6,20;;5,95;5,83;5,70;5,58;5,46;5,33;5,21;5,08;4,96;4,65
31336;109;Vobler ROBINSON Buster;6,20;1;6,20;2,77;23;1;6,20;;5,95;5,83;5,70;5,58;5,46;5,33;5,21;5,08;4,96;4,65
31839;110;Naviják ROBINSON Talizman FD;54,33;1;54,33;15,62;23;1;54,33;;52,16;51,07;49,98;48,90;47,81;46,72;45,64;44,55;43,46;40,75
31841;110;Naviják ROBINSON Talizman FD;57,40;1;57,40;16,67;23;1;57,40;;55,10;53,96;52,81;51,66;50,51;49,36;48,22;47,07;45,92;43,05
33244;;Dip MIKBAITS Spiceman Chilli Squid;11,21;1;11,21;8,59;23;1;11,21;10;10,76;10,54;10,31;10,09;10,09;10,09;10,09;10,09;10,09;10,09
33266;;Plávajúce nástrahy MIKBAITS Amur Range Zig Ultra v dipe, 15 mm;7,20;1;7,20;5,49;23;1;7,20;10;6,91;6,77;6,62;6,48;6,48;6,48;6,48;6,48;6,48;6,48
33326;111;Boilie v dipe MIKBAITS ManiaQ NutraKrill;7,49;1;7,49;5,36;23;1;7,49;10;7,19;7,04;6,89;6,74;6,74;6,74;6,74;6,74;6,74;6,74
33344;111;Boilie v dipe MIKBAITS ManiaQ NutraKrill;7,20;1;7,20;5,36;23;1;7,20;10;6,91;6,77;6,62;6,48;6,48;6,48;6,48;6,48;6,48;6,48
33359;112;Boilie v dipe MIKBAITS CATFISH Zranený úhor;9,02;1;9,02;6,54;23;1;9,02;10;8,66;8,48;8,30;8,12;8,12;8,12;8,12;8,12;8,12;8,12
33362;112;Boilie v dipe MIKBAITS CATFISH Zranený úhor;8,79;1;8,79;6,56;23;1;8,79;10;8,44;8,26;8,09;7,91;7,91;7,91;7,91;7,91;7,91;7,91
3587;113;Košík STONFO pre prak;2,00;1;;;23;1;;;1,92;1,88;1,84;1,80;1,76;1,72;1,68;1,64;1,60;1,50
36049;;Matka na vrtuľu elektromotora ZICO;4,40;1;4,40;1,52;23;1;4,40;;4,22;4,14;4,05;3,96;3,87;3,78;3,70;3,61;3,52;3,30
36215X;;SET 2 signalizátorov ZICO Unicarp III s príposluchom + magnetické rýchlospojky UNICARP;161,47;1;161,47;78,03;23;1;161,47;;155,01;151,78;148,55;145,32;142,09;138,86;135,63;132,41;129,18;121,10
36227;;Prevliekač ZICO CP004;0,98;1;0,98;0,43;23;1;0,98;;0,94;0,92;0,90;0,88;0,86;0,84;0,82;0,80;0,78;0,74
36252;;Vobler OWNER ZZ-80;12,82;1;12,82;5,67;23;1;12,82;;12,31;12,05;11,79;11,54;11,28;11,03;10,77;10,51;10,26;9,62
36285;;Lampa ZICO Unicarp do bivaku;49,58;1;49,58;0,88;23;1;49,58;;47,60;46,61;45,61;44,62;43,63;42,64;41,65;40,66;39,66;37,19
36312;114;Háčiky OWNER 53111 s lopatkou;2,39;1;2,39;1,00;23;1;2,39;;2,29;2,25;2,20;2,15;2,10;2,06;2,01;1,96;1,91;1,79
36313;114;Háčiky OWNER 53111 s lopatkou;2,45;1;2,45;1,13;23;1;2,45;;2,35;2,30;2,25;2,21;2,16;2,11;2,06;2,01;1,96;1,84
36314;114;Háčiky OWNER 53111 s lopatkou;2,45;1;2,45;1,13;23;1;2,45;;2,35;2,30;2,25;2,21;2,16;2,11;2,06;2,01;1,96;1,84
36363;;Nabíjací modul ZICO UNICARP pre 4 nabíjacie batérie;16,25;1;16,25;7,19;23;1;16,25;;15,60;15,28;14,95;14,63;14,30;13,98;13,65;13,33;13,00;12,19
36379;;Swinger ZICO Unicarp MC LED magnet. klip;16,60;1;16,60;7,36;23;1;16,60;;15,94;15,60;15,27;14,94;14,61;14,28;13,94;13,61;13,28;12,45
36395;;Háčiky OWNER s očkom 4115, bal. 6 ks;4,10;1;4,10;1,66;23;1;4,10;;3,94;3,85;3,77;3,69;3,61;3,53;3,44;3,36;3,28;3,08
36505;;Vibračná ubíjačka SCHEPPACH VS 1000;1187,97;1;1187,97;620,78;23;1;1187,97;;1140,45;1116,69;1092,93;1069,17;1045,41;1021,65;997,89;974,14;950,38;890,98
36564;;Stolová píla HS 100 S;179,00;1;;;23;1;;;171,84;168,26;164,68;161,10;157,52;153,94;150,36;146,78;143,20;134,25
36583;;Olejový kompresor Scheppach HC 54;175,00;1;;;23;1;;;168,00;164,50;161,00;157,50;154,00;150,50;147,00;143,50;140,00;131,25
36621;;Vŕtacie / sekacie kladivo SCHEPPACH DH 1300 Plus;119,00;1;;;23;1;;;114,24;111,86;109,48;107,10;104,72;102,34;99,96;97,58;95,20;89,25
36640;;Elektrická stolová píla SCHEPPACH HS 105;287,00;1;;;23;1;;;275,52;269,78;264,04;258,30;252,56;246,82;241,08;235,34;229,60;215,25
36655;;Sada pílových kotúčov SCHEPPACH 254mm;45,09;1;45,09;;23;1;45,09;;43,29;42,38;41,48;40,58;39,68;38,78;37,88;36,97;36,07;33,82
36666;;Pílový kotúč SCHEPPACH TCT 305 na drevo;49,19;1;49,19;17,06;23;1;49,19;;47,22;46,24;45,25;44,27;43,29;42,30;41,32;40,34;39,35;36,89
36682;;Pílový pás SCHEPPACH;30,74;1;30,74;;23;1;30,74;;29,51;28,90;28,28;27,67;27,05;26,44;25,82;25,21;24,59;23,06
36687;;Vodiaca lišta SCHEPPACH;66,62;1;66,62;43,15;23;1;66,62;;63,96;62,62;61,29;59,96;58,63;57,29;55,96;54,63;53,30;49,97
3671;115;Lomený držiak CRALUSSO Wagler;4,61;1;4,61;3,16;23;1;4,61;;4,43;4,33;4,24;4,15;4,06;3,96;3,87;3,78;3,69;3,46
3672;115;Lomený držiak CRALUSSO Wagler;4,61;1;4,61;3,16;23;1;4,61;;4,43;4,33;4,24;4,15;4,06;3,96;3,87;3,78;3,69;3,46
36719;;Olejový kompresor SCHEPPACH HC 51;239,00;1;239,00;;23;1;239,00;;229,44;224,66;219,88;215,10;210,32;205,54;200,76;195,98;191,20;179,25
36726;;Stojan SCHEPPACH UMF 1600 pre pokosové píly;81,99;1;81,99;52,50;23;1;81,99;;78,71;77,07;75,43;73,79;72,15;70,51;68,87;67,23;65,59;61,49
36739;116;Sada brúsnych valčekov SCHEPPACH pre OSM 100;37,91;1;37,91;;23;1;37,91;;36,39;35,64;34,88;34,12;33,36;32,60;31,84;31,09;30,33;28,43
36740;116;Sada brúsnych valčekov SCHEPPACH pre OSM 100;37,91;1;37,91;;23;1;37,91;;36,39;35,64;34,88;34,12;33,36;32,60;31,84;31,09;30,33;28,43
36741;116;Sada brúsnych valčekov SCHEPPACH pre OSM 100;37,91;1;37,91;;23;1;37,91;;36,39;35,64;34,88;34,12;33,36;32,60;31,84;31,09;30,33;28,43
36757;;Motorový olej RIWALL pre extrémne zimné použitie;8,19;1;8,19;4,35;23;1;8,19;;7,86;7,70;7,53;7,37;7,21;7,04;6,88;6,72;6,55;6,14
36798;;Horizontálny štiepač SCHEPPACH HL 460;277,77;1;277,77;143,66;23;1;277,77;;266,66;261,10;255,55;249,99;244,44;238,88;233,33;227,77;222,22;208,33
37023;;Čelovka TRIXLINE 10W CREE XM-L T6;22,90;1;22,90;10,50;23;1;22,90;;21,98;21,53;21,07;20,61;20,15;19,69;19,24;18,78;18,32;17,18
37050;;Lampa TRIXLINE TR 218 Green, Led Cob 3x3W;7,29;1;7,29;4,30;23;1;7,29;;7,00;6,85;6,71;6,56;6,42;6,27;6,12;5,98;5,83;5,47
38451;117;Podberák DELPHIN - plastový stred;13,51;1;13,51;7,23;23;1;11,48;25;11,48;11,48;11,48;11,48;11,48;11,48;11,35;11,08;10,81;10,13
38452;117;Podberák DELPHIN - plastový stred;14,50;1;14,50;7,45;23;1;12,33;25;12,33;12,33;12,33;12,33;12,33;12,33;12,18;11,89;11,60;10,88
38453;117;Podberák DELPHIN - plastový stred;16,95;1;16,95;8,88;23;1;14,41;25;14,41;14,41;14,41;14,41;14,41;14,41;14,24;13,90;13,56;12,71
38454;117;Podberák DELPHIN - plastový stred;19,95;1;19,95;8,09;23;1;16,96;25;16,96;16,96;16,96;16,96;16,96;16,96;16,76;16,36;15,96;14,96
38477;118;Oceľové lanko DELPHIN Bomb s obratlíkom a karabínkou;1,09;1;1,09;0,50;23;1;0,93;25;0,93;0,93;0,93;0,93;0,93;0,93;0,92;0,89;0,87;0,82
38479;118;Oceľové lanko DELPHIN Bomb s obratlíkom a karabínkou;1,30;1;1,30;0,59;23;1;1,11;25;1,11;1,11;1,11;1,11;1,11;1,11;1,09;1,07;1,04;0,98
38503;;Kukla DELPHIN Ninja;9,95;1;9,95;4,98;23;1;8,46;25;8,46;8,46;8,46;8,46;8,46;8,46;8,36;8,16;7,96;7,46
38791;;Rýchloupínací obratlík DELPHIN The End Quick Swap Swive;3,90;1;3,90;1,89;23;1;3,32;25;3,32;3,32;3,32;3,32;3,32;3,32;3,28;3,20;3,12;2,93
38908;119;Prút DELPHIN Murena;52,95;1;52,95;28,31;23;1;45,01;25;45,01;45,01;45,01;45,01;45,01;45,01;44,48;43,42;42,36;39,71
38909;119;Prút DELPHIN Murena;59,95;1;59,95;31,51;23;1;50,96;25;50,96;50,96;50,96;50,96;50,96;50,96;50,36;49,16;47,96;44,96
91401;119;Prút DELPHIN Murena;46,95;1;46,95;25,24;23;1;39,91;25;39,91;39,91;39,91;39,91;39,91;39,91;39,44;38,50;37,56;35,21
38942;120;Nástraha BOMB Rippa;0,74;1;0,74;0,36;23;1;0,74;25;0,71;0,70;0,68;0,67;0,65;0,64;0,62;0,61;0,59;0,56
38944;120;Nástraha BOMB Rippa;0,74;1;0,74;0,36;23;1;0,74;25;0,71;0,70;0,68;0,67;0,65;0,64;0,62;0,61;0,59;0,56
38946;120;Nástraha BOMB Rippa;0,74;1;0,74;0,36;23;1;0,74;25;0,71;0,70;0,68;0,67;0,65;0,64;0,62;0,61;0,59;0,56
38947;120;Nástraha BOMB Rippa;0,74;1;0,74;0,36;23;1;0,74;25;0,71;0,70;0,68;0,67;0,65;0,64;0,62;0,61;0,59;0,56
38948;120;Nástraha BOMB Rippa;0,74;1;0,74;0,36;23;1;0,74;25;0,71;0,70;0,68;0,67;0,65;0,64;0,62;0,61;0,59;0,56
38950;120;Nástraha BOMB Rippa;0,74;1;0,74;0,36;23;1;0,74;25;0,71;0,70;0,68;0,67;0,65;0,64;0,62;0,61;0,59;0,56
38951;120;Nástraha BOMB Rippa;0,98;1;0,98;0,49;23;1;0,98;25;0,94;0,92;0,90;0,88;0,86;0,84;0,82;0,80;0,78;0,74
38952;120;Nástraha BOMB Rippa;0,98;1;0,98;0,49;23;1;0,98;25;0,94;0,92;0,90;0,88;0,86;0,84;0,82;0,80;0,78;0,74
38953;120;Nástraha BOMB Rippa;0,98;1;0,98;0,49;23;1;0,98;25;0,94;0,92;0,90;0,88;0,86;0,84;0,82;0,80;0,78;0,74
38958;120;Nástraha BOMB Rippa;0,84;1;0,84;0,41;23;1;0,84;25;0,81;0,79;0,77;0,76;0,74;0,72;0,71;0,69;0,67;0,63
38959;120;Nástraha BOMB Rippa;0,84;1;0,84;0,41;23;1;0,84;25;0,81;0,79;0,77;0,76;0,74;0,72;0,71;0,69;0,67;0,63
38960;120;Nástraha BOMB Rippa;0,84;1;0,84;0,42;23;1;0,84;25;0,81;0,79;0,77;0,76;0,74;0,72;0,71;0,69;0,67;0,63
38961;120;Nástraha BOMB Rippa;0,84;1;0,84;0,41;23;1;0,84;25;0,81;0,79;0,77;0,76;0,74;0,72;0,71;0,69;0,67;0,63
38962;120;Nástraha BOMB Rippa;0,84;1;0,84;0,41;23;1;0,84;25;0,81;0,79;0,77;0,76;0,74;0,72;0,71;0,69;0,67;0,63
38963;120;Nástraha BOMB Rippa;0,84;1;0,84;0,41;23;1;0,84;25;0,81;0,79;0,77;0,76;0,74;0,72;0,71;0,69;0,67;0,63
38964;120;Nástraha BOMB Rippa;1,19;1;1,19;0,57;23;1;1,19;25;1,14;1,12;1,09;1,07;1,05;1,02;1,00;0,98;0,95;0,89
38965;120;Nástraha BOMB Rippa;1,19;1;1,19;0,62;23;1;1,19;25;1,14;1,12;1,09;1,07;1,05;1,02;1,00;0,98;0,95;0,89
38966;120;Nástraha BOMB Rippa;1,19;1;1,19;0,62;23;1;1,19;25;1,14;1,12;1,09;1,07;1,05;1,02;1,00;0,98;0,95;0,89
89410;120;Nástraha BOMB Rippa;0,64;1;0,64;0,32;23;1;0,64;25;0,61;0,60;0,59;0,58;0,56;0,55;0,54;0,52;0,51;0,48
89412;120;Nástraha BOMB Rippa;0,64;1;0,64;0,32;23;1;0,64;25;0,61;0,60;0,59;0,58;0,56;0,55;0,54;0,52;0,51;0,48
89414;120;Nástraha BOMB Rippa;0,64;1;0,64;0,32;23;1;0,64;25;0,61;0,60;0,59;0,58;0,56;0,55;0,54;0,52;0,51;0,48
89415;120;Nástraha BOMB Rippa;0,64;1;0,64;0,32;23;1;0,64;25;0,61;0,60;0,59;0,58;0,56;0,55;0,54;0,52;0,51;0,48
89416;120;Nástraha BOMB Rippa;0,64;1;0,64;0,32;23;1;0,64;25;0,61;0,60;0,59;0,58;0,56;0,55;0,54;0,52;0,51;0,48
89417;120;Nástraha BOMB Rippa;0,64;1;0,64;0,33;23;1;0,64;25;0,61;0,60;0,59;0,58;0,56;0,55;0,54;0,52;0,51;0,48
89418;120;Nástraha BOMB Rippa;0,64;1;0,64;0,32;23;1;0,64;25;0,61;0,60;0,59;0,58;0,56;0,55;0,54;0,52;0,51;0,48
89419;120;Nástraha BOMB Rippa;0,64;1;0,64;0,32;23;1;0,64;25;0,61;0,60;0,59;0,58;0,56;0,55;0,54;0,52;0,51;0,48
89420;120;Nástraha BOMB Rippa;0,76;1;0,76;0,37;23;1;0,76;25;0,73;0,71;0,70;0,68;0,67;0,65;0,64;0,62;0,61;0,57
89421;120;Nástraha BOMB Rippa;0,76;1;0,76;0,37;23;1;0,76;25;0,73;0,71;0,70;0,68;0,67;0,65;0,64;0,62;0,61;0,57
89422;120;Nástraha BOMB Rippa;0,76;1;0,76;0,39;23;1;0,76;25;0,73;0,71;0,70;0,68;0,67;0,65;0,64;0,62;0,61;0,57
39024;121;Sada signalizátorov DELPHIN Briton s príposluchom;118,95;1;118,95;64,29;23;1;101,11;25;101,11;101,11;101,11;101,11;101,11;101,11;99,92;97,54;95,16;89,21
39025;121;Sada signalizátorov DELPHIN Briton s príposluchom;154,96;1;154,96;79,88;23;1;131,72;25;131,72;131,72;131,72;131,72;131,72;131,72;130,17;127,07;123,97;116,22
39026;121;Sada signalizátorov DELPHIN Briton s príposluchom;189,95;1;189,95;95,32;23;1;161,46;25;161,46;161,46;161,46;161,46;161,46;161,46;159,56;155,76;151,96;142,46
39108;122;Naviják DELPHIN Hornet;25,95;1;25,95;13,36;23;1;22,06;25;22,06;22,06;22,06;22,06;22,06;22,06;21,80;21,28;20,76;19,46
39110;122;Naviják DELPHIN Hornet;28,95;1;28,95;14,93;23;1;24,61;25;24,61;24,61;24,61;24,61;24,61;24,61;24,32;23,74;23,16;21,71
39418;;Skladací nôž DELPHIN Retro;14,50;1;14,50;7,34;23;1;12,33;25;12,33;12,33;12,33;12,33;12,33;12,33;12,18;11,89;11,60;10,88
39532;;Peračník DELPHIN C-Rigbox;8,50;1;8,50;4,48;23;1;7,23;25;7,23;7,23;7,23;7,23;7,23;7,23;7,14;6,97;6,80;6,38
39654;123;Nadväzec DELPHIN BOMB! Twisto Rigs Wolfram;4,80;1;4,80;2,46;23;1;4,08;25;4,08;4,08;4,08;4,08;4,08;4,08;4,03;3,94;3,84;3,60
39656;123;Nadväzec DELPHIN BOMB! Twisto Rigs Wolfram;5,50;1;5,50;2,63;23;1;4,68;25;4,68;4,68;4,68;4,68;4,68;4,68;4,62;4,51;4,40;4,13
90354;123;Nadväzec DELPHIN BOMB! Twisto Rigs Wolfram;4,70;1;4,70;2,42;23;1;4,00;25;4,00;4,00;4,00;4,00;4,00;4,00;3,95;3,85;3,76;3,53
90356;123;Nadväzec DELPHIN BOMB! Twisto Rigs Wolfram;5,50;1;5,50;2,95;23;1;4,68;25;4,68;4,68;4,68;4,68;4,68;4,68;4,62;4,51;4,40;4,13
39829;;Nálepka DELPHIN Carpath;1,40;1;1,40;0,50;23;1;1,19;25;1,19;1,19;1,19;1,19;1,19;1,19;1,18;1,15;1,12;1,05
39875;;Krabička DELPHIN TBX Duo 185-5P EVA;5,50;1;5,50;2,66;23;1;4,68;25;4,68;4,68;4,68;4,68;4,68;4,68;4,62;4,51;4,40;4,13
39896;;Prak DELPHIN Shot Conus;8,50;1;8,50;4,58;23;1;7,23;25;7,23;7,23;7,23;7,23;7,23;7,23;7,14;6,97;6,80;6,38
39975;124;Háčiky DELPHIN BOMB! HardLure bez protihrotu;2,80;1;2,80;1,29;23;1;2,38;25;2,38;2,38;2,38;2,38;2,38;2,38;2,35;2,30;2,24;2,10
39976;124;Háčiky DELPHIN BOMB! HardLure bez protihrotu;2,80;1;2,80;1,34;23;1;2,38;25;2,38;2,38;2,38;2,38;2,38;2,38;2,35;2,30;2,24;2,10
39977;124;Háčiky DELPHIN BOMB! HardLure bez protihrotu;2,80;1;2,80;1,34;23;1;2,38;25;2,38;2,38;2,38;2,38;2,38;2,38;2,35;2,30;2,24;2,10
40322;;Vedro Giants Fishing s okysličovačom;19,82;1;19,82;10,08;23;1;19,82;;19,03;18,63;18,23;17,84;17,44;17,05;16,65;16,25;15,86;14,87
40432;125;Trojháčiky HELL-CAT 6x Strong;9,09;1;9,09;4,62;23;1;9,09;;8,73;8,54;8,36;8,18;8,00;7,82;7,64;7,45;7,27;6,82
40433;125;Trojháčiky HELL-CAT 6x Strong;9,89;1;9,89;5,03;23;1;9,89;;9,49;9,30;9,10;8,90;8,70;8,51;8,31;8,11;7,91;7,42
40434;125;Trojháčiky HELL-CAT 6x Strong;11,08;1;11,08;5,64;23;1;11,08;;10,64;10,42;10,19;9,97;9,75;9,53;9,31;9,09;8,86;8,31
40634;;Spacák GIANTS FISHING RWX 5 Season Sleeping Bag;174,68;1;174,68;92,28;23;1;174,68;;167,69;164,20;160,71;157,21;153,72;150,22;146,73;143,24;139,74;131,01
40676;126;Rovnátka GIANTS FISHING Line Aligner;2,74;1;2,74;1,44;23;1;2,74;;2,63;2,58;2,52;2,47;2,41;2,36;2,30;2,25;2,19;2,06
40677;126;Rovnátka GIANTS FISHING Line Aligner;2,74;1;2,74;1,44;23;1;2,74;;2,63;2,58;2,52;2,47;2,41;2,36;2,30;2,25;2,19;2,06
40850;;Prevliekač GIANTS FISHING Elastic Threader;0,95;1;0,95;0,47;23;1;0,95;;0,91;0,89;0,87;0,86;0,84;0,82;0,80;0,78;0,76;0,71
40870;;Brúska GIANTS FISHING Pisciform Hook Sharpener háčikov;4,74;1;4,74;2,44;23;1;4,74;;4,55;4,46;4,36;4,27;4,17;4,08;3,98;3,89;3,79;3,56
40917;;Taška GIANTS FISHING Luxury Carp Carryall;87,32;1;87,32;46,13;23;1;87,32;;83,83;82,08;80,33;78,59;76,84;75,10;73,35;71,60;69,86;65,49
41202;;SET = vedro StarBaits + vanička + veko;18,30;1;18,30;8,48;23;1;18,30;;17,57;17,20;16,84;16,47;16,10;15,74;15,37;15,01;14,64;13,73
41431;;Prívlačový batoh GIANTS FISHING Spinning Sling Bag;53,57;1;53,57;27,24;23;1;53,57;;51,43;50,36;49,28;48,21;47,14;46,07;45,00;43,93;42,86;40,18
41480;;Prenosná skladacia toaleta GIANTS FISHING Folding Toilet X-Large;39,30;1;39,30;20,77;23;1;39,30;;37,73;36,94;36,16;35,37;34,58;33,80;33,01;32,23;31,44;29,48
41569;;SET = 2x pančucha GIANTS FISHING PVA System Micromesh 25+35mm;15,84;1;15,84;7,80;23;1;15,84;;15,21;14,89;14,57;14,26;13,94;13,62;13,31;12,99;12,67;11,88
41598;;Hrkálka HELL-CAT Scream Balls Black;1,55;1;1,55;0,82;23;1;1,55;;1,49;1,46;1,43;1,40;1,36;1,33;1,30;1,27;1,24;1,16
41651;;Rýchlovýmenný obratlík GIANTS FISHING Quick Change Swivel s očkom;5,12;1;5,12;2,68;23;1;5,12;;4,92;4,81;4,71;4,61;4,51;4,40;4,30;4,20;4,10;3,84
41668;;Púzdro GIANTS FISHING Lead Bag Small;9,09;1;9,09;4,62;23;1;9,09;;8,73;8,54;8,36;8,18;8,00;7,82;7,64;7,45;7,27;6,82
41725;127;Rozpustné boilie CARP INFERNO Nutra Line Banán/ Oliheň;4,74;1;4,74;2,62;23;1;4,74;;4,55;4,46;4,36;4,27;4,17;4,08;3,98;3,89;3,79;3,56
41726;127;Rozpustné boilie CARP INFERNO Nutra Line Banán/ Oliheň;11,08;1;11,08;6,48;23;1;11,08;;10,64;10,42;10,19;9,97;9,75;9,53;9,31;9,09;8,86;8,31
41768;;Bivak GIANTS FISHING Luxury 2 Man Bivvy;391,80;1;391,80;199,26;23;1;391,80;;376,13;368,29;360,46;352,62;344,78;336,95;329,11;321,28;313,44;293,85
41843;;Ihla GIANTS FISHING Baiting Needle Purple Fluo;2,34;1;2,34;1,19;23;1;2,34;;2,25;2,20;2,15;2,11;2,06;2,01;1,97;1,92;1,87;1,76
41926;;Puzdro GIANTS FISHING Security Pouch na doklady a telefón;15,84;1;15,84;8,06;23;1;15,84;;15,21;14,89;14,57;14,26;13,94;13,62;13,31;12,99;12,67;11,88
41939;128;Rozpustné boilie Carp Inferno Hot Line Škorpión;15,84;1;15,84;9,02;23;1;15,84;;15,21;14,89;14,57;14,26;13,94;13,62;13,31;12,99;12,67;11,88
41940;128;Rozpustné boilie Carp Inferno Hot Line Škorpión;5,69;1;5,69;3,22;23;1;5,69;;5,46;5,35;5,23;5,12;5,01;4,89;4,78;4,67;4,55;4,27
41971;;Škrabka GIANTS FISHING Round Fish Scaler;3,14;1;3,14;1,62;23;1;3,14;;3,01;2,95;2,89;2,83;2,76;2,70;2,64;2,57;2,51;2,36
41976;;Stojan na váženie GIANTS FISHING Weigh Tripod Deluxe;35,30;1;35,30;18,65;23;1;35,30;;33,89;33,18;32,48;31,77;31,06;30,36;29,65;28,95;28,24;26,48
42231;;Navijak SHIMANO Baitrunner ST 6000 RB;85,95;1;85,95;45,57;23;1;85,95;;82,51;80,79;79,07;77,36;75,64;73,92;72,20;70,48;68,76;64,46
43487;;Navijak SHIMANO Big Baitrunner 14000 XTB LC;274,95;1;274,95;155,07;23;1;274,95;;263,95;258,45;252,95;247,46;241,96;236,46;230,96;225,46;219,96;206,21
43703;;Podložka RAPALA Weig Sling Bag;22,50;1;22,50;14,34;23;1;22,50;;21,60;21,15;20,70;20,25;19,80;19,35;18,90;18,45;18,00;16,88
101246;129;Prút SHIMANO Tribal TX1 A;95,90;1;95,90;45,55;23;1;95,90;;92,06;90,15;88,23;86,31;84,39;82,47;80,56;78,64;76,72;71,93
43769;129;Prút SHIMANO Tribal TX1 A;85,90;1;85,90;34,90;23;1;85,90;;82,46;80,75;79,03;77,31;75,59;73,87;72,16;70,44;68,72;64,43
43771;129;Prút SHIMANO Tribal TX1 A;87,07;1;87,07;46,96;23;1;87,07;;83,59;81,85;80,10;78,36;76,62;74,88;73,14;71,40;69,66;65,30
44591;;Swinger JRC Radar DS Swing Indicator;37,99;1;37,99;17,55;23;1;37,99;;36,47;35,71;34,95;34,19;33,43;32,67;31,91;31,15;30,39;28,49
45014;130;bivak JRC Defender Bivvy 2 Man;189,99;1;;;23;1;;;182,39;178,59;174,79;170,99;167,19;163,39;159,59;155,79;151,99;142,49
45379;;Podberáková hlava SHAKESPEARE SKP Landing Net Head;24,50;1;24,50;9,49;23;1;24,50;;23,52;23,03;22,54;22,05;21,56;21,07;20,58;20,09;19,60;18,38
45457;;Sada 3 signalizátorov JRC Radar DR s príposluchom;152,73;1;152,73;70,36;23;1;152,73;;146,62;143,57;140,51;137,46;134,40;131,35;128,29;125,24;122,18;114,55
45572;;Taška JRC Defender Low Carryall XL;59,90;1;;;23;1;;;57,50;56,31;55,11;53,91;52,71;51,51;50,32;49,12;47,92;44,93
45589;;Cesto BERKLEY PowerBait Natural Glitter Trout Dough Garlic Glitter;8,00;1;8,00;4,25;23;1;8,00;;7,68;7,52;7,36;7,20;7,04;6,88;6,72;6,56;6,40;6,00
46709;131;"Nástraha FANATIK Lobster 3,6""; 9 cm, 6 ks";4,61;1;4,61;1,28;23;1;2,77;;2,77;2,77;2,77;2,77;2,77;2,77;2,77;2,77;2,77;2,77
46712;131;"Nástraha FANATIK Lobster 3,6""; 9 cm, 6 ks";4,61;1;4,61;1,28;23;1;2,77;;2,77;2,77;2,77;2,77;2,77;2,77;2,77;2,77;2,77;2,77
46713;131;"Nástraha FANATIK Lobster 3,6""; 9 cm, 6 ks";4,61;1;4,61;1,28;23;1;2,77;;2,77;2,77;2,77;2,77;2,77;2,77;2,77;2,77;2,77;2,77
46714;131;"Nástraha FANATIK Lobster 3,6""; 9 cm, 6 ks";4,61;1;4,61;1,28;23;1;2,77;;2,77;2,77;2,77;2,77;2,77;2,77;2,77;2,77;2,77;2,77
46717;131;"Nástraha FANATIK Lobster 3,6""; 9 cm, 6 ks";4,61;1;4,61;1,28;23;1;2,77;;2,77;2,77;2,77;2,77;2,77;2,77;2,77;2,77;2,77;2,77
46719;131;"Nástraha FANATIK Lobster 3,6""; 9 cm, 6 ks";4,61;1;4,61;1,28;23;1;2,77;;2,77;2,77;2,77;2,77;2,77;2,77;2,77;2,77;2,77;2,77
46720;131;"Nástraha FANATIK Lobster 3,6""; 9 cm, 6 ks";4,61;1;4,61;2,83;23;1;2,77;;2,77;2,77;2,77;2,77;2,77;2,77;2,77;2,77;2,77;2,77
46723;131;"Nástraha FANATIK Lobster 3,6""; 9 cm, 6 ks";4,61;1;4,61;1,28;23;1;2,77;;2,77;2,77;2,77;2,77;2,77;2,77;2,77;2,77;2,77;2,77
46906;132;Háčiky FANATIK MIKRO-JIG S-57;1,54;1;1,54;0,58;23;1;0,92;;0,92;0,92;0,92;0,92;0,92;0,92;0,92;0,92;0,92;0,92
46907;132;Háčiky FANATIK MIKRO-JIG S-57;1,54;1;1,54;0,54;23;1;0,92;;0,92;0,92;0,92;0,92;0,92;0,92;0,92;0,92;0,92;0,92
46908;132;Háčiky FANATIK MIKRO-JIG S-57;1,54;1;1,54;0,55;23;1;0,92;;0,92;0,92;0,92;0,92;0,92;0,92;0,92;0,92;0,92;0,92
46909;132;Háčiky FANATIK MIKRO-JIG S-57;1,54;1;1,54;1,05;23;1;0,92;;0,92;0,92;0,92;0,92;0,92;0,92;0,92;0,92;0,92;0,92
47397;133;Vobler RAPALA Count Down 01, dĺžka 2,5 cm;10,20;1;10,20;4,91;23;1;10,20;;9,79;9,59;9,38;9,18;8,98;8,77;8,57;8,36;8,16;7,65
47398;133;Vobler RAPALA Count Down 01, dĺžka 2,5 cm;10,20;1;10,20;4,91;23;1;10,20;;9,79;9,59;9,38;9,18;8,98;8,77;8,57;8,36;8,16;7,65
47399;133;Vobler RAPALA Count Down 01, dĺžka 2,5 cm;10,20;1;10,20;4,91;23;1;10,20;;9,79;9,59;9,38;9,18;8,98;8,77;8,57;8,36;8,16;7,65
47400;133;Vobler RAPALA Count Down 01, dĺžka 2,5 cm;10,20;1;10,20;4,91;23;1;10,20;;9,79;9,59;9,38;9,18;8,98;8,77;8,57;8,36;8,16;7,65
47401;133;Vobler RAPALA Count Down 01, dĺžka 2,5 cm;10,20;1;10,20;4,91;23;1;10,20;;9,79;9,59;9,38;9,18;8,98;8,77;8,57;8,36;8,16;7,65
47402;133;Vobler RAPALA Count Down 01, dĺžka 2,5 cm;9,95;1;9,95;5,15;23;1;9,95;;9,55;9,35;9,15;8,96;8,76;8,56;8,36;8,16;7,96;7,46
47403;133;Vobler RAPALA Count Down 01, dĺžka 2,5 cm;10,20;1;10,20;4,91;23;1;10,20;;9,79;9,59;9,38;9,18;8,98;8,77;8,57;8,36;8,16;7,65
47404;133;Vobler RAPALA Count Down 01, dĺžka 2,5 cm;9,95;1;9,95;5,15;23;1;9,95;;9,55;9,35;9,15;8,96;8,76;8,56;8,36;8,16;7,96;7,46
47437;;Vobler RAPALA Floater Elite 85, GDVR;14,94;1;14,94;8,07;23;1;14,94;;14,34;14,04;13,74;13,45;13,15;12,85;12,55;12,25;11,95;11,21
49432;;Pelety NIKL Black Halibut v dipe Jahody;6,08;1;6,08;3,84;23;1;6,08;;5,84;5,72;5,59;5,47;5,35;5,23;5,11;4,99;4,86;4,56
51609;;Signalizátor CORMORAN Pro Carp X-4000 Bite Alarm;16,91;1;16,91;5,10;23;1;15,22;25;15,22;15,22;15,22;15,22;14,88;14,54;14,20;13,87;13,53;12,68
5243;;Sada oloviek ZEBCO Oval Split Shots;8,00;1;8,00;4,00;23;1;8,00;;7,68;7,52;7,36;7,20;7,04;6,88;6,72;6,56;6,40;6,00
53267;;Plavákový systém MIKADO;2,15;1;2,15;1,02;23;1;1,96;25;1,96;1,96;1,96;1,94;1,89;1,85;1,81;1,76;1,72;1,61
54051;;Signalizátor DELPHIN Runer;16,95;1;16,95;9,07;23;1;14,41;25;14,41;14,41;14,41;14,41;14,41;14,41;14,24;13,90;13,56;12,71
39091;134;Háčik DELPHIN HKD Feeder Smuter Ring;2,71;1;2,71;1,16;23;1;2,30;25;2,30;2,30;2,30;2,30;2,30;2,30;2,28;2,22;2,17;2,03
39092;134;Háčik DELPHIN HKD Feeder Smuter Ring;2,71;1;2,71;1,16;23;1;2,30;25;2,30;2,30;2,30;2,30;2,30;2,30;2,28;2,22;2,17;2,03
54606;134;Háčik DELPHIN HKD Feeder Smuter Ring;2,71;1;2,71;1,16;23;1;2,30;25;2,30;2,30;2,30;2,30;2,30;2,30;2,28;2,22;2,17;2,03
55114;;Lehátko CamoCODE Flat8;189,99;1;189,99;98,39;23;1;170,99;10;170,99;170,99;170,99;170,99;170,99;170,99;170,99;170,99;170,99;170,99
55486;;Taška MIVARDI Carryall CamoCODE Solid;54,99;1;54,99;27,54;23;1;49,49;10;49,49;49,49;49,49;49,49;49,49;49,49;49,49;49,49;49,49;49,49
55532;;Kreslo MIVARDI Chair CamoCODE Quattro;99,99;1;99,99;52,30;23;1;89,99;10;89,99;89,99;89,99;89,99;89,99;89,99;89,99;89,99;89,99;89,99
55568;135;Krmítko MIVARDI Method Feeder Premium L;1,29;1;1,29;0,65;23;1;1,16;10;1,16;1,16;1,16;1,16;1,16;1,16;1,16;1,16;1,16;1,16
55569;135;Krmítko MIVARDI Method Feeder Premium L;1,49;1;1,49;0,75;23;1;1,34;10;1,34;1,34;1,34;1,34;1,34;1,34;1,34;1,34;1,34;1,34
55570;135;Krmítko MIVARDI Method Feeder Premium L;1,73;1;1,73;0,85;23;1;1,56;10;1,56;1,56;1,56;1,56;1,56;1,56;1,56;1,56;1,56;1,56
55571;135;Krmítko MIVARDI Method Feeder Premium L;1,69;1;1,69;0,85;23;1;1,52;10;1,52;1,52;1,52;1,52;1,52;1,52;1,52;1,52;1,52;1,52
55572;135;Krmítko MIVARDI Method Feeder Premium L;1,99;1;1,99;1,00;23;1;1,79;10;1,79;1,79;1,79;1,79;1,79;1,79;1,79;1,79;1,79;1,79
55591;;Kreslo MIVARDI CamoCode Combi;79,99;1;79,99;46,48;23;1;71,99;10;71,99;71,99;71,99;71,99;71,99;71,99;71,99;71,99;71,99;71,99
55806;;Transportná taška MIVARDI Transport Bag for Chair CamoCODE;22,99;1;22,99;11,52;23;1;20,69;10;20,69;20,69;20,69;20,69;20,69;20,69;20,69;20,69;20,69;20,69
55851;;Náhradná sieťka pre podberák MIVARDI Hardcore;17,99;1;17,99;9,01;23;1;16,19;10;16,19;16,19;16,19;16,19;16,19;16,19;16,19;16,19;16,19;16,19
55885;136;Boilie MIVARDI Rapid Excellent Kaprí guláš;3,69;1;3,69;2,00;23;1;3,32;10;3,32;3,32;3,32;3,32;3,32;3,32;3,32;3,32;3,32;3,32
55886;136;Boilie MIVARDI Rapid Excellent Kaprí guláš;3,69;1;3,69;2,00;23;1;3,32;10;3,32;3,32;3,32;3,32;3,32;3,32;3,32;3,32;3,32;3,32
56051;137;Boilie MIVARDI Rapid Easy Catch Scopex + Smotana;7,16;1;7,16;3,67;23;1;6,44;10;6,44;6,44;6,44;6,44;6,44;6,44;6,44;6,44;6,44;6,44
56052;137;Boilie MIVARDI Rapid Easy Catch Scopex + Smotana;6,99;1;6,99;3,85;23;1;6,29;10;6,29;6,29;6,29;6,29;6,29;6,29;6,29;6,29;6,29;6,29
56053;137;Boilie MIVARDI Rapid Easy Catch Scopex + Smotana;6,99;1;6,99;3,85;23;1;6,29;10;6,29;6,29;6,29;6,29;6,29;6,29;6,29;6,29;6,29;6,29
56116;;Rybí olej MIVARDI Rapid Additive;6,99;1;6,99;3,15;23;1;6,29;10;6,29;6,29;6,29;6,29;6,29;6,29;6,29;6,29;6,29;6,29
56138;;Krmivo MIVARDI V1 Carp Scopex & Vanilka;6,99;1;6,99;3,85;23;1;6,29;10;6,29;6,29;6,29;6,29;6,29;6,29;6,29;6,29;6,29;6,29
56165;;Brolly MIVARDI Entrix XL;225,48;1;225,48;117,30;23;1;202,93;10;202,93;202,93;202,93;202,93;202,93;202,93;202,93;202,93;202,93;202,93
56192;138;Boilie MIVARDI Rapid Platinum ProActive Kráľovská slivka;3,69;1;3,69;1,83;23;1;3,32;10;3,32;3,32;3,32;3,32;3,32;3,32;3,32;3,32;3,32;3,32
56193;138;Boilie MIVARDI Rapid Platinum ProActive Kráľovská slivka;3,69;1;3,69;1,83;23;1;3,32;10;3,32;3,32;3,32;3,32;3,32;3,32;3,32;3,32;3,32;3,32
56213;;Podberák MIVARDI Easy 180;11,27;1;11,27;5,41;23;1;10,14;10;10,14;10,14;10,14;10,14;10,14;10,14;10,14;10,14;10,14;10,14
56237;;Tekutá prísada MIVARDI Rapid Fluoro Smoke Stinky;8,99;1;8,99;4,37;23;1;8,09;10;8,09;8,09;8,09;8,09;8,09;8,09;8,09;8,09;8,09;8,09
56254;;Navijak MIVARDI Omicron MK2;71,99;1;71,99;35,06;23;1;64,79;10;64,79;64,79;64,79;64,79;64,79;64,79;64,79;64,79;64,79;64,79
56270;139;Prút MIVARDI Traveller;54,99;1;54,99;27,54;23;1;49,49;10;49,49;49,49;49,49;49,49;49,49;49,49;49,49;49,49;49,49;49,49
56279;139;Prút MIVARDI Traveller;58,99;1;58,99;29,55;23;1;53,09;10;53,09;53,09;53,09;53,09;53,09;53,09;53,09;53,09;53,09;53,09
56298;;Swinger MIVARDI MCX 77 Swing Arm modrý;11,99;1;11,99;6,01;23;1;10,79;10;10,79;10,79;10,79;10,79;10,79;10,79;10,79;10,79;10,79;10,79
56303;;Prepravný box MIVARDI Hardcore s vekom, veľ. M;19,99;1;19,99;10,01;23;1;17,99;10;17,99;17,99;17,99;17,99;17,99;17,99;17,99;17,99;17,99;17,99
56323;;Svietiaca ihla MIVARDI Nite Glow Heavy Boilie Needle;3,99;1;3,99;1,88;23;1;3,59;10;3,59;3,59;3,59;3,59;3,59;3,59;3,59;3,59;3,59;3,59
56334;;Podložka vanička MIVARDI Entrix XL;51,00;1;51,00;25,85;23;1;45,90;10;45,90;45,90;45,90;45,90;45,90;45,90;45,90;45,90;45,90;45,90
56350;;Pelety MIVARDI Soft Extruded Pellets, Krill;2,48;1;2,48;1,26;23;1;2,23;10;2,23;2,23;2,23;2,23;2,23;2,23;2,23;2,23;2,23;2,23
56355;;Rozširujúca sada pre dáždnik MIVARDI Session Umbrella XL;47,99;1;47,99;24,79;23;1;43,19;10;43,19;43,19;43,19;43,19;43,19;43,19;43,19;43,19;43,19;43,19
56366;140;Komplet MIVARDI Xtra Performance Set 2in1;209,99;1;209,99;115,70;23;1;188,99;10;188,99;188,99;188,99;188,99;188,99;188,99;188,99;188,99;188,99;188,99
56367;140;Komplet MIVARDI Xtra Performance Set 2in1;209,99;1;209,99;115,70;23;1;188,99;10;188,99;188,99;188,99;188,99;188,99;188,99;188,99;188,99;188,99;188,99
56368;140;Komplet MIVARDI Xtra Performance Set 2in1;209,99;1;209,99;115,70;23;1;188,99;10;188,99;188,99;188,99;188,99;188,99;188,99;188,99;188,99;188,99;188,99
56369;140;Komplet MIVARDI Xtra Performance Set 2in1;209,99;1;209,99;115,70;23;1;188,99;10;188,99;188,99;188,99;188,99;188,99;188,99;188,99;188,99;188,99;188,99
56370;140;Komplet MIVARDI Xtra Performance Set 2in1;209,99;1;209,99;115,70;23;1;188,99;10;188,99;188,99;188,99;188,99;188,99;188,99;188,99;188,99;188,99;188,99
56371;140;Komplet MIVARDI Xtra Performance Set 2in1;209,99;1;209,99;115,70;23;1;188,99;10;188,99;188,99;188,99;188,99;188,99;188,99;188,99;188,99;188,99;188,99
57612;141;Šnúra FANATIK LEXUS 8x, 140 m;18,04;1;18,04;7,75;23;1;10,82;;10,82;10,82;10,82;10,82;10,82;10,82;10,82;10,82;10,82;10,82
57616;141;Šnúra FANATIK LEXUS 8x, 140 m;23,68;1;23,68;10,85;23;1;14,21;;14,21;14,21;14,21;14,21;14,21;14,21;14,21;14,21;14,21;14,21
57706;142;Čeburaška FANATIK Granenij MIX;1,75;1;1,75;1,08;23;1;1,05;;1,05;1,05;1,05;1,05;1,05;1,05;1,05;1,05;1,05;1,05
57710;142;Čeburaška FANATIK Granenij MIX;2,56;1;2,56;0,82;23;1;1,54;;1,54;1,54;1,54;1,54;1,54;1,54;1,54;1,54;1,54;1,54
57964;143;Nástraha FANATIK Goby 8,9 cm, 5 ks;4,92;1;4,92;3,05;23;1;2,95;;2,95;2,95;2,95;2,95;2,95;2,95;2,95;2,95;2,95;2,95
57965;143;Nástraha FANATIK Goby 8,9 cm, 5 ks;4,92;1;4,92;2,86;23;1;2,95;;2,95;2,95;2,95;2,95;2,95;2,95;2,95;2,95;2,95;2,95
57966;143;Nástraha FANATIK Goby 8,9 cm, 5 ks;4,92;1;4,92;3,05;23;1;2,95;;2,95;2,95;2,95;2,95;2,95;2,95;2,95;2,95;2,95;2,95
57967;143;Nástraha FANATIK Goby 8,9 cm, 5 ks;4,92;1;4,92;3,05;23;1;2,95;;2,95;2,95;2,95;2,95;2,95;2,95;2,95;2,95;2,95;2,95
57968;143;Nástraha FANATIK Goby 8,9 cm, 5 ks;4,92;1;4,92;3,05;23;1;2,95;;2,95;2,95;2,95;2,95;2,95;2,95;2,95;2,95;2,95;2,95
57969;143;Nástraha FANATIK Goby 8,9 cm, 5 ks;4,92;1;4,92;3,05;23;1;2,95;;2,95;2,95;2,95;2,95;2,95;2,95;2,95;2,95;2,95;2,95
57971;143;Nástraha FANATIK Goby 8,9 cm, 5 ks;4,92;1;4,92;3,05;23;1;2,95;;2,95;2,95;2,95;2,95;2,95;2,95;2,95;2,95;2,95;2,95
57972;143;Nástraha FANATIK Goby 8,9 cm, 5 ks;4,92;1;4,92;3,05;23;1;2,95;;2,95;2,95;2,95;2,95;2,95;2,95;2,95;2,95;2,95;2,95
57973;143;Nástraha FANATIK Goby 8,9 cm, 5 ks;4,92;1;4,92;3,05;23;1;2,95;;2,95;2,95;2,95;2,95;2,95;2,95;2,95;2,95;2,95;2,95
57975;143;Nástraha FANATIK Goby 8,9 cm, 5 ks;4,92;1;4,92;2,86;23;1;2,95;;2,95;2,95;2,95;2,95;2,95;2,95;2,95;2,95;2,95;2,95
57976;143;Nástraha FANATIK Goby 8,9 cm, 5 ks;4,92;1;4,92;3,05;23;1;2,95;;2,95;2,95;2,95;2,95;2,95;2,95;2,95;2,95;2,95;2,95
57977;143;Nástraha FANATIK Goby 8,9 cm, 5 ks;4,92;1;4,92;3,05;23;1;2,95;;2,95;2,95;2,95;2,95;2,95;2,95;2,95;2,95;2,95;2,95
57978;143;Nástraha FANATIK Goby 8,9 cm, 5 ks;4,92;1;4,92;2,86;23;1;2,95;;2,95;2,95;2,95;2,95;2,95;2,95;2,95;2,95;2,95;2,95
57979;143;Nástraha FANATIK Goby 8,9 cm, 5 ks;4,92;1;4,92;2,86;23;1;2,95;;2,95;2,95;2,95;2,95;2,95;2,95;2,95;2,95;2,95;2,95
58439;;Antibakteriálny sprej LK Baits Carp Clinic;7,80;1;7,80;3,60;23;1;7,80;;7,49;7,33;7,18;7,02;6,86;6,71;6,55;6,40;6,24;5,85
58931;;Dip LK BAITS CUC! Speciál;6,46;1;6,46;3,60;23;1;6,46;;6,20;6,07;5,94;5,81;5,68;5,56;5,43;5,30;5,17;4,85
58991;;Booster LK BAITS Jeseter Special Booster Cheese;10,00;1;10,00;5,24;23;1;10,00;;9,60;9,40;9,20;9,00;8,80;8,60;8,40;8,20;8,00;7,50
59175;144;Stolička MIKADO IS;15,29;1;15,29;6,34;23;1;13,91;25;13,91;13,91;13,91;13,76;13,46;13,15;12,84;12,54;12,23;11,47
59176;144;Stolička MIKADO IS;12,30;1;12,30;5,57;23;1;11,19;25;11,19;11,19;11,19;11,07;10,82;10,58;10,33;10,09;9,84;9,23
59398;145;Krmítko MIKADO AD Cage Feeder;1,16;1;1,16;0,57;23;1;1,06;25;1,06;1,06;1,06;1,04;1,02;1,00;0,97;0,95;0,93;0,87
59400;145;Krmítko MIKADO AD Cage Feeder;1,84;1;1,84;0,93;23;1;1,67;25;1,67;1,67;1,67;1,66;1,62;1,58;1,55;1,51;1,47;1,38
60260;146;Sumcový plavák Black Cat U-Float;3,17;1;3,17;1,48;23;1;3,17;;3,04;2,98;2,92;2,85;2,79;2,73;2,66;2,60;2,54;2,38
60261;146;Sumcový plavák Black Cat U-Float;3,43;1;3,43;1,57;23;1;3,43;;3,29;3,22;3,16;3,09;3,02;2,95;2,88;2,81;2,74;2,57
66837;146;Sumcový plavák Black Cat U-Float;3,51;1;3,51;1,75;23;1;3,51;;3,37;3,30;3,23;3,16;3,09;3,02;2,95;2,88;2,81;2,63
61881;147;Plavák EXPERT na rieky so silným prúdom;4,96;1;4,96;2,94;23;1;4,96;;4,76;4,66;4,56;4,46;4,36;4,27;4,17;4,07;3,97;3,72
61882;147;Plavák EXPERT na rieky so silným prúdom;4,96;1;4,96;2,94;23;1;4,96;;4,76;4,66;4,56;4,46;4,36;4,27;4,17;4,07;3,97;3,72
61885;147;Plavák EXPERT na rieky so silným prúdom;4,83;1;4,83;3,46;23;1;4,83;;4,64;4,54;4,44;4,35;4,25;4,15;4,06;3,96;3,86;3,62
62165;148;Priebežné olovo EXCENTER;1,25;1;1,25;0,76;23;1;1,25;;1,20;1,18;1,15;1,13;1,10;1,08;1,05;1,03;1,00;0,94
62168;148;Priebežné olovo EXCENTER;1,66;1;1,66;0,98;23;1;1,66;;1,59;1,56;1,53;1,49;1,46;1,43;1,39;1,36;1,33;1,25
62169;148;Priebežné olovo EXCENTER;1,81;1;1,81;1,08;23;1;1,81;;1,74;1,70;1,67;1,63;1,59;1,56;1,52;1,48;1,45;1,36
5103;149;Závesné olovo SPORTS Korda;2,28;1;2,28;1,43;23;1;2,28;;2,19;2,14;2,10;2,05;2,01;1,96;1,92;1,87;1,82;1,71
62204;149;Závesné olovo SPORTS Korda;1,81;1;1,81;1,08;23;1;1,81;;1,74;1,70;1,67;1,63;1,59;1,56;1,52;1,48;1,45;1,36
62206;149;Závesné olovo SPORTS Korda;1,99;1;1,99;1,19;23;1;1,99;;1,91;1,87;1,83;1,79;1,75;1,71;1,67;1,63;1,59;1,49
62212;149;Závesné olovo SPORTS Korda;1,25;1;1,25;0,76;23;1;1,25;;1,20;1,18;1,15;1,13;1,10;1,08;1,05;1,03;1,00;0,94
62213;149;Závesné olovo SPORTS Korda;1,39;1;1,39;0,83;23;1;1,39;;1,33;1,31;1,28;1,25;1,22;1,20;1,17;1,14;1,11;1,04
62887;150;Vlasec Black Cat Mono;10,46;1;10,46;5,25;23;1;10,46;;10,04;9,83;9,62;9,41;9,20;9,00;8,79;8,58;8,37;7,85
62888;150;Vlasec Black Cat Mono;10,46;1;10,46;5,25;23;1;10,46;;10,04;9,83;9,62;9,41;9,20;9,00;8,79;8,58;8,37;7,85
63046;151;Pelety SPORTS Profesional Big;8,14;1;8,14;4,86;23;1;8,14;;7,81;7,65;7,49;7,33;7,16;7,00;6,84;6,67;6,51;6,11
63047;151;Pelety SPORTS Profesional Big;8,14;1;8,14;4,86;23;1;8,14;;7,81;7,65;7,49;7,33;7,16;7,00;6,84;6,67;6,51;6,11
64194;;Rolnička Black Cat Big Bells schwarz/ gelb;5,50;1;5,50;2,75;23;1;5,50;;5,28;5,17;5,06;4,95;4,84;4,73;4,62;4,51;4,40;4,13
64861;;Akumulátor GT 12V/ 9Ah pre loďku M1, M2;26,90;1;26,90;21,42;23;1;26,90;;25,82;25,29;24,75;24,21;23,67;23,13;22,60;22,06;21,52;20,18
65082;;"Kryt LOWRANCE pre 4"" displej";27,05;1;27,05;21,06;23;1;27,05;4;25,97;25,97;25,97;25,97;25,97;25,97;25,97;25,97;25,97;25,97
65261;152;Prešívacia ihla SPORTS;2,10;1;2,10;1,00;23;1;2,10;;2,02;1,97;1,93;1,89;1,85;1,81;1,76;1,72;1,68;1,58
65262;152;Prešívacia ihla SPORTS;2,10;1;2,10;0,82;23;1;2,10;;2,02;1,97;1,93;1,89;1,85;1,81;1,76;1,72;1,68;1,58
65487;;Obojstranná krabička SPORTS;11,48;1;11,48;6,84;23;1;11,48;;11,02;10,79;10,56;10,33;10,10;9,87;9,64;9,41;9,18;8,61
65529;153;Nohavice GEOFF Anderson Barbarus 2;234,72;1;234,72;164,40;23;1;234,72;;225,33;220,64;215,94;211,25;206,55;201,86;197,16;192,47;187,78;176,04
65530;153;Nohavice GEOFF Anderson Barbarus 2;234,72;1;234,72;164,40;23;1;234,72;;225,33;220,64;215,94;211,25;206,55;201,86;197,16;192,47;187,78;176,04
65532;153;Nohavice GEOFF Anderson Barbarus 2;234,72;1;234,72;140,54;23;1;234,72;;225,33;220,64;215,94;211,25;206,55;201,86;197,16;192,47;187,78;176,04
65533;153;Nohavice GEOFF Anderson Barbarus 2;234,72;1;234,72;160,98;23;1;234,72;;225,33;220,64;215,94;211,25;206,55;201,86;197,16;192,47;187,78;176,04
65534;153;Nohavice GEOFF Anderson Barbarus 2;234,72;1;234,72;165,60;23;1;234,72;;225,33;220,64;215,94;211,25;206,55;201,86;197,16;192,47;187,78;176,04
65535;153;Nohavice GEOFF Anderson Barbarus 2;276,75;1;276,75;164,40;23;1;276,75;;265,68;260,15;254,61;249,08;243,54;238,01;232,47;226,94;221,40;207,56
65589;154;Plávajúca nástraha SPORTS Kaprí sen 5 mm;2,08;1;2,08;1,07;23;1;2,08;;2,00;1,96;1,91;1,87;1,83;1,79;1,75;1,71;1,66;1,56
65590;154;Plávajúca nástraha SPORTS Kaprí sen 5 mm;2,08;1;2,08;1,25;23;1;2,08;;2,00;1,96;1,91;1,87;1,83;1,79;1,75;1,71;1,66;1,56
65591;154;Plávajúca nástraha SPORTS Kaprí sen 5 mm;2,08;1;2,08;1,25;23;1;2,08;;2,00;1,96;1,91;1,87;1,83;1,79;1,75;1,71;1,66;1,56
65593;154;Plávajúca nástraha SPORTS Kaprí sen 5 mm;2,08;1;2,08;1,25;23;1;2,08;;2,00;1,96;1,91;1,87;1,83;1,79;1,75;1,71;1,66;1,56
65594;154;Plávajúca nástraha SPORTS Kaprí sen 5 mm;2,08;1;2,08;1,25;23;1;2,08;;2,00;1,96;1,91;1,87;1,83;1,79;1,75;1,71;1,66;1,56
65718;;Čiapka GEOFF Anderson WizWool 210, šedá;30,70;1;30,70;16,00;23;1;30,70;;29,47;28,86;28,24;27,63;27,02;26,40;25,79;25,17;24,56;23,03
65770;;Dipovaná umelá nástraha FishUp Real Craw, 4,8 cm, 7 ks;6,62;1;6,62;4,18;23;1;6,62;;6,36;6,22;6,09;5,96;5,83;5,69;5,56;5,43;5,30;4,97
65789;;Sonar LOWRANCE Eagle 5 Splitshot;426,18;1;426,18;340,10;23;1;426,18;4;409,13;409,13;409,13;409,13;409,13;409,13;409,13;409,13;409,13;409,13
65804;155;Nepremokavá bunda Geoff Anderson WS 7 šedá;511,47;1;511,47;347,79;23;1;511,47;;491,01;480,78;470,55;460,32;450,09;439,86;429,63;419,41;409,18;383,60
65805;155;Nepremokavá bunda Geoff Anderson WS 7 šedá;511,47;1;511,47;347,79;23;1;511,47;;491,01;480,78;470,55;460,32;450,09;439,86;429,63;419,41;409,18;383,60
65806;155;Nepremokavá bunda Geoff Anderson WS 7 šedá;511,47;1;511,47;347,79;23;1;511,47;;491,01;480,78;470,55;460,32;450,09;439,86;429,63;419,41;409,18;383,60
65807;155;Nepremokavá bunda Geoff Anderson WS 7 šedá;511,47;1;511,47;347,79;23;1;511,47;;491,01;480,78;470,55;460,32;450,09;439,86;429,63;419,41;409,18;383,60
65808;155;Nepremokavá bunda Geoff Anderson WS 7 šedá;511,47;1;511,47;347,79;23;1;511,47;;491,01;480,78;470,55;460,32;450,09;439,86;429,63;419,41;409,18;383,60
65809;155;Nepremokavá bunda Geoff Anderson WS 7 šedá;511,47;1;511,47;347,79;23;1;511,47;;491,01;480,78;470,55;460,32;450,09;439,86;429,63;419,41;409,18;383,60
65810;155;Nepremokavá bunda Geoff Anderson WS 7 šedá;654,98;1;654,98;347,79;23;1;654,98;;628,78;615,68;602,58;589,48;576,38;563,28;550,18;537,08;523,98;491,24
65872;156;Prút SPORTEX Black Pearl Maxx;163,95;1;163,95;111,49;23;1;163,95;;157,39;154,11;150,83;147,56;144,28;141,00;137,72;134,44;131,16;122,96
65873;156;Prút SPORTEX Black Pearl Maxx;174,20;1;174,20;118,46;23;1;174,20;;167,23;163,75;160,26;156,78;153,30;149,81;146,33;142,84;139,36;130,65
65874;156;Prút SPORTEX Black Pearl Maxx;184,45;1;184,45;125,41;23;1;184,45;;177,07;173,38;169,69;166,01;162,32;158,63;154,94;151,25;147,56;138,34
65875;156;Prút SPORTEX Black Pearl Maxx;194,70;1;194,70;132,40;23;1;194,70;;186,91;183,02;179,12;175,23;171,34;167,44;163,55;159,65;155,76;146,03
65876;156;Prút SPORTEX Black Pearl Maxx;204,95;1;204,95;139,36;23;1;204,95;;196,75;192,65;188,55;184,46;180,36;176,26;172,16;168,06;163,96;153,71
65877;156;Prút SPORTEX Black Pearl Maxx;184,45;1;184,45;125,41;23;1;184,45;;177,07;173,38;169,69;166,01;162,32;158,63;154,94;151,25;147,56;138,34
65878;156;Prút SPORTEX Black Pearl Maxx;194,70;1;194,70;132,40;23;1;194,70;;186,91;183,02;179,12;175,23;171,34;167,44;163,55;159,65;155,76;146,03
65879;156;Prút SPORTEX Black Pearl Maxx;204,95;1;204,95;139,37;23;1;204,95;;196,75;192,65;188,55;184,46;180,36;176,26;172,16;168,06;163,96;153,71
65880;156;Prút SPORTEX Black Pearl Maxx;215,20;1;215,20;146,33;23;1;215,20;;206,59;202,29;197,98;193,68;189,38;185,07;180,77;176,46;172,16;161,40
65881;156;Prút SPORTEX Black Pearl Maxx;215,20;1;215,20;146,32;23;1;215,20;;206,59;202,29;197,98;193,68;189,38;185,07;180,77;176,46;172,16;161,40
65882;156;Prút SPORTEX Black Pearl Maxx;225,45;1;225,45;153,31;23;1;225,45;;216,43;211,92;207,41;202,91;198,40;193,89;189,38;184,87;180,36;169,09
65883;157;Prút SPORTEX Revolt Ultra Light;440,70;1;440,70;352,54;23;1;440,70;;423,07;414,26;405,44;396,63;387,82;379,00;370,19;361,37;352,56;330,53
65885;157;Prút SPORTEX Revolt Ultra Light;461,20;1;461,20;368,95;23;1;461,20;;442,75;433,53;424,30;415,08;405,86;396,63;387,41;378,18;368,96;345,90
65900;;Čiapka Geoff Anderson PowerWool Grid Hood;42,00;1;42,00;8,61;23;1;42,00;;40,32;39,48;38,64;37,80;36,96;36,12;35,28;34,44;33,60;31,50
65918;158;Termo tričko GEOFF Anderson WizWool 150;102,50;1;102,50;69,69;23;1;102,50;;98,40;96,35;94,30;92,25;90,20;88,15;86,10;84,05;82,00;76,88
65919;158;Termo tričko GEOFF Anderson WizWool 150;102,50;1;102,50;69,69;23;1;102,50;;98,40;96,35;94,30;92,25;90,20;88,15;86,10;84,05;82,00;76,88
65920;158;Termo tričko GEOFF Anderson WizWool 150;102,50;1;102,50;69,69;23;1;102,50;;98,40;96,35;94,30;92,25;90,20;88,15;86,10;84,05;82,00;76,88
65921;158;Termo tričko GEOFF Anderson WizWool 150;102,50;1;102,50;69,69;23;1;102,50;;98,40;96,35;94,30;92,25;90,20;88,15;86,10;84,05;82,00;76,88
65922;158;Termo tričko GEOFF Anderson WizWool 150;102,50;1;102,50;69,69;23;1;102,50;;98,40;96,35;94,30;92,25;90,20;88,15;86,10;84,05;82,00;76,88
65923;158;Termo tričko GEOFF Anderson WizWool 150;102,50;1;102,50;69,69;23;1;102,50;;98,40;96,35;94,30;92,25;90,20;88,15;86,10;84,05;82,00;76,88
65924;158;Termo tričko GEOFF Anderson WizWool 150;102,50;1;102,50;69,69;23;1;102,50;;98,40;96,35;94,30;92,25;90,20;88,15;86,10;84,05;82,00;76,88
66711;;Nástraha QUANTUM 4Street Pike Chatter 9 g;8,67;1;8,67;3,85;23;1;8,67;;8,32;8,15;7,98;7,80;7,63;7,46;7,28;7,11;6,94;6,50
66868;;Vobler QUANTUM Fat Minnow DR, 4 cm;9,13;1;9,13;1,98;23;1;9,13;;8,76;8,58;8,40;8,22;8,03;7,85;7,67;7,49;7,30;6,85
66899;;Obratlíky RADICAL Z-Carp PVA Swivel Mat Black;3,69;1;3,69;0,52;23;1;3,69;;3,54;3,47;3,39;3,32;3,25;3,17;3,10;3,03;2,95;2,77
66921;;Elektromotor RHINO BLX 60 V2 Electric Outboard Motor;649,99;1;649,99;398,77;23;1;649,99;;623,99;610,99;597,99;584,99;571,99;558,99;545,99;532,99;519,99;487,49
67146;159;Plavák MIKADO Float Livebait ESP;0,75;1;0,75;0,24;23;1;0,68;25;0,68;0,68;0,68;0,68;0,66;0,65;0,63;0,62;0,60;0,56
67148;159;Plavák MIKADO Float Livebait ESP;0,81;1;0,81;0,34;23;1;0,74;25;0,74;0,74;0,74;0,73;0,71;0,70;0,68;0,66;0,65;0,61
67281;;Krabička MIKADO H415;4,49;1;4,49;1,64;23;1;4,09;25;4,09;4,09;4,09;4,04;3,95;3,86;3,77;3,68;3,59;3,37
67293;;Podložka MIKADO Mat Unhooking;14,78;1;14,78;5,28;23;1;13,45;25;13,45;13,45;13,45;13,30;13,01;12,71;12,42;12,12;11,82;11,09
67389;160;Kopyto MIKADO Fishunter 5cm;0,46;1;0,46;0,14;23;1;0,42;25;0,42;0,42;0,42;0,41;0,40;0,40;0,39;0,38;0,37;0,35
68253;160;Kopyto MIKADO Fishunter 5cm;0,57;1;0,57;0,16;23;1;0,52;25;0,52;0,52;0,52;0,51;0,50;0,49;0,48;0,47;0,46;0,43
67664;;Krabička MIKADO Bait Box;1,49;1;1,49;0,63;23;1;1,36;25;1,36;1,36;1,36;1,34;1,31;1,28;1,25;1,22;1,19;1,12
67838;;Umelá kukurica MIKADO Corn Double Balanced;2,48;1;2,48;0,92;23;1;2,26;25;2,26;2,26;2,26;2,23;2,18;2,13;2,08;2,03;1,98;1,86
67846;;Šnúra MIKADO Coated Braid Premium;5,07;1;5,07;1,94;23;1;4,61;25;4,61;4,61;4,61;4,56;4,46;4,36;4,26;4,16;4,06;3,80
68007;161;Skrutka MIKADO Screw s krúžkom;1,39;1;1,39;0,61;23;1;1,26;25;1,26;1,26;1,26;1,25;1,22;1,20;1,17;1,14;1,11;1,04
68008;161;Skrutka MIKADO Screw s krúžkom;2,25;1;2,25;0,95;23;1;2,05;25;2,05;2,05;2,05;2,03;1,98;1,94;1,89;1,85;1,80;1,69
68060;;Držiak vlasca MIKADO Bait Boat Line Clip;13,39;1;13,39;5,30;23;1;12,18;25;12,18;12,18;12,18;12,05;11,78;11,52;11,25;10,98;10,71;10,04
68157;162;SET krmítka + forma MIKADO Method Feeder Aperio L;8,95;1;8,95;3,85;23;1;8,14;25;8,14;8,14;8,14;8,06;7,88;7,70;7,52;7,34;7,16;6,71
68373;162;SET krmítka + forma MIKADO Method Feeder Aperio L;9,50;1;9,50;4,09;23;1;8,65;25;8,65;8,65;8,65;8,55;8,36;8,17;7,98;7,79;7,60;7,13
68195;;Krabička MIKADO Box Baits na nástrahy;3,99;1;3,99;1,73;23;1;3,63;25;3,63;3,63;3,63;3,59;3,51;3,43;3,35;3,27;3,19;2,99
68384;;Krabica MIKADO Deep With Compartments;11,00;1;11,00;5,81;23;1;10,01;25;10,01;10,01;10,01;9,90;9,68;9,46;9,24;9,02;8,80;8,25
68401;163;Prút MIKADO Noctis X Carp;72,80;1;72,80;39,46;23;1;66,25;25;66,25;66,25;66,25;65,52;64,06;62,61;61,15;59,70;58,24;54,60
68402;163;Prút MIKADO Noctis X Carp;79,79;1;79,79;46,34;23;1;72,61;25;72,61;72,61;72,61;71,81;70,22;68,62;67,02;65,43;63,83;59,84
68426;164;Signalizátor MIKADO Eco Carp;11,09;1;11,09;5,12;23;1;10,09;25;10,09;10,09;10,09;9,98;9,76;9,54;9,32;9,09;8,87;8,32
68427;164;Signalizátor MIKADO Eco Carp;11,09;1;11,09;5,12;23;1;10,09;25;10,09;10,09;10,09;9,98;9,76;9,54;9,32;9,09;8,87;8,32
68428;164;Signalizátor MIKADO Eco Carp;11,09;1;11,09;5,12;23;1;10,09;25;10,09;10,09;10,09;9,98;9,76;9,54;9,32;9,09;8,87;8,32
68444;165;Nadväzec MIKADO Method Feeder Rig s gumičkou;3,06;1;3,06;1,38;23;1;2,78;25;2,78;2,78;2,78;2,75;2,69;2,63;2,57;2,51;2,45;2,30
68445;165;Nadväzec MIKADO Method Feeder Rig s gumičkou;2,98;1;2,98;1,38;23;1;2,71;25;2,71;2,71;2,71;2,68;2,62;2,56;2,50;2,44;2,38;2,24
68446;165;Nadväzec MIKADO Method Feeder Rig s gumičkou;3,22;1;3,22;1,50;23;1;2,93;25;2,93;2,93;2,93;2,90;2,83;2,77;2,70;2,64;2,58;2,42
68447;165;Nadväzec MIKADO Method Feeder Rig s gumičkou;3,05;1;3,05;1,56;23;1;2,78;25;2,78;2,78;2,78;2,75;2,68;2,62;2,56;2,50;2,44;2,29
68448;165;Nadväzec MIKADO Method Feeder Rig s gumičkou;2,96;1;2,96;1,52;23;1;2,69;25;2,69;2,69;2,69;2,66;2,60;2,55;2,49;2,43;2,37;2,22
68528;;Vedro MIKADO Method Feeder EVA;22,93;1;22,93;8,33;23;1;20,87;25;20,87;20,87;20,87;20,64;20,18;19,72;19,26;18,80;18,34;17,20
68549;;Držiak MIKADO Grip;2,69;1;2,69;1,03;23;1;2,45;25;2,45;2,45;2,45;2,42;2,37;2,31;2,26;2,21;2,15;2,02
68594;;Kolíky MIKADO Bivvy Pegs Long;13,89;1;13,89;5,27;23;1;12,64;25;12,64;12,64;12,64;12,50;12,22;11,95;11,67;11,39;11,11;10,42
68661;;Navijak MIKADO Silupro 5009 FD;94,99;1;94,99;44,25;23;1;86,44;25;86,44;86,44;86,44;85,49;83,59;81,69;79,79;77,89;75,99;71,24
68701;166;Háčiky MIKADO Sensual Tanago W/Ring;1,39;1;1,39;0,46;23;1;1,26;25;1,26;1,26;1,26;1,25;1,22;1,20;1,17;1,14;1,11;1,04
68702;166;Háčiky MIKADO Sensual Tanago W/Ring;1,39;1;1,39;0,44;23;1;1,26;25;1,26;1,26;1,26;1,25;1,22;1,20;1,17;1,14;1,11;1,04
68726;;Vlasec MIKADO Sensual N.G. Classic 0,26 mm/ 12 kg, 300 m;6,19;1;6,19;2,07;23;1;5,63;25;5,63;5,63;5,63;5,57;5,45;5,32;5,20;5,08;4,95;4,64
68743;167;Nadväzec MIKADO Method Feeder Rig with Spike Barbed Hooks, 8 ks;4,99;1;4,99;1,94;23;1;4,54;25;4,54;4,54;4,54;4,49;4,39;4,29;4,19;4,09;3,99;3,74
68744;167;Nadväzec MIKADO Method Feeder Rig with Spike Barbed Hooks, 8 ks;4,99;1;4,99;1,94;23;1;4,54;25;4,54;4,54;4,54;4,49;4,39;4,29;4,19;4,09;3,99;3,74
68745;167;Nadväzec MIKADO Method Feeder Rig with Spike Barbed Hooks, 8 ks;4,99;1;4,99;1,94;23;1;4,54;25;4,54;4,54;4,54;4,49;4,39;4,29;4,19;4,09;3,99;3,74
68746;167;Nadväzec MIKADO Method Feeder Rig with Spike Barbed Hooks, 8 ks;4,99;1;4,99;1,94;23;1;4,54;25;4,54;4,54;4,54;4,49;4,39;4,29;4,19;4,09;3,99;3,74
68747;167;Nadväzec MIKADO Method Feeder Rig with Spike Barbed Hooks, 8 ks;4,99;1;4,99;1,86;23;1;4,54;25;4,54;4,54;4,54;4,49;4,39;4,29;4,19;4,09;3,99;3,74
69001;;Pelety LK BAITS Pop Up v dipe Sumec Special;9,90;1;9,90;5,00;23;1;9,90;;9,50;9,31;9,11;8,91;8,71;8,51;8,32;8,12;7,92;7,43
69048;168;Boilie LK BAITS Nutrigo Balanc Particle Honey Corn;12,09;1;12,09;6,90;23;1;12,09;;11,61;11,36;11,12;10,88;10,64;10,40;10,16;9,91;9,67;9,07
69052;168;Boilie LK BAITS Nutrigo Balanc Particle Honey Corn;0,00;1;0,00;0,00;;;0,00;0;0,00;0,00;0,00;0,00;0,00;0,00;0,00;0,00;0,00;0,00
69070;;Boilie LK BAITS Nutrigo Wafters Monster Crab & Pepper;6,15;1;6,15;3,30;23;1;6,15;;5,90;5,78;5,66;5,54;5,41;5,29;5,17;5,04;4,92;4,61
69095;;Pelety LK BAITS Pop Up v dipe, Halibut;6,30;1;6,30;3,10;23;1;6,30;;6,05;5,92;5,80;5,67;5,54;5,42;5,29;5,17;5,04;4,73
69135;;Varený partikel LK BAITS Extra Amur, 1 kg;6,30;1;6,30;3,56;23;1;6,30;;6,05;5,92;5,80;5,67;5,54;5,42;5,29;5,17;5,04;4,73
69707;;Puzdro CarpZoom Hanzo EVA 145 cm;25,01;1;25,01;14,88;23;1;25,01;;24,01;23,51;23,01;22,51;22,01;21,51;21,01;20,51;20,01;18,76
69762;;Sada oloviek a hadičiek CARPZOOM Split Shots & Float Sleeves;4,00;1;4,00;2,40;23;1;4,00;;3,84;3,76;3,68;3,60;3,52;3,44;3,36;3,28;3,20;3,00
7025;;Krabička ABM-008;1,29;1;1,29;0,54;23;1;1,17;25;1,17;1,17;1,17;1,16;1,14;1,11;1,08;1,06;1,03;0,97
7229;169;Chemické svetlo ROBINSON;0,44;1;0,44;0,22;23;1;0,44;;0,42;0,41;0,40;0,40;0,39;0,38;0,37;0,36;0,35;0,33
7230;169;Chemické svetlo ROBINSON;0,52;1;0,52;0,25;23;1;0,52;;0,50;0,49;0,48;0,47;0,46;0,45;0,44;0,43;0,42;0,39
7231;169;Chemické svetlo ROBINSON;0,43;1;0,43;0,26;23;1;0,43;;0,41;0,40;0,40;0,39;0,38;0,37;0,36;0,35;0,34;0,32
73479;170;Vobler GUNKI Gamera HW, Fario;8,70;1;8,70;3,98;23;1;8,70;;8,35;8,18;8,00;7,83;7,66;7,48;7,31;7,13;6,96;6,53
73493;170;Vobler GUNKI Gamera HW, Fario;8,70;1;8,70;3,98;23;1;8,70;;8,35;8,18;8,00;7,83;7,66;7,48;7,31;7,13;6,96;6,53
73499;170;Vobler GUNKI Gamera HW, Fario;8,95;1;8,95;4,17;23;1;8,95;;8,59;8,41;8,23;8,06;7,88;7,70;7,52;7,34;7,16;6,71
104071;171;Boilie STARBAITS Grab & Go Global Tutti Frutti;6,67;1;6,67;3,28;23;1;6,67;;6,40;6,27;6,14;6,00;5,87;5,74;5,60;5,47;5,34;5,00
104072;171;Boilie STARBAITS Grab & Go Global Tutti Frutti;16,35;1;16,35;7,82;23;1;16,35;;15,70;15,37;15,04;14,72;14,39;14,06;13,73;13,41;13,08;12,26
73610;171;Boilie STARBAITS Grab & Go Global Tutti Frutti;14,99;1;14,99;7,48;23;1;14,99;;14,39;14,09;13,79;13,49;13,19;12,89;12,59;12,29;11,99;11,24
73628;;Krmivo MONDIAL F Method & Feeder;3,20;1;3,20;1,50;23;1;3,20;;3,07;3,01;2,94;2,88;2,82;2,75;2,69;2,62;2,56;2,40
74173;172;Háčiky STARBAITS Power Hook PTFE Coated Curved Shank;5,60;1;5,60;2,55;23;1;5,60;;5,38;5,26;5,15;5,04;4,93;4,82;4,70;4,59;4,48;4,20
74174;172;Háčiky STARBAITS Power Hook PTFE Coated Curved Shank;5,60;1;5,60;2,70;23;1;5,60;;5,38;5,26;5,15;5,04;4,93;4,82;4,70;4,59;4,48;4,20
74473;;Method mix STARBAITS Method & Stick Mix Hot Demon;15,50;1;15,50;7,28;23;1;15,50;;14,88;14,57;14,26;13,95;13,64;13,33;13,02;12,71;12,40;11,63
74656;;Držiak SENSAS Folding Butt;1,70;1;1,70;0,84;23;1;1,70;;1,63;1,60;1,56;1,53;1,50;1,46;1,43;1,39;1,36;1,28
74715;;Partikel STARBAITS Ready Seeds Hot Demon Tigernuts (tigrí orech);14,50;1;14,50;6,64;23;1;14,50;;13,92;13,63;13,34;13,05;12,76;12,47;12,18;11,89;11,60;10,88
74787;;Podberák GUNKI Epuisette Fast Clip 65x60cm;53,95;1;53,95;25,00;23;1;53,95;;51,79;50,71;49,63;48,56;47,48;46,40;45,32;44,24;43,16;40,46
74869;;Dropper STARBAITS Hold Up Fermented Shrimp, 30 ml;9,95;1;9,95;5,15;23;1;9,95;;9,55;9,35;9,15;8,96;8,76;8,56;8,36;8,16;7,96;7,46
74890;;Boilie STARBAITS Grab & Go Global Pop Up Scopex;3,70;1;3,70;1,88;23;1;3,70;;3,55;3,48;3,40;3,33;3,26;3,18;3,11;3,03;2,96;2,78
74931;;Nástraha GUNKI Boomer 14 g, Fire Tiger M.S;11,40;1;11,40;5,79;23;1;11,40;;10,94;10,72;10,49;10,26;10,03;9,80;9,58;9,35;9,12;8,55
75358;173;Háčik HAYABUSA P1;3,38;1;3,38;2,00;23;1;3,38;;3,24;3,18;3,11;3,04;2,97;2,91;2,84;2,77;2,70;2,54
75360;173;Háčik HAYABUSA P1;3,30;1;3,30;1,86;23;1;3,30;;3,17;3,10;3,04;2,97;2,90;2,84;2,77;2,71;2,64;2,48
75512;174;Zapichovací tŕň MISTRALL s konektorom;1,89;1;1,89;1,02;23;1;1,89;;1,81;1,78;1,74;1,70;1,66;1,63;1,59;1,55;1,51;1,42
75513;174;Zapichovací tŕň MISTRALL s konektorom;1,89;1;1,89;1,02;23;1;1,89;;1,81;1,78;1,74;1,70;1,66;1,63;1,59;1,55;1,51;1,42
75593;;Plandavka MISTRALL Kiro PTA, 3 g;2,60;1;2,60;1,30;23;1;2,60;;2,50;2,44;2,39;2,34;2,29;2,24;2,18;2,13;2,08;1,95
76374;;Dáždnik CARPERS Tanker Umbrella;138,38;1;138,38;69,00;23;1;138,38;;132,84;130,08;127,31;124,54;121,77;119,01;116,24;113,47;110,70;103,79
76481;;Lepiaca páska McNett Tenacious Max Flex Patches;9,50;1;;;23;1;;;9,12;8,93;8,74;8,55;8,36;8,17;7,98;7,79;7,60;7,13
26917;175;Navijaky Okuma Longbow XT Baitfeeder LBXT;64,00;1;64,00;31,96;23;1;64,00;;61,44;60,16;58,88;57,60;56,32;55,04;53,76;52,48;51,20;48,00
26921;175;Navijaky Okuma Longbow XT Baitfeeder LBXT;69,00;1;69,00;36,08;23;1;69,00;;66,24;64,86;63,48;62,10;60,72;59,34;57,96;56,58;55,20;51,75
76525;175;Navijaky Okuma Longbow XT Baitfeeder LBXT;82,00;1;82,00;49,15;23;1;82,00;;78,72;77,08;75,44;73,80;72,16;70,52;68,88;67,24;65,60;61,50
76561;;Naviják OKUMA Surf 8K;109,00;1;109,00;53,96;23;1;109,00;;104,64;102,46;100,28;98,10;95,92;93,74;91,56;89,38;87,20;81,75
76627;176;Rotačka MEPPS Aglia Long Redbo Pack;3,70;1;3,70;2,23;23;1;3,70;;3,55;3,48;3,40;3,33;3,26;3,18;3,11;3,03;2,96;2,78
76628;176;Rotačka MEPPS Aglia Long Redbo Pack;4,19;1;4,19;2,55;23;1;4,19;;4,02;3,94;3,85;3,77;3,69;3,60;3,52;3,44;3,35;3,14
76629;176;Rotačka MEPPS Aglia Long Redbo Pack;5,74;1;5,74;3,40;23;1;5,74;;5,51;5,40;5,28;5,17;5,05;4,94;4,82;4,71;4,59;4,31
76643;177;Ponožky ESOX EFT;7,90;1;7,90;4,71;23;1;7,90;;7,58;7,43;7,27;7,11;6,95;6,79;6,64;6,48;6,32;5,93
76644;177;Ponožky ESOX EFT;7,90;1;7,90;5,88;23;1;7,90;;7,58;7,43;7,27;7,11;6,95;6,79;6,64;6,48;6,32;5,93
76683;;Navijak OKUMA Inception INC 8000;84,89;1;84,89;51,61;23;1;84,89;;81,49;79,80;78,10;76,40;74,70;73,01;71,31;69,61;67,91;63,67
76718;;Náhradná cievka pre navijak TICA GG 100;10,90;1;10,90;8,15;23;1;10,90;;10,46;10,25;10,03;9,81;9,59;9,37;9,16;8,94;8,72;8,18
76755;;Rotačka MEPPS Black Fury;3,70;1;3,70;1,86;23;1;3,70;;3,55;3,48;3,40;3,33;3,26;3,18;3,11;3,03;2,96;2,78
77086;178;Naviják DAIWA Prorex X LT;82,00;1;82,00;36,89;23;1;82,00;;78,72;77,08;75,44;73,80;72,16;70,52;68,88;67,24;65,60;61,50
77087;178;Naviják DAIWA Prorex X LT;86,10;1;86,10;38,75;23;1;86,10;;82,66;80,93;79,21;77,49;75,77;74,05;72,32;70,60;68,88;64,58
77221;;Navijak DAIWA Emblem 45 SCW QD OT;193,72;1;193,72;105,30;23;1;193,72;;185,97;182,10;178,22;174,35;170,47;166,60;162,72;158,85;154,98;145,29
77302;;SET = Naviják DAIWA RX LT 1000 + šatka MIKADO;46,12;1;46,12;18,29;23;1;46,12;;44,28;43,35;42,43;41,51;40,59;39,66;38,74;37,82;36,90;34,59
77358;179;udica DAIWA Emblem Carp 3,90m, 3,5lb;143,00;1;;;23;1;;;137,28;134,42;131,56;128,70;125,84;122,98;120,12;117,26;114,40;107,25
77359;179;udica DAIWA Emblem Carp 3,90m, 3,5lb;143,00;1;;;23;1;;;137,28;134,42;131,56;128,70;125,84;122,98;120,12;117,26;114,40;107,25
77488;;Navijak DAIWA N‘ZON Distance 25;92,15;1;92,15;64,71;23;1;92,15;;88,46;86,62;84,78;82,94;81,09;79,25;77,41;75,56;73,72;69,11
77644;180;Prút DAIWA Crossfire Jiggerspin;63,55;1;63,55;30,75;23;1;63,55;;61,01;59,74;58,47;57,20;55,92;54,65;53,38;52,11;50,84;47,66
77645;180;Prút DAIWA Crossfire Jiggerspin;66,63;1;66,63;33,00;23;1;66,63;;63,96;62,63;61,30;59,97;58,63;57,30;55,97;54,64;53,30;49,97
77666;181;Navijak DAIWA 23 Lexa LT;184,50;1;184,50;99,90;23;1;184,50;;177,12;173,43;169,74;166,05;162,36;158,67;154,98;151,29;147,60;138,38
77667;181;Navijak DAIWA 23 Lexa LT;184,50;1;184,50;99,90;23;1;184,50;;177,12;173,43;169,74;166,05;162,36;158,67;154,98;151,29;147,60;138,38
77668;181;Navijak DAIWA 23 Lexa LT;197,82;1;197,82;107,10;23;1;197,82;;189,91;185,95;181,99;178,04;174,08;170,13;166,17;162,21;158,26;148,37
77669;181;Navijak DAIWA 23 Lexa LT;197,82;1;197,82;107,10;23;1;197,82;;189,91;185,95;181,99;178,04;174,08;170,13;166,17;162,21;158,26;148,37
77670;181;Navijak DAIWA 23 Lexa LT;193,00;1;193,00;;23;1;193,00;;185,28;181,42;177,56;173,70;169,84;165,98;162,12;158,26;154,40;144,75
77671;181;Navijak DAIWA 23 Lexa LT;197,82;1;197,82;107,10;23;1;197,82;;189,91;185,95;181,99;178,04;174,08;170,13;166,17;162,21;158,26;148,37
77672;181;Navijak DAIWA 23 Lexa LT;208,08;1;208,08;112,50;23;1;208,08;;199,76;195,60;191,43;187,27;183,11;178,95;174,79;170,63;166,46;156,06
77673;181;Navijak DAIWA 23 Lexa LT;208,08;1;208,08;112,50;23;1;208,08;;199,76;195,60;191,43;187,27;183,11;178,95;174,79;170,63;166,46;156,06
77674;181;Navijak DAIWA 23 Lexa LT;214,23;1;214,23;116,10;23;1;214,23;;205,66;201,38;197,09;192,81;188,52;184,24;179,95;175,67;171,38;160,67
77722;;Navijak DAIWA 23 Emblem Surf 45 SCW QD;230,62;1;230,62;125,10;23;1;230,62;;221,40;216,78;212,17;207,56;202,95;198,33;193,72;189,11;184,50;172,97
77862;182;Prút DAIWA Ballistic X Spin;156,00;1;156,00;81,00;23;1;156,00;;149,76;146,64;143,52;140,40;137,28;134,16;131,04;127,92;124,80;117,00
77863;182;Prút DAIWA Ballistic X Spin;158,01;1;158,01;82,50;23;1;158,01;;151,69;148,53;145,37;142,21;139,05;135,89;132,73;129,57;126,41;118,51
77880;183;Prút DAIWA Ninja X-Compact Spin;105,01;1;105,01;44,02;23;1;105,01;;100,81;98,71;96,61;94,51;92,41;90,31;88,21;86,11;84,01;78,76
77881;183;Prút DAIWA Ninja X-Compact Spin;116,00;1;116,00;48,36;23;1;116,00;;111,36;109,04;106,72;104,40;102,08;99,76;97,44;95,12;92,80;87,00
79022;;Magnetický háčik NGT Bivvy & Brolly Hooks, 2 ks;7,79;1;7,79;3,70;23;1;7,79;;7,48;7,32;7,17;7,01;6,86;6,70;6,54;6,39;6,23;5,84
7906-10;184;Obratlík s karabínkou ROBINSON;1,49;1;1,49;0,90;23;1;1,49;;1,43;1,40;1,37;1,34;1,31;1,28;1,25;1,22;1,19;1,12
7906-12;184;Obratlík s karabínkou ROBINSON;1,49;1;1,49;0,79;23;1;1,49;;1,43;1,40;1,37;1,34;1,31;1,28;1,25;1,22;1,19;1,12
7906-14;184;Obratlík s karabínkou ROBINSON;1,39;1;1,39;0,86;23;1;1,39;;1,33;1,31;1,28;1,25;1,22;1,20;1,17;1,14;1,11;1,04
7906-6;184;Obratlík s karabínkou ROBINSON;1,59;1;1,59;0,79;23;1;1,59;;1,53;1,49;1,46;1,43;1,40;1,37;1,34;1,30;1,27;1,19
7906-8;184;Obratlík s karabínkou ROBINSON;1,50;1;1,50;0,79;23;1;1,50;;1,44;1,41;1,38;1,35;1,32;1,29;1,26;1,23;1,20;1,13
79144;;Stoper EXTRA CARP Boilie Stops;1,17;1;1,17;0,51;23;1;1,17;;1,12;1,10;1,08;1,05;1,03;1,01;0,98;0,96;0,94;0,88
79173;;Sada swingrov ZFISH Enigma, 3 ks;41,09;1;41,09;19,39;23;1;41,09;;39,45;38,62;37,80;36,98;36,16;35,34;34,52;33,69;32,87;30,82
79209;;Navijak ZFISH Sygna Black 9000;81,50;1;81,50;35,76;23;1;81,50;;78,24;76,61;74,98;73,35;71,72;70,09;68,46;66,83;65,20;61,13
79269;;Vážiaci sak ZFISH Select Weight Sling;28,30;1;28,30;13,44;23;1;28,30;;27,17;26,60;26,04;25,47;24,90;24,34;23,77;23,21;22,64;21,23
79285;185;Chytacie pelety ZFISH Premium Halibut, 8 mm;3,51;1;3,51;1,36;23;1;3,51;;3,37;3,30;3,23;3,16;3,09;3,02;2,95;2,88;2,81;2,63
79286;185;Chytacie pelety ZFISH Premium Halibut, 8 mm;3,60;1;3,60;1,33;23;1;3,60;;3,46;3,38;3,31;3,24;3,17;3,10;3,02;2,95;2,88;2,70
79301;;Montáž FILFISHING Filex Feeder System, 6 ks;1,57;1;1,57;0,63;23;1;1,57;;1,51;1,48;1,44;1,41;1,38;1,35;1,32;1,29;1,26;1,18
79321;;Podložka ZFISH Carp Cradle Select;61,70;1;61,70;30,85;23;1;61,70;;59,23;58,00;56,76;55,53;54,30;53,06;51,83;50,59;49,36;46,28
79353;;Peračník ZFISH Smartbox ZFR;14,14;1;14,14;6,81;23;1;14,14;;13,57;13,29;13,01;12,73;12,44;12,16;11,88;11,59;11,31;10,61
79371;;Vedro ZFISH Z-Core Bucket, 17 litrov;10,25;1;10,25;4,50;23;1;10,25;;9,84;9,64;9,43;9,23;9,02;8,82;8,61;8,41;8,20;7,69
79403;;Nadväzec ZFISH Ronnie Rig Boom 18 cm, 30 lb;4,10;1;4,10;1,72;23;1;4,10;;3,94;3,85;3,77;3,69;3,61;3,53;3,44;3,36;3,28;3,08
80800;186;Nadväzcová šnúra VAGNER Hook Leader Camo Multicolor, 25 m;12,46;1;12,46;7,70;23;1;12,46;;11,96;11,71;11,46;11,21;10,96;10,72;10,47;10,22;9,97;9,35
80801;186;Nadväzcová šnúra VAGNER Hook Leader Camo Multicolor, 25 m;12,46;1;12,46;7,70;23;1;12,46;;11,96;11,71;11,46;11,21;10,96;10,72;10,47;10,22;9,97;9,35
80802;186;Nadväzcová šnúra VAGNER Hook Leader Camo Multicolor, 25 m;11,99;1;11,99;8,08;23;1;11,99;;11,51;11,27;11,03;10,79;10,55;10,31;10,07;9,83;9,59;8,99
80849;;Trojobratlíky VAGNER;7,04;1;7,04;3,75;23;1;7,04;;6,76;6,62;6,48;6,34;6,20;6,05;5,91;5,77;5,63;5,28
81043;;Naviják FOX Eos 12000;158,87;1;158,87;80,08;23;1;158,87;;152,52;149,34;146,16;142,98;139,81;136,63;133,45;130,27;127,10;119,15
81192;187;Raketa FOX Impact Spod;16,99;1;16,99;8,24;23;1;16,99;;16,31;15,97;15,63;15,29;14,95;14,61;14,27;13,93;13,59;12,74
81193;187;Raketa FOX Impact Spod;18,49;1;18,49;8,97;23;1;18,49;;17,75;17,38;17,01;16,64;16,27;15,90;15,53;15,16;14,79;13,87
81379;188;Kobra FOX Rangemaster Plastic Throwning Sticks;22,53;1;22,53;11,36;23;1;22,53;;21,63;21,18;20,73;20,28;19,83;19,38;18,93;18,47;18,02;16,90
81380;188;Kobra FOX Rangemaster Plastic Throwning Sticks;21,99;1;21,99;11,85;23;1;21,99;;21,11;20,67;20,23;19,79;19,35;18,91;18,47;18,03;17,59;16,49
82451;;Set 2 signalizátorov FOX Micron MX 2 Rod Set s príposluchom;269,98;1;269,98;145,49;23;1;269,98;;259,18;253,78;248,38;242,98;237,58;232,18;226,78;221,38;215,98;202,49
82610;;Powerbanka FOX Halo 48k Power Pack;199,99;1;199,99;102,38;23;1;199,99;;191,99;187,99;183,99;179,99;175,99;171,99;167,99;163,99;159,99;149,99
82710;189;Nástraha FOX Rage Slick Shad 7cm;1,00;1;1,00;0,36;23;1;1,00;;0,96;0,94;0,92;0,90;0,88;0,86;0,84;0,82;0,80;0,75
82711;189;Nástraha FOX Rage Slick Shad 7cm;0,82;1;0,82;0,36;23;1;0,82;;0,79;0,77;0,75;0,74;0,72;0,71;0,69;0,67;0,66;0,62
83037;189;Nástraha FOX Rage Slick Shad 7cm;0,82;1;0,82;0,36;23;1;0,82;;0,79;0,77;0,75;0,74;0,72;0,71;0,69;0,67;0,66;0,62
83038;189;Nástraha FOX Rage Slick Shad 7cm;0,82;1;0,82;0,36;23;1;0,82;;0,79;0,77;0,75;0,74;0,72;0,71;0,69;0,67;0,66;0,62
83045;189;Nástraha FOX Rage Slick Shad 7cm;0,82;1;0,82;0,36;23;1;0,82;;0,79;0,77;0,75;0,74;0,72;0,71;0,69;0,67;0,66;0,62
83086;189;Nástraha FOX Rage Slick Shad 7cm;1,00;1;1,00;0,36;23;1;1,00;;0,96;0,94;0,92;0,90;0,88;0,86;0,84;0,82;0,80;0,75
