code;pairCode;name;price;priceRatio;standardPrice;purchasePrice;purchasePriceVatRate;purchasePriceIncludingVat;actionPrice;maxDiscount;pricelist:2:price;pricelist:5:price;pricelist:8:price;pricelist:11:price;pricelist:14:price;pricelist:17:price;pricelist:20:price;pricelist:23:price;pricelist:26:price;pricelist:29:price
97062;1;nástraha KEITECH Swing Impact 3 inch, 7,6cm, Green Pumpkin Fire;6,25;1;6,25;4,07;23;1;6,25;;6,00;5,88;5,75;5,63;5,50;5,38;5,25;5,13;5,00;4,69
97066;1;nástraha KEITECH Swing Impact 3 inch, 7,6cm, Green Pumpkin Fire;6,25;1;6,25;4,07;23;1;6,25;;6,00;5,88;5,75;5,63;5,50;5,38;5,25;5,13;5,00;4,69
97067;1;nástraha KEITECH Swing Impact 3 inch, 7,6cm, Green Pumpkin Fire;6,25;1;6,25;4,07;23;1;6,25;;6,00;5,88;5,75;5,63;5,50;5,38;5,25;5,13;5,00;4,69
97068;1;nástraha KEITECH Swing Impact 3 inch, 7,6cm, Green Pumpkin Fire;6,25;1;6,25;4,07;23;1;6,25;;6,00;5,88;5,75;5,63;5,50;5,38;5,25;5,13;5,00;4,69
97073;1;nástraha KEITECH Swing Impact 3 inch, 7,6cm, Green Pumpkin Fire;6,25;1;6,25;3,34;23;1;6,25;;6,00;5,88;5,75;5,63;5,50;5,38;5,25;5,13;5,00;4,69
43547;2;naviják SHIMANO SEDONA 4000 XGFI;70,72;1;70,72;51,10;23;1;70,72;;67,89;66,48;65,06;63,65;62,23;60,82;59,40;57,99;56,58;53,04
46681;3;"Nástraha FANATIK Larva LUX 1,6""; 4,3 cm, 10 ks";4,26;1;4,26;2,60;23;1;2,56;;2,56;2,56;2,56;2,56;2,56;2,56;2,56;2,56;2,56;2,56
46683;3;"Nástraha FANATIK Larva LUX 1,6""; 4,3 cm, 10 ks";4,26;1;4,26;2,60;23;1;2,56;;2,56;2,56;2,56;2,56;2,56;2,56;2,56;2,56;2,56;2,56
46685;3;"Nástraha FANATIK Larva LUX 1,6""; 4,3 cm, 10 ks";4,26;1;4,26;2,60;23;1;2,56;;2,56;2,56;2,56;2,56;2,56;2,56;2,56;2,56;2,56;2,56
46687;3;"Nástraha FANATIK Larva LUX 1,6""; 4,3 cm, 10 ks";4,26;1;4,26;2,60;23;1;2,56;;2,56;2,56;2,56;2,56;2,56;2,56;2,56;2,56;2,56;2,56
96684;4;Nástraha FANATIC Mik Maus 5 cm, 8 ks;4,26;1;4,26;2,60;23;1;2,56;;2,56;2,56;2,56;2,56;2,56;2,56;2,56;2,56;2,56;2,56
96685;4;Nástraha FANATIC Mik Maus 5 cm, 8 ks;4,26;1;4,26;2,60;23;1;2,56;;2,56;2,56;2,56;2,56;2,56;2,56;2,56;2,56;2,56;2,56
96845;4;Nástraha FANATIC Mik Maus 5 cm, 8 ks;4,26;1;4,26;2,60;23;1;2,56;;2,56;2,56;2,56;2,56;2,56;2,56;2,56;2,56;2,56;2,56
3963P-S;;Boilie MIKBAITS Spiceman Pikantná slivka;15,97;1;15,97;12,50;23;1;15,97;10;15,33;15,01;14,69;14,37;14,37;14,37;14,37;14,37;14,37;14,37
19327X;5;SET = 2x naviják CARPEX F-Runner QD;100,45;1;100,45;42,40;23;1;100,45;;96,43;94,42;92,41;90,41;88,40;86,39;84,38;82,37;80,36;75,34
19328X;5;SET = 2x naviják CARPEX F-Runner QD;106,00;1;106,00;50,94;23;1;106,00;;101,76;99,64;97,52;95,40;93,28;91,16;89,04;86,92;84,80;79,50
46692;6;"nástraha FANATIC Larva LUX 3,0; 7,5 cm, #023, 6 ks";5,33;1;5,33;1,09;23;1;3,20;;3,20;3,20;3,20;3,20;3,20;3,20;3,20;3,20;3,20;3,20
46694;6;"nástraha FANATIC Larva LUX 3,0; 7,5 cm, #023, 6 ks";5,33;1;5,33;1,09;23;1;3,20;;3,20;3,20;3,20;3,20;3,20;3,20;3,20;3,20;3,20;3,20
46697;6;"nástraha FANATIC Larva LUX 3,0; 7,5 cm, #023, 6 ks";5,33;1;5,33;3,26;23;1;3,20;;3,20;3,20;3,20;3,20;3,20;3,20;3,20;3,20;3,20;3,20
46702;6;"nástraha FANATIC Larva LUX 3,0; 7,5 cm, #023, 6 ks";5,33;1;5,33;1,09;23;1;3,20;;3,20;3,20;3,20;3,20;3,20;3,20;3,20;3,20;3,20;3,20
39769;;signalizátor pre sadu DELPHIN Totem, zelený;28,95;1;28,95;15,03;23;1;24,61;25;24,61;24,61;24,61;24,61;24,61;24,61;24,32;23,74;23,16;21,71
100526;;Vobler ROBINSON Hogan F70, 7cm, 11g, Blue Clown;6,67;1;6,67;3,36;23;1;6,67;;6,40;6,27;6,14;6,00;5,87;5,74;5,60;5,47;5,34;5,00
100623;;Škrabka PRIME so zásobníkom a nožom;7,07;1;7,07;3,00;23;1;7,07;;6,79;6,65;6,50;6,36;6,22;6,08;5,94;5,80;5,66;5,30
100722;;Nástraha ROBINSON Ripper Longinus, 18 cm, Perch Shiner;4,30;1;4,30;1,98;23;1;4,30;;4,13;4,04;3,96;3,87;3,78;3,70;3,61;3,53;3,44;3,23
100737;7;Prút ROBINSON Flexcore Feeder;57,00;1;57,00;24,13;23;1;57,00;;54,72;53,58;52,44;51,30;50,16;49,02;47,88;46,74;45,60;42,75
100738;7;Prút ROBINSON Flexcore Feeder;58,40;1;58,40;24,69;23;1;58,40;;56,06;54,90;53,73;52,56;51,39;50,22;49,06;47,89;46,72;43,80
100739;7;Prút ROBINSON Flexcore Feeder;59,70;1;59,70;27,22;23;1;59,70;;57,31;56,12;54,92;53,73;52,54;51,34;50,15;48,95;47,76;44,78
100778;;Forma Method Feeder Fans Push;3,49;1;3,49;1,77;23;1;3,49;;3,35;3,28;3,21;3,14;3,07;3,00;2,93;2,86;2,79;2,62
104049;;Vozík SENSAS Trolley Club;75,95;1;75,95;33,89;23;1;75,95;;72,91;71,39;69,87;68,36;66,84;65,32;63,80;62,28;60,76;56,96
104079;8;Boilie STARBAITS Pro Ginger & Squid Pop Up;6,70;1;6,70;3,01;23;1;6,70;;6,43;6,30;6,16;6,03;5,90;5,76;5,63;5,49;5,36;5,03
104080;8;Boilie STARBAITS Pro Ginger & Squid Pop Up;6,70;1;6,70;3,01;23;1;6,70;;6,43;6,30;6,16;6,03;5,90;5,76;5,63;5,49;5,36;5,03
104094;9;Boilie STARBAITS Pro Ginger & Squid, 800 g;12,82;1;12,82;5,79;23;1;12,82;;12,31;12,05;11,79;11,54;11,28;11,03;10,77;10,51;10,26;9,62
104095;9;Boilie STARBAITS Pro Ginger & Squid, 800 g;12,82;1;12,82;5,79;23;1;12,82;;12,31;12,05;11,79;11,54;11,28;11,03;10,77;10,51;10,26;9,62
104109;;Dip STARBAITS PRO Ginger & Squid Boost/ Glug;9,59;1;9,59;4,40;23;1;9,59;;9,21;9,01;8,82;8,63;8,44;8,25;8,06;7,86;7,67;7,19
104146;10;Boilie STARBAITS Hold Up v dipe;6,20;1;6,20;2,95;23;1;6,20;;5,95;5,83;5,70;5,58;5,46;5,33;5,21;5,08;4,96;4,65
104147;10;Boilie STARBAITS Hold Up v dipe;6,70;1;6,70;3,10;23;1;6,70;;6,43;6,30;6,16;6,03;5,90;5,76;5,63;5,49;5,36;5,03
104169;;Nástraha GUNKI Boomer 21 g, Signal Frog;9,59;1;9,59;4,81;23;1;9,59;;9,21;9,01;8,82;8,63;8,44;8,25;8,06;7,86;7,67;7,19
104211;;Vobler ILLEX Suisen 4,3 cm;25,95;1;25,95;12,23;23;1;25,95;;24,91;24,39;23,87;23,36;22,84;22,32;21,80;21,28;20,76;19,46
104227;;Krabička ILLEX Tackle Box 255 Slit Foam;12,30;1;12,30;5,86;23;1;12,30;;11,81;11,56;11,32;11,07;10,82;10,58;10,33;10,09;9,84;9,23
104259;11;Boilie STARBAITS Hot Demon, 800 g;14,50;1;14,50;6,84;23;1;14,50;;13,92;13,63;13,34;13,05;12,76;12,47;12,18;11,89;11,60;10,88
74948;11;Boilie STARBAITS Hot Demon, 800 g;14,50;1;14,50;6,82;23;1;14,50;;13,92;13,63;13,34;13,05;12,76;12,47;12,18;11,89;11,60;10,88
74949;11;Boilie STARBAITS Hot Demon, 800 g;14,50;1;14,50;7,47;23;1;14,50;;13,92;13,63;13,34;13,05;12,76;12,47;12,18;11,89;11,60;10,88
74950;11;Boilie STARBAITS Hot Demon, 800 g;14,50;1;14,50;6,82;23;1;14,50;;13,92;13,63;13,34;13,05;12,76;12,47;12,18;11,89;11,60;10,88
104281;12;Boilie STARBAITS Hard Crayzi Fruit, 200 g;8,70;1;8,70;4,09;23;1;8,70;;8,35;8,18;8,00;7,83;7,66;7,48;7,31;7,13;6,96;6,53
104282;12;Boilie STARBAITS Hard Crayzi Fruit, 200 g;8,70;1;8,70;4,28;23;1;8,70;;8,35;8,18;8,00;7,83;7,66;7,48;7,31;7,13;6,96;6,53
104297;;Vedro STARBAITS Tourno Bucket Round, 15 l;10,60;1;10,60;4,57;23;1;10,60;;10,18;9,96;9,75;9,54;9,33;9,12;8,90;8,69;8,48;7,95
104317;;Boilie STARBAITS D-Solve SK30;26,95;1;26,95;13,27;23;1;26,95;;25,87;25,33;24,79;24,26;23,72;23,18;22,64;22,10;21,56;20,21
104334;;Method & Stick Mix STARBAITS Crazy Fruit 1,7 kg;15,50;1;15,50;7,86;23;1;15,50;;14,88;14,57;14,26;13,95;13,64;13,33;13,02;12,71;12,40;11,63
104374;13;Pletená šnúra GUNKI G’Braid 4X Game, 150 m;6,75;1;6,75;3,03;23;1;6,75;;6,48;6,35;6,21;6,08;5,94;5,81;5,67;5,54;5,40;5,06
104375;13;Pletená šnúra GUNKI G’Braid 4X Game, 150 m;6,75;1;6,75;3,33;23;1;6,75;;6,48;6,35;6,21;6,08;5,94;5,81;5,67;5,54;5,40;5,06
104376;13;Pletená šnúra GUNKI G’Braid 4X Game, 150 m;6,75;1;6,75;3,97;23;1;6,75;;6,48;6,35;6,21;6,08;5,94;5,81;5,67;5,54;5,40;5,06
104377;13;Pletená šnúra GUNKI G’Braid 4X Game, 150 m;6,75;1;6,75;3,33;23;1;6,75;;6,48;6,35;6,21;6,08;5,94;5,81;5,67;5,54;5,40;5,06
104391;;Vobler GUNKI Knifehead 68 SP DR, HL Minnow;10,50;1;10,50;4,55;23;1;10,50;;10,08;9,87;9,66;9,45;9,24;9,03;8,82;8,61;8,40;7,88
104407;;Nástraha ILLEX Runner Blade 7,2 cm, Blue Back Silver;12,95;1;12,95;6,12;23;1;12,95;;12,43;12,17;11,91;11,66;11,40;11,14;10,88;10,62;10,36;9,71
104424;;Vobler ILLEX Bleeker Toppy 50, SG Ayu;23,95;1;23,95;11,29;23;1;23,95;;22,99;22,51;22,03;21,56;21,08;20,60;20,12;19,64;19,16;17,96
112333;14;Čln STARKBOAT DT-360S s kýlom, zelený;1180,00;1;1180,00;825,99;23;1;1180,00;10;1132,80;1109,20;1085,60;1062,00;1062,00;1062,00;1062,00;1062,00;1062,00;1062,00
112334;14;Čln STARKBOAT DT-360S s kýlom, zelený;1130,00;1;1130,00;790,99;23;1;1130,00;10;1084,80;1062,20;1039,60;1017,00;1017,00;1017,00;1017,00;1017,00;1017,00;1017,00
112335;14;Čln STARKBOAT DT-360S s kýlom, zelený;1060,00;1;1060,00;742,00;23;1;1060,00;10;1017,60;996,40;975,20;954,00;954,00;954,00;954,00;954,00;954,00;954,00
112381;;Podsedák STARKBOAT, 85 cm, čierny;35,01;1;35,01;16,79;23;1;35,01;10;33,61;32,91;32,21;31,51;31,51;31,51;31,51;31,51;31,51;31,51
112824;;Mletá káva FISHING POINT Different Coffe v plechovke, 150 g;9,90;1;9,90;;23;1;9,90;;9,50;9,31;9,11;8,91;8,71;8,51;8,32;8,12;7,92;7,43
13608;;Držiak rohatinka - zadná U;1,64;1;1,64;0,97;23;1;1,64;;1,57;1,54;1,51;1,48;1,44;1,41;1,38;1,34;1,31;1,23
14839;;Čln KOLIBRI KM-360 DXL šedý, hliníková podlaha;1932,12;1;1932,12;1413,60;23;1;1932,12;10;1854,84;1816,19;1777,55;1738,91;1738,91;1738,91;1738,91;1738,91;1738,91;1738,91
31342;15;Vobler ROBINSON Frog 4,5cm;7,07;1;7,07;3,50;23;1;7,07;;6,79;6,65;6,50;6,36;6,22;6,08;5,94;5,80;5,66;5,30
31343;15;Vobler ROBINSON Frog 4,5cm;6,90;1;6,90;3,87;23;1;6,90;;6,62;6,49;6,35;6,21;6,07;5,93;5,80;5,66;5,52;5,18
31344;15;Vobler ROBINSON Frog 4,5cm;7,07;1;7,07;3,50;23;1;7,07;;6,79;6,65;6,50;6,36;6,22;6,08;5,94;5,80;5,66;5,30
31513;;Sťahovacia páska ROBINSON na prúty;1,80;1;1,80;1,08;23;1;1,80;;1,73;1,69;1,66;1,62;1,58;1,55;1,51;1,48;1,44;1,35
31877;16;Naviják CARPEX Galloper FD;25,73;1;25,73;11,42;23;1;25,73;;24,70;24,19;23,67;23,16;22,64;22,13;21,61;21,10;20,58;19,30
31878;16;Naviják CARPEX Galloper FD;23,58;1;23,58;10,01;23;1;23,58;;22,64;22,17;21,69;21,22;20,75;20,28;19,81;19,34;18,86;17,69
33197;;Sprej MIKBAITS Neo Spray 30 ml;7,49;1;7,49;5,61;23;1;7,49;10;7,19;7,04;6,89;6,74;6,74;6,74;6,74;6,74;6,74;6,74
33232;17;Boilie MIKBAITS Spiceman v dipe;7,20;1;7,20;5,49;23;1;7,20;10;6,91;6,77;6,62;6,48;6,48;6,48;6,48;6,48;6,48;6,48
33233;17;Boilie MIKBAITS Spiceman v dipe;7,20;1;7,20;5,36;23;1;7,20;10;6,91;6,77;6,62;6,48;6,48;6,48;6,48;6,48;6,48;6,48
33234;17;Boilie MIKBAITS Spiceman v dipe;7,38;1;7,38;5,16;23;1;7,38;10;7,08;6,94;6,79;6,64;6,64;6,64;6,64;6,64;6,64;6,64
33240;17;Boilie MIKBAITS Spiceman v dipe;7,38;1;7,38;5,46;23;1;7,38;10;7,08;6,94;6,79;6,64;6,64;6,64;6,64;6,64;6,64;6,64
33241;17;Boilie MIKBAITS Spiceman v dipe;7,20;1;7,20;5,36;23;1;7,20;10;6,91;6,77;6,62;6,48;6,48;6,48;6,48;6,48;6,48;6,48
33286;17;Boilie MIKBAITS Spiceman v dipe;7,20;1;7,20;5,49;23;1;7,20;10;6,91;6,77;6,62;6,48;6,48;6,48;6,48;6,48;6,48;6,48
33287;17;Boilie MIKBAITS Spiceman v dipe;7,20;1;7,20;5,98;23;1;7,20;10;6,91;6,77;6,62;6,48;6,48;6,48;6,48;6,48;6,48;6,48
33288;17;Boilie MIKBAITS Spiceman v dipe;7,20;1;7,20;5,49;23;1;7,20;10;6,91;6,77;6,62;6,48;6,48;6,48;6,48;6,48;6,48;6,48
33289;17;Boilie MIKBAITS Spiceman v dipe;7,20;1;7,20;5,49;23;1;7,20;10;6,91;6,77;6,62;6,48;6,48;6,48;6,48;6,48;6,48;6,48
33250;18;Boilie MIKBAITS Spiceman WS3 Crab Butyric, 300 g;5,56;1;5,56;4,48;23;1;5,56;10;5,34;5,23;5,12;5,00;5,00;5,00;5,00;5,00;5,00;5,00
33251;18;Boilie MIKBAITS Spiceman WS3 Crab Butyric, 300 g;6,00;1;6,00;4,48;23;1;6,00;10;5,76;5,64;5,52;5,40;5,40;5,40;5,40;5,40;5,40;5,40
33279;;Tekutá potrava MIKBAITS Squid Hydro, 300ml;12,26;1;12,26;8,80;23;1;12,26;10;11,77;11,52;11,28;11,03;11,03;11,03;11,03;11,03;11,03;11,03
33331;19;Booster MIKBAITS Chilli Chips;8,79;1;8,79;6,68;23;1;8,79;10;8,44;8,26;8,09;7,91;7,91;7,91;7,91;7,91;7,91;7,91
33332;19;Booster MIKBAITS Chilli Chips;8,79;1;8,79;6,56;23;1;8,79;10;8,44;8,26;8,09;7,91;7,91;7,91;7,91;7,91;7,91;7,91
33333;19;Booster MIKBAITS Chilli Chips;8,79;1;8,79;6,80;23;1;8,79;10;8,44;8,26;8,09;7,91;7,91;7,91;7,91;7,91;7,91;7,91
33334;19;Booster MIKBAITS Chilli Chips;8,79;1;8,79;6,56;23;1;8,79;10;8,44;8,26;8,09;7,91;7,91;7,91;7,91;7,91;7,91;7,91
33353;19;Booster MIKBAITS Chilli Chips;8,79;1;8,79;6,56;23;1;8,79;10;8,44;8,26;8,09;7,91;7,91;7,91;7,91;7,91;7,91;7,91
41436;;Prívlačová taška GIANTS FISHING Spinning Bag Luxury MK2;43,64;1;43,64;23,05;23;1;43,64;;41,89;41,02;40,15;39,28;38,40;37,53;36,66;35,78;34,91;32,73
41452;;Predĺžené nohy GIANTS FISHING Luxury Extended Legs for Rod Pod, 2 ks;19,82;1;19,82;10,47;23;1;19,82;;19,03;18,63;18,23;17,84;17,44;17,05;16,65;16,25;15,86;14,87
41485;;Puzdro GIANTS FISHING Rod Holdall Luxury 2 Rod, 150 cm;75,01;1;75,01;38,17;23;1;75,01;;72,01;70,51;69,01;67,51;66,01;64,51;63,01;61,51;60,01;56,26
41553;;Lehátko GIANT FISHING Gaube XT Bedchair 8 Leg;150,86;1;150,86;76,72;23;1;150,86;;144,83;141,81;138,79;135,77;132,76;129,74;126,72;123,71;120,69;113,15
41576;;Okuliare GIANTS FISHING Polarized Glasses Deluxe 2;17,84;1;17,84;9,05;23;1;17,84;;17,13;16,77;16,41;16,06;15,70;15,34;14,99;14,63;14,27;13,38
41625;20;Háčik GARDNER Covert Dark Wide Gape Talon Tip;7,11;1;7,11;3,75;23;1;7,11;;6,83;6,68;6,54;6,40;6,26;6,11;5,97;5,83;5,69;5,33
41627;20;Háčik GARDNER Covert Dark Wide Gape Talon Tip;7,38;1;7,38;3,90;23;1;7,38;;7,08;6,94;6,79;6,64;6,49;6,35;6,20;6,05;5,90;5,54
41628;20;Háčik GARDNER Covert Dark Wide Gape Talon Tip;7,11;1;7,11;3,82;23;1;7,11;;6,83;6,68;6,54;6,40;6,26;6,11;5,97;5,83;5,69;5,33
41679;;Taška GIANTS FISHING Wash Bag;20,58;1;20,58;10,47;23;1;20,58;;19,76;19,35;18,93;18,52;18,11;17,70;17,29;16,88;16,46;15,44
41714;;Navijak GIANTS FISHING Deluxe Reel FS 9000 + cievka10000;75,41;1;75,41;39,83;23;1;75,41;;72,39;70,89;69,38;67,87;66,36;64,85;63,34;61,84;60,33;56,56
41733;21;Rozpustné boilie CARP INFERNO Hot Line Medúza;5,73;1;5,73;3,22;23;1;5,73;;5,50;5,39;5,27;5,16;5,04;4,93;4,81;4,70;4,58;4,30
41734;21;Rozpustné boilie CARP INFERNO Hot Line Medúza;15,84;1;15,84;9,19;23;1;15,84;;15,21;14,89;14,57;14,26;13,94;13,62;13,31;12,99;12,67;11,88
41755;22;Šokový vlasec GIANTS FISHING Tapered Shock Leader 5x15m;9,45;1;9,45;4,78;23;1;9,45;;9,07;8,88;8,69;8,51;8,32;8,13;7,94;7,75;7,56;7,09
41756;22;Šokový vlasec GIANTS FISHING Tapered Shock Leader 5x15m;9,85;1;9,85;5,02;23;1;9,85;;9,46;9,26;9,06;8,87;8,67;8,47;8,27;8,08;7,88;7,39
41757;22;Šokový vlasec GIANTS FISHING Tapered Shock Leader 5x15m;10,28;1;10,28;5,43;23;1;10,28;;9,87;9,66;9,46;9,25;9,05;8,84;8,64;8,43;8,22;7,71
41775;;Podložka GIANTS FISHING Luxury Unhooking Mat;103,21;1;103,21;52,48;23;1;103,21;;99,08;97,02;94,95;92,89;90,82;88,76;86,70;84,63;82,57;77,41
41849;23;Háčiky GARDNER Specialist Hand Sharpened Covert Dark Continental Muga;12,30;1;12,30;6,66;23;1;12,30;;11,81;11,56;11,32;11,07;10,82;10,58;10,33;10,09;9,84;9,23
41850;23;Háčiky GARDNER Specialist Hand Sharpened Covert Dark Continental Muga;12,30;1;12,30;6,66;23;1;12,30;;11,81;11,56;11,32;11,07;10,82;10,58;10,33;10,09;9,84;9,23
41851;23;Háčiky GARDNER Specialist Hand Sharpened Covert Dark Continental Muga;11,87;1;11,87;6,54;23;1;11,87;;11,40;11,16;10,92;10,68;10,45;10,21;9,97;9,73;9,50;8,90
55696;24;Šnúra MIVARDI Skinline Strip Shield;14,99;1;14,99;8,02;23;1;13,49;10;13,49;13,49;13,49;13,49;13,49;13,49;13,49;13,49;13,49;13,49
55861;24;Šnúra MIVARDI Skinline Strip Shield;14,99;1;14,99;6,61;23;1;13,49;10;13,49;13,49;13,49;13,49;13,49;13,49;13,49;13,49;13,49;13,49
55867;;Klip MIVARDI Safety lead Clips With Pin;1,99;1;1,99;0,94;23;1;1,79;10;1,79;1,79;1,79;1,79;1,79;1,79;1,79;1,79;1,79;1,79
55986;;Kreslo MIVARDI CamoCode Express;66,99;1;66,99;34,47;23;1;60,29;10;60,29;60,29;60,29;60,29;60,29;60,29;60,29;60,29;60,29;60,29
56014;;SET 3x swinger MIVARDI Hanger MCX Stainless Multicolor;54,99;1;54,99;27,54;23;1;49,49;10;49,49;49,49;49,49;49,49;49,49;49,49;49,49;49,49;49,49;49,49
56098;;Šnúra MIVARDI Survivor 30 lb, 20 m;13,22;1;13,22;6,09;23;1;11,90;10;11,90;11,90;11,90;11,90;11,90;11,90;11,90;11,90;11,90;11,90
56123;;Krmivo MIVARDI V1 Sweet Halibut;6,99;1;6,99;3,85;23;1;6,29;10;6,29;6,29;6,29;6,29;6,29;6,29;6,29;6,29;6,29;6,29
56152;;Krabička MIVARDI Mini 3;1,99;1;1,99;1,00;23;1;1,79;10;1,79;1,79;1,79;1,79;1,79;1,79;1,79;1,79;1,79;1,79
56176;;Krmivo Team MIVARDI M1 Big Roach;4,99;1;4,99;2,87;23;1;4,49;10;4,49;4,49;4,49;4,49;4,49;4,49;4,49;4,49;4,49;4,49
56201;;Partikel MIVARDI Method Sladká kukurica;6,14;1;6,14;3,30;23;1;5,53;10;5,53;5,53;5,53;5,53;5,53;5,53;5,53;5,53;5,53;5,53
56218;;Booster MIVARDI Method gel, Jahoda;4,29;1;4,29;2,36;23;1;3,86;10;3,86;3,86;3,86;3,86;3,86;3,86;3,86;3,86;3,86;3,86
56240;25;Partikel MIVARDI Kukurica - Vanilka;3,49;1;3,49;1,81;23;1;3,14;10;3,14;3,14;3,14;3,14;3,14;3,14;3,14;3,14;3,14;3,14
56249;25;Partikel MIVARDI Kukurica - Vanilka;7,16;1;7,16;3,85;23;1;6,44;10;6,44;6,44;6,44;6,44;6,44;6,44;6,44;6,44;6,44;6,44
56259;;Navijak MIVARDI Precision Feeder;40,98;1;40,98;20,03;23;1;36,88;10;36,88;36,88;36,88;36,88;36,88;36,88;36,88;36,88;36,88;36,88
65905;26;Prút SPORTEX Intense Carp;717,45;1;717,45;399,75;23;1;717,45;;688,75;674,40;660,05;645,71;631,36;617,01;602,66;588,31;573,96;538,09
65907;26;Prút SPORTEX Intense Carp;819,95;1;819,95;460,00;23;1;819,95;;787,15;770,75;754,35;737,96;721,56;705,16;688,76;672,36;655,96;614,96
65939;27;Termo spodky GEOFF Anderson WizWool 210, šedé;143,50;1;143,50;97,59;23;1;143,50;;137,76;134,89;132,02;129,15;126,28;123,41;120,54;117,67;114,80;107,63
65940;27;Termo spodky GEOFF Anderson WizWool 210, šedé;143,50;1;143,50;97,59;23;1;143,50;;137,76;134,89;132,02;129,15;126,28;123,41;120,54;117,67;114,80;107,63
65941;27;Termo spodky GEOFF Anderson WizWool 210, šedé;143,50;1;143,50;97,59;23;1;143,50;;137,76;134,89;132,02;129,15;126,28;123,41;120,54;117,67;114,80;107,63
65942;27;Termo spodky GEOFF Anderson WizWool 210, šedé;143,50;1;143,50;97,59;23;1;143,50;;137,76;134,89;132,02;129,15;126,28;123,41;120,54;117,67;114,80;107,63
65943;27;Termo spodky GEOFF Anderson WizWool 210, šedé;143,50;1;143,50;97,59;23;1;143,50;;137,76;134,89;132,02;129,15;126,28;123,41;120,54;117,67;114,80;107,63
65944;27;Termo spodky GEOFF Anderson WizWool 210, šedé;143,50;1;143,50;97,59;23;1;143,50;;137,76;134,89;132,02;129,15;126,28;123,41;120,54;117,67;114,80;107,63
65945;27;Termo spodky GEOFF Anderson WizWool 210, šedé;143,50;1;143,50;97,59;23;1;143,50;;137,76;134,89;132,02;129,15;126,28;123,41;120,54;117,67;114,80;107,63
65971;28;Nepremokavá bunda GEOFF Anderson Dozer Light;479,00;1;479,00;326,20;23;1;479,00;;459,84;450,26;440,68;431,10;421,52;411,94;402,36;392,78;383,20;359,25
65972;28;Nepremokavá bunda GEOFF Anderson Dozer Light;479,00;1;479,00;326,20;23;1;479,00;;459,84;450,26;440,68;431,10;421,52;411,94;402,36;392,78;383,20;359,25
65973;28;Nepremokavá bunda GEOFF Anderson Dozer Light;479,00;1;479,00;326,20;23;1;479,00;;459,84;450,26;440,68;431,10;421,52;411,94;402,36;392,78;383,20;359,25
65974;28;Nepremokavá bunda GEOFF Anderson Dozer Light;479,00;1;479,00;326,20;23;1;479,00;;459,84;450,26;440,68;431,10;421,52;411,94;402,36;392,78;383,20;359,25
65975;28;Nepremokavá bunda GEOFF Anderson Dozer Light;479,00;1;479,00;326,20;23;1;479,00;;459,84;450,26;440,68;431,10;421,52;411,94;402,36;392,78;383,20;359,25
65976;28;Nepremokavá bunda GEOFF Anderson Dozer Light;479,00;1;479,00;326,20;23;1;479,00;;459,84;450,26;440,68;431,10;421,52;411,94;402,36;392,78;383,20;359,25
66100;;Dip CarpZoom Amur Amino;3,70;1;3,70;2,24;23;1;3,70;;3,55;3,48;3,40;3,33;3,26;3,18;3,11;3,03;2,96;2,78
66591;;Šatka QUANTUM Scraft;10,20;1;10,20;2,97;23;1;10,20;;9,79;9,59;9,38;9,18;8,98;8,77;8,57;8,36;8,16;7,65
66781;;Dip RADICAL Smashed Fish;9,95;1;;;23;1;;30;9,55;9,35;9,15;8,96;8,76;8,56;8,36;8,16;7,96;7,46
66849;;Peračník RHINO Rig Box Keeper;17,93;1;17,93;5,63;23;1;17,93;;17,21;16,85;16,50;16,14;15,78;15,42;15,06;14,70;14,34;13,45
66874;;Nadväzec ZEBCO Z-Carp Multi Rig;2,51;1;2,51;0,53;23;1;2,51;;2,41;2,36;2,31;2,26;2,21;2,16;2,11;2,06;2,01;1,88
66905;;Plandavka QUANTUM Bloody Inliner 4g, Pink/ White;7,43;1;7,43;0,99;23;1;7,43;;7,13;6,98;6,84;6,69;6,54;6,39;6,24;6,09;5,94;5,57
67028;29;Pean MIKADO zahnutý;8,65;1;8,65;3,95;23;1;7,87;25;7,87;7,87;7,87;7,79;7,61;7,44;7,27;7,09;6,92;6,49
67029;29;Pean MIKADO zahnutý;8,00;1;8,00;3,26;23;1;7,28;25;7,28;7,28;7,28;7,20;7,04;6,88;6,72;6,56;6,40;6,00
67383;29;Pean MIKADO zahnutý;4,30;1;4,30;2,09;23;1;3,91;25;3,91;3,91;3,91;3,87;3,78;3,70;3,61;3,53;3,44;3,23
67384;29;Pean MIKADO zahnutý;4,80;1;4,80;2,11;23;1;4,37;25;4,37;4,37;4,37;4,32;4,22;4,13;4,03;3,94;3,84;3,60
67385;29;Pean MIKADO zahnutý;4,50;1;4,50;2,30;23;1;4,10;25;4,10;4,10;4,10;4,05;3,96;3,87;3,78;3,69;3,60;3,38
67386;29;Pean MIKADO zahnutý;5,58;1;5,58;2,69;23;1;5,08;25;5,08;5,08;5,08;5,02;4,91;4,80;4,69;4,58;4,46;4,19
67387;29;Pean MIKADO zahnutý;5,99;1;5,99;2,97;23;1;5,45;25;5,45;5,45;5,45;5,39;5,27;5,15;5,03;4,91;4,79;4,49
67041;;Stolík MIKADO Folded Carp Table;17,68;1;17,68;8,00;23;1;16,09;25;16,09;16,09;16,09;15,91;15,56;15,20;14,85;14,50;14,14;13,26
74631;;Krmivo SENSAS 3000 Carp Tasty Garlic (cesnak);5,30;1;5,30;2,62;23;1;5,30;;5,09;4,98;4,88;4,77;4,66;4,56;4,45;4,35;4,24;3,98
74665;;Dip STARBAITS Ocean Tuna;11,50;1;11,50;5,64;23;1;11,50;;11,04;10,81;10,58;10,35;10,12;9,89;9,66;9,43;9,20;8,63
74748;;Partikel STARBAITS Ready Seeds SK30 Bright Corn (kukurica);6,86;1;6,86;3,14;23;1;6,86;;6,59;6,45;6,31;6,17;6,04;5,90;5,76;5,63;5,49;5,15
74806;30;Nástraha ILLEX Magic Slim Shad 5 cm;1,37;1;1,37;0,69;23;1;1,37;;1,32;1,29;1,26;1,23;1,21;1,18;1,15;1,12;1,10;1,03
74807;30;Nástraha ILLEX Magic Slim Shad 5 cm;1,37;1;1,37;0,69;23;1;1,37;;1,32;1,29;1,26;1,23;1,21;1,18;1,15;1,12;1,10;1,03
74808;30;Nástraha ILLEX Magic Slim Shad 5 cm;1,37;1;1,37;;23;1;1,37;;1,32;1,29;1,26;1,23;1,21;1,18;1,15;1,12;1,10;1,03
74809;30;Nástraha ILLEX Magic Slim Shad 5 cm;1,53;1;1,53;;23;1;1,53;;1,47;1,44;1,41;1,38;1,35;1,32;1,29;1,25;1,22;1,15
74810;30;Nástraha ILLEX Magic Slim Shad 5 cm;1,37;1;1,37;0,69;23;1;1,37;;1,32;1,29;1,26;1,23;1,21;1,18;1,15;1,12;1,10;1,03
74826;31;Posilňovač tekutý SENSAS Aromix Carp Tasty;6,75;1;6,75;3,29;23;1;6,75;;6,48;6,35;6,21;6,08;5,94;5,81;5,67;5,54;5,40;5,06
74827;31;Posilňovač tekutý SENSAS Aromix Carp Tasty;6,75;1;6,75;3,41;23;1;6,75;;6,48;6,35;6,21;6,08;5,94;5,81;5,67;5,54;5,40;5,06
74828;31;Posilňovač tekutý SENSAS Aromix Carp Tasty;6,75;1;6,75;3,41;23;1;6,75;;6,48;6,35;6,21;6,08;5,94;5,81;5,67;5,54;5,40;5,06
74830;31;Posilňovač tekutý SENSAS Aromix Carp Tasty;6,75;1;6,75;3,18;23;1;6,75;;6,48;6,35;6,21;6,08;5,94;5,81;5,67;5,54;5,40;5,06
74831;31;Posilňovač tekutý SENSAS Aromix Carp Tasty;6,75;1;6,75;3,18;23;1;6,75;;6,48;6,35;6,21;6,08;5,94;5,81;5,67;5,54;5,40;5,06
74832;31;Posilňovač tekutý SENSAS Aromix Carp Tasty;6,75;1;6,75;3,41;23;1;6,75;;6,48;6,35;6,21;6,08;5,94;5,81;5,67;5,54;5,40;5,06
74910;;Boilie STARBAITS Grab & Go Global Pop Up Sweet Corn;3,70;1;3,70;1,88;23;1;3,70;;3,55;3,48;3,40;3,33;3,26;3,18;3,11;3,03;2,96;2,78
75523;;Rovnátka MISTRALL zelené;1,40;1;1,40;0,73;23;1;1,40;;1,34;1,32;1,29;1,26;1,23;1,20;1,18;1,15;1,12;1,05
75581;32;Olovo MISTRALL Oliva priebežná, 4 ks;0,77;1;0,77;0,44;23;1;0,77;;0,74;0,72;0,71;0,69;0,68;0,66;0,65;0,63;0,62;0,58
75582;32;Olovo MISTRALL Oliva priebežná, 4 ks;0,95;1;0,95;0,54;23;1;0,95;;0,91;0,89;0,87;0,86;0,84;0,82;0,80;0,78;0,76;0,71
75583;32;Olovo MISTRALL Oliva priebežná, 4 ks;0,95;1;0,95;0,57;23;1;0,95;;0,91;0,89;0,87;0,86;0,84;0,82;0,80;0,78;0,76;0,71
75584;32;Olovo MISTRALL Oliva priebežná, 4 ks;1,00;1;1,00;0,57;23;1;1,00;;0,96;0,94;0,92;0,90;0,88;0,86;0,84;0,82;0,80;0,75
75585;32;Olovo MISTRALL Oliva priebežná, 4 ks;1,09;1;1,09;0,63;23;1;1,09;;1,05;1,02;1,00;0,98;0,96;0,94;0,92;0,89;0,87;0,82
75586;32;Olovo MISTRALL Oliva priebežná, 4 ks;1,44;1;1,44;0,80;23;1;1,44;;1,38;1,35;1,32;1,30;1,27;1,24;1,21;1,18;1,15;1,08
75588;32;Olovo MISTRALL Oliva priebežná, 4 ks;2,40;1;2,40;1,37;23;1;2,40;;2,30;2,26;2,21;2,16;2,11;2,06;2,02;1,97;1,92;1,80
83181;;SET 8x twister FOX Micro Grub Tail Mixed Colour;7,49;1;7,49;3,15;23;1;7,49;;7,19;7,04;6,89;6,74;6,59;6,44;6,29;6,14;5,99;5,62
83487;33;Nástraha FOX Rage Spikey Shad, UV Red head;1,53;1;1,53;0,67;23;1;1,53;;1,47;1,44;1,41;1,38;1,35;1,32;1,29;1,25;1,22;1,15
83489;33;Nástraha FOX Rage Spikey Shad, UV Red head;0,81;1;0,81;0,36;23;1;0,81;;0,78;0,76;0,75;0,73;0,71;0,70;0,68;0,66;0,65;0,61
83571;34;Set nástrah FOX Rage Zander Pro Shads Green Pumpkin, 5 ks;5,12;1;5,12;2,25;23;1;5,12;;4,92;4,81;4,71;4,61;4,51;4,40;4,30;4,20;4,10;3,84
83573;34;Set nástrah FOX Rage Zander Pro Shads Green Pumpkin, 5 ks;7,68;1;7,68;3,38;23;1;7,68;;7,37;7,22;7,07;6,91;6,76;6,60;6,45;6,30;6,14;5,76
83614;;Krabička FOX Edges Hook Boxes X3;5,99;1;5,99;2,79;23;1;5,99;;5,75;5,63;5,51;5,39;5,27;5,15;5,03;4,91;4,79;4,49
8364;;Rybársky plavák PL 5C;1,23;1;1,23;0,82;23;1;1,23;;1,18;1,16;1,13;1,11;1,08;1,06;1,03;1,01;0,98;0,92
83735;;Bivak FOX Voyager 1 Person Bivvy;480,00;1;480,00;247,99;23;1;480,00;;460,80;451,20;441,60;432,00;422,40;412,80;403,20;393,60;384,00;360,00
90120;;Stojan DELPHIN RodPod RPX Stalk BlackWay;115,95;1;115,95;66,26;23;1;98,56;25;98,56;98,56;98,56;98,56;98,56;98,56;97,40;95,08;92,76;86,96
90204;35;Puzdro DELPHIN Porta+Plus;50,95;1;50,95;25,87;23;1;43,31;25;43,31;43,31;43,31;43,31;43,31;43,31;42,80;41,78;40,76;38,21
90205;35;Puzdro DELPHIN Porta+Plus;49,95;1;49,95;25,35;23;1;42,46;25;42,46;42,46;42,46;42,46;42,46;42,46;41,96;40,96;39,96;37,46
90206;35;Puzdro DELPHIN Porta+Plus;54,94;1;54,94;26,88;23;1;46,70;25;46,70;46,70;46,70;46,70;46,70;46,70;46,15;45,05;43,95;41,21
90207;35;Puzdro DELPHIN Porta+Plus;56,95;1;56,95;31,23;23;1;48,41;25;48,41;48,41;48,41;48,41;48,41;48,41;47,84;46,70;45,56;42,71
90208;35;Puzdro DELPHIN Porta+Plus;59,95;1;59,95;30,43;23;1;50,96;25;50,96;50,96;50,96;50,96;50,96;50,96;50,36;49,16;47,96;44,96
93332;35;Puzdro DELPHIN Porta+Plus;61,96;1;61,96;30,43;23;1;52,67;25;52,67;52,67;52,67;52,67;52,67;52,67;52,05;50,81;49,57;46,47
90254;;Multifunkčná šatka DELPHIN Kapor I Uni;4,70;1;4,70;2,15;23;1;4,00;25;4,00;4,00;4,00;4,00;4,00;4,00;3,95;3,85;3,76;3,53
90381;36;Háčiky DELPHIN HKD Hammer;2,40;1;2,40;1,01;23;1;2,04;25;2,04;2,04;2,04;2,04;2,04;2,04;2,02;1,97;1,92;1,80
90382;36;Háčiky DELPHIN HKD Hammer;2,40;1;2,40;1,06;23;1;2,04;25;2,04;2,04;2,04;2,04;2,04;2,04;2,02;1,97;1,92;1,80
90455;37;Sito DELPHIN Atoma RoundMesh;13,51;1;13,51;7,70;23;1;11,48;25;11,48;11,48;11,48;11,48;11,48;11,48;11,35;11,08;10,81;10,13
90456;37;Sito DELPHIN Atoma RoundMesh;15,50;1;15,50;8,86;23;1;13,18;25;13,18;13,18;13,18;13,18;13,18;13,18;13,02;12,71;12,40;11,63
90573;38;Trojháčiky DELPHIN Bomb! GripHook Triple;4,00;1;4,00;1,94;23;1;3,40;25;3,40;3,40;3,40;3,40;3,40;3,40;3,36;3,28;3,20;3,00
90574;38;Trojháčiky DELPHIN Bomb! GripHook Triple;4,19;1;4,19;1,94;23;1;3,56;25;3,56;3,56;3,56;3,56;3,56;3,56;3,52;3,44;3,35;3,14
90575;38;Trojháčiky DELPHIN Bomb! GripHook Triple;4,19;1;4,19;1,94;23;1;3,56;25;3,56;3,56;3,56;3,56;3,56;3,56;3,52;3,44;3,35;3,14
90599;;Vylovovacie kliešte DELPHIN Clamper;16,95;1;16,95;9,13;23;1;14,41;25;14,41;14,41;14,41;14,41;14,41;14,41;14,24;13,90;13,56;12,71
90709;39;Vlasec DELPHIN Mamba Carp Bronz;14,94;1;14,94;7,64;23;1;12,70;25;12,70;12,70;12,70;12,70;12,70;12,70;12,55;12,25;11,95;11,21
90713;39;Vlasec DELPHIN Mamba Carp Bronz;23,95;1;23,95;12,35;23;1;20,36;25;20,36;20,36;20,36;20,36;20,36;20,36;20,12;19,64;19,16;17,96
90714;39;Vlasec DELPHIN Mamba Carp Bronz;23,95;1;23,95;12,35;23;1;20,36;25;20,36;20,36;20,36;20,36;20,36;20,36;20,12;19,64;19,16;17,96
90715;39;Vlasec DELPHIN Mamba Carp Bronz;23,95;1;23,95;12,35;23;1;20,36;25;20,36;20,36;20,36;20,36;20,36;20,36;20,12;19,64;19,16;17,96
90759;40;Prút DELPHIN Symbol Cat Bronze;62,95;1;62,95;33,85;23;1;53,51;25;53,51;53,51;53,51;53,51;53,51;53,51;52,88;51,62;50,36;47,21
90760;40;Prút DELPHIN Symbol Cat Bronze;72,95;1;72,95;39,22;23;1;62,01;25;62,01;62,01;62,01;62,01;62,01;62,01;61,28;59,82;58,36;54,71
90761;40;Prút DELPHIN Symbol Cat Bronze;77,95;1;77,95;41,38;23;1;66,26;25;66,26;66,26;66,26;66,26;66,26;66,26;65,48;63,92;62,36;58,46
90796;;Okuliare DELPHIN SG Combo;21,96;1;21,96;11,81;23;1;18,67;25;18,67;18,67;18,67;18,67;18,67;18,67;18,45;18,01;17,57;16,47
92443;;Polarizačné okuliare DELPHIN SG Aquas;22,95;1;22,95;12,35;23;1;19,51;25;19,51;19,51;19,51;19,51;19,51;19,51;19,28;18,82;18,36;17,21
92461;41;Háčiky DELPHIN Thorn Longer, 11 ks;4,94;1;4,94;2,08;23;1;4,20;25;4,20;4,20;4,20;4,20;4,20;4,20;4,15;4,05;3,95;3,71
92462;41;Háčiky DELPHIN Thorn Longer, 11 ks;4,94;1;4,94;2,08;23;1;4,20;25;4,20;4,20;4,20;4,20;4,20;4,20;4,15;4,05;3,95;3,71
92463;41;Háčiky DELPHIN Thorn Longer, 11 ks;4,94;1;4,94;2,08;23;1;4,20;25;4,20;4,20;4,20;4,20;4,20;4,20;4,15;4,05;3,95;3,71
92476;42;Sada kolíkov DELPHIN Classa, 5 ks;7,50;1;7,50;3,74;23;1;6,38;25;6,38;6,38;6,38;6,38;6,38;6,38;6,30;6,15;6,00;5,63
92477;42;Sada kolíkov DELPHIN Classa, 5 ks;6,49;1;6,49;3,51;23;1;5,52;25;5,52;5,52;5,52;5,52;5,52;5,52;5,45;5,32;5,19;4,87
92494;43;Plávajúca podberáková hlava DELPHIN Reaxe FloateR FoldCube;23,95;1;23,95;12,88;23;1;20,36;25;20,36;20,36;20,36;20,36;20,36;20,36;20,12;19,64;19,16;17,96
92495;43;Plávajúca podberáková hlava DELPHIN Reaxe FloateR FoldCube;25,95;1;25,95;13,96;23;1;22,06;25;22,06;22,06;22,06;22,06;22,06;22,06;21,80;21,28;20,76;19,46
92496;43;Plávajúca podberáková hlava DELPHIN Reaxe FloateR FoldCube;28,95;1;28,95;15,56;23;1;24,61;25;24,61;24,61;24,61;24,61;24,61;24,61;24,32;23,74;23,16;21,71
92497;43;Plávajúca podberáková hlava DELPHIN Reaxe FloateR FoldCube;31,96;1;31,96;17,18;23;1;27,17;25;27,17;27,17;27,17;27,17;27,17;27,17;26,85;26,21;25,57;23,97
92560;44;Detské čižmy DELPHIN Yupie s vložkou;23,95;1;23,95;14,78;23;1;20,36;25;20,36;20,36;20,36;20,36;20,36;20,36;20,12;19,64;19,16;17,96
92561;44;Detské čižmy DELPHIN Yupie s vložkou;23,95;1;23,95;14,17;23;1;20,36;25;20,36;20,36;20,36;20,36;20,36;20,36;20,12;19,64;19,16;17,96
92562;44;Detské čižmy DELPHIN Yupie s vložkou;23,95;1;23,95;14,17;23;1;20,36;25;20,36;20,36;20,36;20,36;20,36;20,36;20,12;19,64;19,16;17,96
92563;44;Detské čižmy DELPHIN Yupie s vložkou;23,95;1;23,95;14,17;23;1;20,36;25;20,36;20,36;20,36;20,36;20,36;20,36;20,12;19,64;19,16;17,96
92564;44;Detské čižmy DELPHIN Yupie s vložkou;23,95;1;23,95;14,17;23;1;20,36;25;20,36;20,36;20,36;20,36;20,36;20,36;20,12;19,64;19,16;17,96
92565;44;Detské čižmy DELPHIN Yupie s vložkou;23,95;1;23,95;14,17;23;1;20,36;25;20,36;20,36;20,36;20,36;20,36;20,36;20,12;19,64;19,16;17,96
92566;44;Detské čižmy DELPHIN Yupie s vložkou;23,95;1;23,95;14,17;23;1;20,36;25;20,36;20,36;20,36;20,36;20,36;20,36;20,12;19,64;19,16;17,96
92618;45;Termo set DELPHIN ArmaX;27,95;1;27,95;14,58;23;1;23,76;25;23,76;23,76;23,76;23,76;23,76;23,76;23,48;22,92;22,36;20,96
92619;45;Termo set DELPHIN ArmaX;26,95;1;26,95;11,66;23;1;22,91;25;22,91;22,91;22,91;22,91;22,91;22,91;22,64;22,10;21,56;20,21
97390;;Nástraha KEITECH Easy Shiner 4,5 inch/ 11,43 cm, bal. 6 ks;7,38;1;7,38;5,64;23;1;7,38;;7,08;6,94;6,79;6,64;6,49;6,35;6,20;6,05;5,90;5,54
97627;46;Nástraha KEITECH Live Impact 10 cm;6,86;1;6,86;3,13;23;1;6,86;;6,59;6,45;6,31;6,17;6,04;5,90;5,76;5,63;5,49;5,15
97628;46;Nástraha KEITECH Live Impact 10 cm;6,86;1;6,86;3,13;23;1;6,86;;6,59;6,45;6,31;6,17;6,04;5,90;5,76;5,63;5,49;5,15
98027;;Kosačka HONDA HRN 536C VK EA;878,99;1;878,99;614,04;23;1;878,99;3;852,62;852,62;852,62;852,62;852,62;852,62;852,62;852,62;852,62;852,62
9909;;Kolík na vrtuľu ZICO;2,15;1;2,15;0,89;23;1;2,15;;2,06;2,02;1,98;1,94;1,89;1,85;1,81;1,76;1,72;1,61
99520;;Kotva STRONGER Anchor Dream AD-10 s rozšírením;85,58;1;85,58;60,70;23;1;85,58;10;82,16;80,45;78,73;77,02;77,02;77,02;77,02;77,02;77,02;77,02
99617;47;Motor HONDA BF10;2959,00;1;2959,00;;23;1;2959,00;3;2870,23;2870,23;2870,23;2870,23;2870,23;2870,23;2870,23;2870,23;2870,23;2870,23
99618;47;Motor HONDA BF10;3039,00;1;3039,00;2619,90;23;1;3039,00;3;2947,83;2947,83;2947,83;2947,83;2947,83;2947,83;2947,83;2947,83;2947,83;2947,83
99619;47;Motor HONDA BF10;3219,00;1;3219,00;2832,28;23;1;3219,00;3;3122,43;3122,43;3122,43;3122,43;3122,43;3122,43;3122,43;3122,43;3122,43;3122,43
99620;47;Motor HONDA BF10;3309,00;1;3309,00;2854,83;23;1;3309,00;3;3209,73;3209,73;3209,73;3209,73;3209,73;3209,73;3209,73;3209,73;3209,73;3209,73
99621;47;Motor HONDA BF10;3545,00;1;3545,00;;23;1;3545,00;3;3438,65;3438,65;3438,65;3438,65;3438,65;3438,65;3438,65;3438,65;3438,65;3438,65
99622;47;Motor HONDA BF10;3630,00;1;3630,00;;23;1;3630,00;3;3521,10;3521,10;3521,10;3521,10;3521,10;3521,10;3521,10;3521,10;3521,10;3521,10
99623;47;Motor HONDA BF10;3779,00;1;3779,00;;23;1;3779,00;3;3665,63;3665,63;3665,63;3665,63;3665,63;3665,63;3665,63;3665,63;3665,63;3665,63
99655;;Kosačka HONDA HRG 466 SKEH;619,00;1;;;23;1;;3;600,43;600,43;600,43;600,43;600,43;600,43;600,43;600,43;600,43;600,43
99683;48;Predĺženie HONDA Versatool adaptér;95,01;1;95,01;;23;1;95,01;3;92,16;92,16;92,16;92,16;92,16;92,16;92,16;92,16;92,16;92,16
99684;48;Predĺženie HONDA Versatool adaptér;125,00;1;125,00;;23;1;125,00;3;121,25;121,25;121,25;121,25;121,25;121,25;121,25;121,25;121,25;121,25
41399;;Plávajúca podložka GIANTS FISHING Luxury Air Cradle XL;148,40;1;148,40;75,50;23;1;148,40;;142,46;139,50;136,53;133,56;130,59;127,62;124,66;121,69;118,72;111,30
46618;49;"Nástraha FANATIK Larva 4,5""; 11,5 cm, 5 ks";6,46;1;6,46;2,21;23;1;3,88;;3,88;3,88;3,88;3,88;3,88;3,88;3,88;3,88;3,88;3,88
46620;49;"Nástraha FANATIK Larva 4,5""; 11,5 cm, 5 ks";6,46;1;6,46;2,21;23;1;3,88;;3,88;3,88;3,88;3,88;3,88;3,88;3,88;3,88;3,88;3,88
46623;49;"Nástraha FANATIK Larva 4,5""; 11,5 cm, 5 ks";6,46;1;6,46;2,21;23;1;3,88;;3,88;3,88;3,88;3,88;3,88;3,88;3,88;3,88;3,88;3,88
46624;49;"Nástraha FANATIK Larva 4,5""; 11,5 cm, 5 ks";6,46;1;6,46;3,98;23;1;3,88;;3,88;3,88;3,88;3,88;3,88;3,88;3,88;3,88;3,88;3,88
46627;49;"Nástraha FANATIK Larva 4,5""; 11,5 cm, 5 ks";6,46;1;6,46;2,21;23;1;3,88;;3,88;3,88;3,88;3,88;3,88;3,88;3,88;3,88;3,88;3,88
46629;49;"Nástraha FANATIK Larva 4,5""; 11,5 cm, 5 ks";6,46;1;6,46;2,21;23;1;3,88;;3,88;3,88;3,88;3,88;3,88;3,88;3,88;3,88;3,88;3,88
46631;49;"Nástraha FANATIK Larva 4,5""; 11,5 cm, 5 ks";6,46;1;6,46;2,21;23;1;3,88;;3,88;3,88;3,88;3,88;3,88;3,88;3,88;3,88;3,88;3,88
46633;49;"Nástraha FANATIK Larva 4,5""; 11,5 cm, 5 ks";6,46;1;6,46;2,21;23;1;3,88;;3,88;3,88;3,88;3,88;3,88;3,88;3,88;3,88;3,88;3,88
74835;50;Boilie STARBAITS Hold Up Shrimp Hard 24mm, 200g;8,71;1;8,71;3,73;23;1;8,71;;8,36;8,19;8,01;7,84;7,66;7,49;7,32;7,14;6,97;6,53
109020;51;Boilie TB Baits Garlic Liver, 250 g;4,30;1;;;23;1;;15;4,13;4,04;3,96;3,87;3,78;3,70;3,66;3,66;3,66;3,66
40339;52;Štvorcový dáždnik Full Cover  250cm;3,38;1;3,38;1,72;23;1;3,38;;3,24;3,18;3,11;3,04;2,97;2,91;2,84;2,77;2,70;2,54
41691;52;Štvorcový dáždnik Full Cover  250cm;3,14;1;3,14;1,59;23;1;3,14;;3,01;2,95;2,89;2,83;2,76;2,70;2,64;2,57;2,51;2,36
41693;52;Štvorcový dáždnik Full Cover  250cm;3,14;1;3,14;1,59;23;1;3,14;;3,01;2,95;2,89;2,83;2,76;2,70;2,64;2,57;2,51;2,36
01066;;Brúska nožov SMITH`S EDGEWORK-Site Utility Blade Sharpener;9,53;1;9,53;6,19;23;1;9,53;0;9,53;9,53;9,53;9,53;9,53;9,53;9,53;9,53;9,53;9,53
100048;53;Boilie Method Feeder Fans Duo Energy Pop Up, Cesnak + esencia sprej;7,49;1;7,49;5,63;23;1;7,49;;7,19;7,04;6,89;6,74;6,59;6,44;6,29;6,14;5,99;5,62
100049;53;Boilie Method Feeder Fans Duo Energy Pop Up, Cesnak + esencia sprej;5,99;1;5,99;4,05;23;1;5,99;;5,75;5,63;5,51;5,39;5,27;5,15;5,03;4,91;4,79;4,49
100051;53;Boilie Method Feeder Fans Duo Energy Pop Up, Cesnak + esencia sprej;7,49;1;7,49;5,63;23;1;7,49;;7,19;7,04;6,89;6,74;6,59;6,44;6,29;6,14;5,99;5,62
100107;;Sada swingrov CARPON CDE 3x;40,95;1;40,95;28,38;23;1;40,95;;39,31;38,49;37,67;36,86;36,04;35,22;34,40;33,58;32,76;30,71
100271;;Peračník CARP CARE Rig Safe;15,28;1;15,28;9,48;23;1;15,28;;14,67;14,36;14,06;13,75;13,45;13,14;12,84;12,53;12,22;11,46
100305;54;Montáž CARPEX Lead Core System & Safety Clip, Green;4,71;1;4,71;1,63;23;1;4,71;;4,52;4,43;4,33;4,24;4,14;4,05;3,96;3,86;3,77;3,53
100306;54;Montáž CARPEX Lead Core System & Safety Clip, Green;4,71;1;4,71;2,24;23;1;4,71;;4,52;4,43;4,33;4,24;4,14;4,05;3,96;3,86;3,77;3,53
100325;;Podložka CARP CARE Typ 3 Camo;29,73;1;29,73;16,18;23;1;29,73;;28,54;27,95;27,35;26,76;26,16;25,57;24,97;24,38;23,78;22,30
100380;;Puzdro ROBINSON Camo, 2-komorové;24,90;1;24,90;10,74;23;1;24,90;;23,90;23,41;22,91;22,41;21,91;21,41;20,92;20,42;19,92;18,68
100418;;Boilie CARP FANS Vanilla Nuts;13,32;1;13,32;7,76;23;1;13,32;;12,79;12,52;12,25;11,99;11,72;11,46;11,19;10,92;10,66;9,99
100451;55;Prút ROBINSON Kinetik RS Tele Float;49,00;1;49,00;23,99;23;1;49,00;;47,04;46,06;45,08;44,10;43,12;42,14;41,16;40,18;39,20;36,75
100452;55;Prút ROBINSON Kinetik RS Tele Float;50,00;1;50,00;24,49;23;1;50,00;;48,00;47,00;46,00;45,00;44,00;43,00;42,00;41,00;40,00;37,50
100478;56;Sprej Method Feeder Fans Fluo Spray;4,99;1;4,99;2,25;23;1;4,99;;4,79;4,69;4,59;4,49;4,39;4,29;4,19;4,09;3,99;3,74
100479;56;Sprej Method Feeder Fans Fluo Spray;5,99;1;5,99;3,05;23;1;5,99;;5,75;5,63;5,51;5,39;5,27;5,15;5,03;4,91;4,79;4,49
100480;56;Sprej Method Feeder Fans Fluo Spray;5,99;1;5,99;3,00;23;1;5,99;;5,75;5,63;5,51;5,39;5,27;5,15;5,03;4,91;4,79;4,49
100481;56;Sprej Method Feeder Fans Fluo Spray;5,99;1;5,99;3,00;23;1;5,99;;5,75;5,63;5,51;5,39;5,27;5,15;5,03;4,91;4,79;4,49
100482;56;Sprej Method Feeder Fans Fluo Spray;5,99;1;5,99;3,00;23;1;5,99;;5,75;5,63;5,51;5,39;5,27;5,15;5,03;4,91;4,79;4,49
100483;56;Sprej Method Feeder Fans Fluo Spray;5,99;1;5,99;3,00;23;1;5,99;;5,75;5,63;5,51;5,39;5,27;5,15;5,03;4,91;4,79;4,49
100484;56;Sprej Method Feeder Fans Fluo Spray;5,99;1;5,99;3,00;23;1;5,99;;5,75;5,63;5,51;5,39;5,27;5,15;5,03;4,91;4,79;4,49
100566;56;Sprej Method Feeder Fans Fluo Spray;5,99;1;5,99;3,00;23;1;5,99;;5,75;5,63;5,51;5,39;5,27;5,15;5,03;4,91;4,79;4,49
100567;56;Sprej Method Feeder Fans Fluo Spray;5,99;1;5,99;3,00;23;1;5,99;;5,75;5,63;5,51;5,39;5,27;5,15;5,03;4,91;4,79;4,49
100818;56;Sprej Method Feeder Fans Fluo Spray;5,99;1;5,99;3,05;23;1;5,99;;5,75;5,63;5,51;5,39;5,27;5,15;5,03;4,91;4,79;4,49
100516;57;Navijak ROBINSON Smart FD;80,36;1;80,36;30,60;23;1;80,36;;77,15;75,54;73,93;72,32;70,72;69,11;67,50;65,90;64,29;60,27
100517;57;Navijak ROBINSON Smart FD;83,23;1;83,23;37,10;23;1;83,23;;79,90;78,24;76,57;74,91;73,24;71,58;69,91;68,25;66,58;62,42
100518;57;Navijak ROBINSON Smart FD;85,08;1;85,08;34,02;23;1;85,08;;81,68;79,98;78,27;76,57;74,87;73,17;71,47;69,77;68,06;63,81
100593;58;Vlasec 100% Clear Fluorocarbon Shock 100 m;5,99;1;5,99;3,64;23;1;5,99;;5,75;5,63;5,51;5,39;5,27;5,15;5,03;4,91;4,79;4,49
100594;58;Vlasec 100% Clear Fluorocarbon Shock 100 m;5,99;1;5,99;3,61;23;1;5,99;;5,75;5,63;5,51;5,39;5,27;5,15;5,03;4,91;4,79;4,49
100595;58;Vlasec 100% Clear Fluorocarbon Shock 100 m;5,99;1;5,99;2,71;23;1;5,99;;5,75;5,63;5,51;5,39;5,27;5,15;5,03;4,91;4,79;4,49
100596;58;Vlasec 100% Clear Fluorocarbon Shock 100 m;5,99;1;5,99;3,64;23;1;5,99;;5,75;5,63;5,51;5,39;5,27;5,15;5,03;4,91;4,79;4,49
100597;58;Vlasec 100% Clear Fluorocarbon Shock 100 m;5,99;1;5,99;2,71;23;1;5,99;;5,75;5,63;5,51;5,39;5,27;5,15;5,03;4,91;4,79;4,49
100598;58;Vlasec 100% Clear Fluorocarbon Shock 100 m;5,99;1;5,99;3,33;23;1;5,99;;5,75;5,63;5,51;5,39;5,27;5,15;5,03;4,91;4,79;4,49
100599;58;Vlasec 100% Clear Fluorocarbon Shock 100 m;5,99;1;5,99;3,64;23;1;5,99;;5,75;5,63;5,51;5,39;5,27;5,15;5,03;4,91;4,79;4,49
100659;58;Vlasec 100% Clear Fluorocarbon Shock 100 m;5,99;1;5,99;3,00;23;1;5,99;;5,75;5,63;5,51;5,39;5,27;5,15;5,03;4,91;4,79;4,49
100769;58;Vlasec 100% Clear Fluorocarbon Shock 100 m;6,29;1;6,29;2,56;23;1;6,29;;6,04;5,91;5,79;5,66;5,54;5,41;5,28;5,16;5,03;4,72
100770;58;Vlasec 100% Clear Fluorocarbon Shock 100 m;7,39;1;7,39;3,34;23;1;7,39;;7,09;6,95;6,80;6,65;6,50;6,36;6,21;6,06;5,91;5,54
100771;58;Vlasec 100% Clear Fluorocarbon Shock 100 m;8,00;1;8,00;3,30;23;1;8,00;;7,68;7,52;7,36;7,20;7,04;6,88;6,72;6,56;6,40;6,00
100772;58;Vlasec 100% Clear Fluorocarbon Shock 100 m;8,00;1;8,00;3,30;23;1;8,00;;7,68;7,52;7,36;7,20;7,04;6,88;6,72;6,56;6,40;6,00
100773;58;Vlasec 100% Clear Fluorocarbon Shock 100 m;8,00;1;8,00;3,30;23;1;8,00;;7,68;7,52;7,36;7,20;7,04;6,88;6,72;6,56;6,40;6,00
100774;58;Vlasec 100% Clear Fluorocarbon Shock 100 m;8,00;1;8,00;4,11;23;1;8,00;;7,68;7,52;7,36;7,20;7,04;6,88;6,72;6,56;6,40;6,00
100617;;fotochromatické polarizačné okuliare METHOD FEEDER FANS 1035;29,90;1;29,90;16,40;23;1;29,90;;28,70;28,11;27,51;26,91;26,31;25,71;25,12;24,52;23,92;22,43
100713;;Polarizačné okuliare Method Feeder Fans Black;15,99;1;15,99;8,11;23;1;15,99;;15,35;15,03;14,71;14,39;14,07;13,75;13,43;13,11;12,79;11,99
100767;;Nástraha Method Feeder Fans Worms Wafter 10 mm, Krill;4,99;1;4,99;2,25;23;1;4,99;;4,79;4,69;4,59;4,49;4,39;4,29;4,19;4,09;3,99;3,74
100790;59;Boilie METHOD FEEDER FANS Pop Up Smoke Ball, 7 mm, 50 ml;4,99;1;4,99;2,25;23;1;4,99;;4,79;4,69;4,59;4,49;4,39;4,29;4,19;4,09;3,99;3,74
100791;59;Boilie METHOD FEEDER FANS Pop Up Smoke Ball, 7 mm, 50 ml;5,99;1;5,99;2,44;23;1;5,99;;5,75;5,63;5,51;5,39;5,27;5,15;5,03;4,91;4,79;4,49
100792;59;Boilie METHOD FEEDER FANS Pop Up Smoke Ball, 7 mm, 50 ml;5,99;1;5,99;2,25;23;1;5,99;;5,75;5,63;5,51;5,39;5,27;5,15;5,03;4,91;4,79;4,49
100793;59;Boilie METHOD FEEDER FANS Pop Up Smoke Ball, 7 mm, 50 ml;5,99;1;5,99;2,43;23;1;5,99;;5,75;5,63;5,51;5,39;5,27;5,15;5,03;4,91;4,79;4,49
100794;59;Boilie METHOD FEEDER FANS Pop Up Smoke Ball, 7 mm, 50 ml;5,99;1;5,99;2,43;23;1;5,99;;5,75;5,63;5,51;5,39;5,27;5,15;5,03;4,91;4,79;4,49
100820;59;Boilie METHOD FEEDER FANS Pop Up Smoke Ball, 7 mm, 50 ml;5,99;1;5,99;2,43;23;1;5,99;;5,75;5,63;5,51;5,39;5,27;5,15;5,03;4,91;4,79;4,49
100805;60;Pelety Method Feeder Fans Ready Method Pellet, 700 g;6,99;1;6,99;3,16;23;1;6,99;;6,71;6,57;6,43;6,29;6,15;6,01;5,87;5,73;5,59;5,24
100806;60;Pelety Method Feeder Fans Ready Method Pellet, 700 g;6,99;1;6,99;3,16;23;1;6,99;;6,71;6,57;6,43;6,29;6,15;6,01;5,87;5,73;5,59;5,24
100807;60;Pelety Method Feeder Fans Ready Method Pellet, 700 g;6,99;1;6,99;3,16;23;1;6,99;;6,71;6,57;6,43;6,29;6,15;6,01;5,87;5,73;5,59;5,24
100808;60;Pelety Method Feeder Fans Ready Method Pellet, 700 g;6,99;1;6,99;3,16;23;1;6,99;;6,71;6,57;6,43;6,29;6,15;6,01;5,87;5,73;5,59;5,24
100822;60;Pelety Method Feeder Fans Ready Method Pellet, 700 g;6,99;1;6,99;3,40;23;1;6,99;;6,71;6,57;6,43;6,29;6,15;6,01;5,87;5,73;5,59;5,24
100823;60;Pelety Method Feeder Fans Ready Method Pellet, 700 g;6,99;1;6,99;3,41;23;1;6,99;;6,71;6,57;6,43;6,29;6,15;6,01;5,87;5,73;5,59;5,24
101000;61;Boilie NIKL Ready Chilli & Peach;11,73;1;11,73;7,06;23;1;11,73;;11,26;11,03;10,79;10,56;10,32;10,09;9,85;9,62;9,38;8,80
101002;61;Boilie NIKL Ready Chilli & Peach;11,73;1;11,73;7,06;23;1;11,73;;11,26;11,03;10,79;10,56;10,32;10,09;9,85;9,62;9,38;8,80
101003;61;Boilie NIKL Ready Chilli & Peach;4,27;1;4,27;2,48;23;1;4,27;;4,10;4,01;3,93;3,84;3,76;3,67;3,59;3,50;3,42;3,20
101004;61;Boilie NIKL Ready Chilli & Peach;11,73;1;11,73;7,21;23;1;11,73;;11,26;11,03;10,79;10,56;10,32;10,09;9,85;9,62;9,38;8,80
101042;;Plávajúce boilie NIKL Pop Up, 10mm, 20g;7,40;1;7,40;4,63;23;1;7,40;;7,10;6,96;6,81;6,66;6,51;6,36;6,22;6,07;5,92;5,55
101061;;Liquid NIKL LUM-X Red Liquid Giga Squid, 115 ml;15,65;1;15,65;9,16;23;1;15,65;;15,02;14,71;14,40;14,09;13,77;13,46;13,15;12,83;12,52;11,74
101095;;Čelovka TRAKKER Nitelite Headtorch 420;37,72;1;37,72;20,39;23;1;37,72;;36,21;35,46;34,70;33,95;33,19;32,44;31,68;30,93;30,18;28,29
101124;62;Boilie NIKL Economic Feed Squid, 5 kg;27,40;1;27,40;16,17;23;1;27,40;;26,30;25,76;25,21;24,66;24,11;23,56;23,02;22,47;21,92;20,55
101125;62;Boilie NIKL Economic Feed Squid, 5 kg;29,61;1;29,61;16,65;23;1;29,61;;28,43;27,83;27,24;26,65;26,06;25,46;24,87;24,28;23,69;22,21
101142;63;Plávajúce boilie NIKL Pop Up Corn;8,00;1;8,00;4,30;23;1;8,00;;7,68;7,52;7,36;7,20;7,04;6,88;6,72;6,56;6,40;6,00
101143;63;Plávajúce boilie NIKL Pop Up Corn;8,40;1;8,40;4,53;23;1;8,40;;8,06;7,90;7,73;7,56;7,39;7,22;7,06;6,89;6,72;6,30
101144;63;Plávajúce boilie NIKL Pop Up Corn;8,40;1;8,40;4,53;23;1;8,40;;8,06;7,90;7,73;7,56;7,39;7,22;7,06;6,89;6,72;6,30
101153;;Liquid NIKL LUM-X Red Liquid Glow Calanus & Krill;15,65;1;15,65;8,27;23;1;15,65;;15,02;14,71;14,40;14,09;13,77;13,46;13,15;12,83;12,52;11,74
101251;64;Navijak SHIMANO Nasci FC;106,95;1;106,95;54,19;23;1;106,95;;102,67;100,53;98,39;96,26;94,12;91,98;89,84;87,70;85,56;80,21
101662;64;Navijak SHIMANO Nasci FC;117,94;1;117,94;59,76;23;1;117,94;;113,22;110,86;108,50;106,15;103,79;101,43;99,07;96,71;94,35;88,46
101270;;Boilies SHIMANO TX1 Tiger Nut, 20mm, 5kg;37,95;1;37,95;14,31;23;1;37,95;;36,43;35,67;34,91;34,16;33,40;32,64;31,88;31,12;30,36;28,46
101295;;Sirup SHIMANO TX1 Food Syrup 500ml, Tiger Nut;10,49;1;10,49;5,15;23;1;10,49;;10,07;9,86;9,65;9,44;9,23;9,02;8,81;8,60;8,39;7,87
101334;65;Vlasec SHIMANO Catana Spinning Grey, 150 m;4,60;1;4,60;1,98;23;1;4,60;;4,42;4,32;4,23;4,14;4,05;3,96;3,86;3,77;3,68;3,45
101335;65;Vlasec SHIMANO Catana Spinning Grey, 150 m;4,60;1;4,60;1,98;23;1;4,60;;4,42;4,32;4,23;4,14;4,05;3,96;3,86;3,77;3,68;3,45
101451;65;Vlasec SHIMANO Catana Spinning Grey, 150 m;4,60;1;4,60;1,98;23;1;4,60;;4,42;4,32;4,23;4,14;4,05;3,96;3,86;3,77;3,68;3,45
101452;65;Vlasec SHIMANO Catana Spinning Grey, 150 m;4,49;1;4,49;1,65;23;1;4,49;;4,31;4,22;4,13;4,04;3,95;3,86;3,77;3,68;3,59;3,37
101453;65;Vlasec SHIMANO Catana Spinning Grey, 150 m;4,49;1;4,49;2,03;23;1;4,49;;4,31;4,22;4,13;4,04;3,95;3,86;3,77;3,68;3,59;3,37
101610;65;Vlasec SHIMANO Catana Spinning Grey, 150 m;5,49;1;5,49;2,48;23;1;5,49;;5,27;5,16;5,05;4,94;4,83;4,72;4,61;4,50;4,39;4,12
101611;65;Vlasec SHIMANO Catana Spinning Grey, 150 m;5,49;1;5,49;2,48;23;1;5,49;;5,27;5,16;5,05;4,94;4,83;4,72;4,61;4,50;4,39;4,12
101647;65;Vlasec SHIMANO Catana Spinning Grey, 150 m;5,95;1;5,95;2,19;23;1;5,95;;5,71;5,59;5,47;5,36;5,24;5,12;5,00;4,88;4,76;4,46
101408;66;Prút SHIMANO Aero X1 Distance Power Feeder;104,95;1;;;23;1;;;100,75;98,65;96,55;94,46;92,36;90,26;88,16;86,06;83,96;78,71
101553;;Okuliare SHIMANO Sunglass Eyewear Curado;34,94;1;34,94;12,85;23;1;34,94;;33,54;32,84;32,14;31,45;30,75;30,05;29,35;28,65;27,95;26,21
101565;67;Krátke nohavice SHIMANO Wear Gre;30,70;1;30,70;14,53;23;1;30,70;;29,47;28,86;28,24;27,63;27,02;26,40;25,79;25,17;24,56;23,03
101588;67;Krátke nohavice SHIMANO Wear Gre;30,70;1;30,70;14,53;23;1;30,70;;29,47;28,86;28,24;27,63;27,02;26,40;25,79;25,17;24,56;23,03
101589;67;Krátke nohavice SHIMANO Wear Gre;30,70;1;30,70;14,53;23;1;30,70;;29,47;28,86;28,24;27,63;27,02;26,40;25,79;25,17;24,56;23,03
101608;67;Krátke nohavice SHIMANO Wear Gre;30,70;1;30,70;14,53;23;1;30,70;;29,47;28,86;28,24;27,63;27,02;26,40;25,79;25,17;24,56;23,03
101592;;Pilker SHIMANO Lure Stinger Butterfly Flat Light, Red Gold;11,23;1;11,23;2,94;23;1;11,23;;10,78;10,56;10,33;10,11;9,88;9,66;9,43;9,21;8,98;8,42
101615;68;Vlasec SHIMANO Line Exage Steel Grey, 150 m;3,49;1;3,49;1,59;23;1;3,49;;3,35;3,28;3,21;3,14;3,07;3,00;2,93;2,86;2,79;2,62
101616;68;Vlasec SHIMANO Line Exage Steel Grey, 150 m;3,49;1;3,49;1,59;23;1;3,49;;3,35;3,28;3,21;3,14;3,07;3,00;2,93;2,86;2,79;2,62
101617;68;Vlasec SHIMANO Line Exage Steel Grey, 150 m;3,49;1;3,49;1,59;23;1;3,49;;3,35;3,28;3,21;3,14;3,07;3,00;2,93;2,86;2,79;2,62
101618;68;Vlasec SHIMANO Line Exage Steel Grey, 150 m;3,49;1;3,49;1,59;23;1;3,49;;3,35;3,28;3,21;3,14;3,07;3,00;2,93;2,86;2,79;2,62
101619;68;Vlasec SHIMANO Line Exage Steel Grey, 150 m;3,95;1;3,95;1,80;23;1;3,95;;3,79;3,71;3,63;3,56;3,48;3,40;3,32;3,24;3,16;2,96
101620;68;Vlasec SHIMANO Line Exage Steel Grey, 150 m;3,95;1;3,95;1,80;23;1;3,95;;3,79;3,71;3,63;3,56;3,48;3,40;3,32;3,24;3,16;2,96
101621;68;Vlasec SHIMANO Line Exage Steel Grey, 150 m;3,95;1;3,95;1,80;23;1;3,95;;3,79;3,71;3,63;3,56;3,48;3,40;3,32;3,24;3,16;2,96
101622;68;Vlasec SHIMANO Line Exage Steel Grey, 150 m;3,95;1;3,95;1,80;23;1;3,95;;3,79;3,71;3,63;3,56;3,48;3,40;3,32;3,24;3,16;2,96
101623;68;Vlasec SHIMANO Line Exage Steel Grey, 150 m;5,49;1;5,49;2,48;23;1;5,49;;5,27;5,16;5,05;4,94;4,83;4,72;4,61;4,50;4,39;4,12
101701;68;Vlasec SHIMANO Line Exage Steel Grey, 150 m;3,95;1;3,95;1,82;23;1;3,95;;3,79;3,71;3,63;3,56;3,48;3,40;3,32;3,24;3,16;2,96
101628;69;Vlasec SHIMANO Line Yasei Fluoro Leader Grey;10,49;1;10,49;3,86;23;1;10,49;;10,07;9,86;9,65;9,44;9,23;9,02;8,81;8,60;8,39;7,87
101629;69;Vlasec SHIMANO Line Yasei Fluoro Leader Grey;10,49;1;10,49;3,86;23;1;10,49;;10,07;9,86;9,65;9,44;9,23;9,02;8,81;8,60;8,39;7,87
101630;69;Vlasec SHIMANO Line Yasei Fluoro Leader Grey;10,49;1;10,49;3,86;23;1;10,49;;10,07;9,86;9,65;9,44;9,23;9,02;8,81;8,60;8,39;7,87
101631;69;Vlasec SHIMANO Line Yasei Fluoro Leader Grey;11,49;1;11,49;4,23;23;1;11,49;;11,03;10,80;10,57;10,34;10,11;9,88;9,65;9,42;9,19;8,62
101632;69;Vlasec SHIMANO Line Yasei Fluoro Leader Grey;12,48;1;12,48;4,59;23;1;12,48;;11,98;11,73;11,48;11,23;10,98;10,73;10,48;10,23;9,98;9,36
101633;69;Vlasec SHIMANO Line Yasei Fluoro Leader Grey;12,48;1;12,48;4,59;23;1;12,48;;11,98;11,73;11,48;11,23;10,98;10,73;10,48;10,23;9,98;9,36
101634;69;Vlasec SHIMANO Line Yasei Fluoro Leader Grey;13,49;1;13,49;4,96;23;1;13,49;;12,95;12,68;12,41;12,14;11,87;11,60;11,33;11,06;10,79;10,12
101635;69;Vlasec SHIMANO Line Yasei Fluoro Leader Grey;14,49;1;14,49;5,33;23;1;14,49;;13,91;13,62;13,33;13,04;12,75;12,46;12,17;11,88;11,59;10,87
101636;69;Vlasec SHIMANO Line Yasei Fluoro Leader Grey;16,95;1;16,95;6,23;23;1;16,95;;16,27;15,93;15,59;15,26;14,92;14,58;14,24;13,90;13,56;12,71
101664;70;Tričko SHIMANO Short Sleeve T. Shirt White;19,95;1;19,95;8,06;23;1;19,95;;19,15;18,75;18,35;17,96;17,56;17,16;16,76;16,36;15,96;14,96
101665;70;Tričko SHIMANO Short Sleeve T. Shirt White;19,95;1;19,95;8,06;23;1;19,95;;19,15;18,75;18,35;17,96;17,56;17,16;16,76;16,36;15,96;14,96
101731;70;Tričko SHIMANO Short Sleeve T. Shirt White;19,95;1;19,95;7,67;23;1;19,95;;19,15;18,75;18,35;17,96;17,56;17,16;16,76;16,36;15,96;14,96
101732;70;Tričko SHIMANO Short Sleeve T. Shirt White;19,95;1;19,95;8,06;23;1;19,95;;19,15;18,75;18,35;17,96;17,56;17,16;16,76;16,36;15,96;14,96
101733;70;Tričko SHIMANO Short Sleeve T. Shirt White;19,95;1;19,95;8,06;23;1;19,95;;19,15;18,75;18,35;17,96;17,56;17,16;16,76;16,36;15,96;14,96
101678;;Vlasec SHIMANO Technium QP PB, 0,38 mm, 790 m;36,85;1;36,85;15,86;23;1;36,85;;35,38;34,64;33,90;33,17;32,43;31,69;30,95;30,22;29,48;27,64
101697;;Vobler SHIMANO Cardiff Stream Flat 65ES, Yamame;11,16;1;11,16;5,64;23;1;11,16;;10,71;10,49;10,27;10,04;9,82;9,60;9,37;9,15;8,93;8,37
101736;;Puzdro SHIMANO Surf Reel Case na navijak;17,95;1;17,95;7,25;23;1;17,95;;17,23;16,87;16,51;16,16;15,80;15,44;15,08;14,72;14,36;13,46
101774;;Navijak SHIMANO Stella C3000 FK;759,96;1;759,96;500,05;23;1;759,96;;729,56;714,36;699,16;683,96;668,76;653,57;638,37;623,17;607,97;569,97
101801;;Navijak SHIMANO Stella C5000 FK XG;779,96;1;779,96;513,21;23;1;779,96;;748,76;733,16;717,56;701,96;686,36;670,77;655,17;639,57;623,97;584,97
103123;71;Boilie ABAITS Pop Up Fluo, Pomaranč;6,67;1;6,67;3,90;23;1;6,67;;6,40;6,27;6,14;6,00;5,87;5,74;5,60;5,47;5,34;5,00
103204;72;Mini boilie ABAITS Wafters, 8 mm, Kreveta & Arašid;4,21;1;4,21;2,20;23;1;4,21;;4,04;3,96;3,87;3,79;3,70;3,62;3,54;3,45;3,37;3,16
103262;;Dip ABAITS Ghost Jahoda, 100 ml;8,00;1;8,00;4,75;23;1;8,00;;7,68;7,52;7,36;7,20;7,04;6,88;6,72;6,56;6,40;6,00
103519;;Magnetická rýchlospojka FLACARP Mags, 1 ks;16,40;1;16,40;10,00;23;1;16,40;;15,74;15,42;15,09;14,76;14,43;14,10;13,78;13,45;13,12;12,30
103615;73;Detský zimný komplet KINETIC X-Shade Winter Suit Ivy Green;102,50;1;102,50;49,99;23;1;102,50;;98,40;96,35;94,30;92,25;90,20;88,15;86,10;84,05;82,00;76,88
103616;73;Detský zimný komplet KINETIC X-Shade Winter Suit Ivy Green;102,50;1;102,50;49,99;23;1;102,50;;98,40;96,35;94,30;92,25;90,20;88,15;86,10;84,05;82,00;76,88
103634;;Muška UNIQUE Flies Krystal Bugger Fluo Red;3,06;1;3,06;1,13;23;1;3,06;;2,94;2,88;2,82;2,75;2,69;2,63;2,57;2,51;2,45;2,30
103651;;Muška UNIQUE Flies Orange;2,41;1;2,41;1,13;23;1;2,41;;2,31;2,27;2,22;2,17;2,12;2,07;2,02;1,98;1,93;1,81
103667;;Obojstranná krabička WESTIN W3 Lure Box Double Sided S8;9,99;1;9,99;5,00;23;1;9,99;;9,59;9,39;9,19;8,99;8,79;8,59;8,39;8,19;7,99;7,49
103681;;Nástraha WESTIN Zanderteez Shadtail, Zander;3,06;1;3,06;;23;1;3,06;;2,94;2,88;2,82;2,75;2,69;2,63;2,57;2,51;2,45;2,30
103714;;Blyskáč KINETIC Bug 4 g, Cooper;3,06;1;3,06;0,86;23;1;3,06;;2,94;2,88;2,82;2,75;2,69;2,63;2,57;2,51;2,45;2,30
103777;74;Nástraha KINETIC IMP Tail Spin 7 g, Blue/ Silver;4,08;1;4,08;1,79;23;1;4,08;;3,92;3,84;3,75;3,67;3,59;3,51;3,43;3,35;3,26;3,06
103781;74;Nástraha KINETIC IMP Tail Spin 7 g, Blue/ Silver;4,08;1;4,08;1,79;23;1;4,08;;3,92;3,84;3,75;3,67;3,59;3,51;3,43;3,35;3,26;3,06
103854;75;Boilie STARBAITS Pop Up Ocean Tuna;6,67;1;6,67;3,01;23;1;6,67;;6,40;6,27;6,14;6,00;5,87;5,74;5,60;5,47;5,34;5,00
103855;75;Boilie STARBAITS Pop Up Ocean Tuna;6,67;1;6,67;3,01;23;1;6,67;;6,40;6,27;6,14;6,00;5,87;5,74;5,60;5,47;5,34;5,00
104012;;Kukuričná zmes SENSAS TTX Mais Fin jemná;3,90;1;3,90;1,97;23;1;3,90;;3,74;3,67;3,59;3,51;3,43;3,35;3,28;3,20;3,12;2,93
104041;76;Prút SENSAS Target Feeder;23,95;1;23,95;10,90;23;1;23,95;;22,99;22,51;22,03;21,56;21,08;20,60;20,12;19,64;19,16;17,96
104042;76;Prút SENSAS Target Feeder;25,95;1;25,95;12,16;23;1;25,95;;24,91;24,39;23,87;23,36;22,84;22,32;21,80;21,28;20,76;19,46
104123;;Method mix STARBAITS Grab&Go Global Sweet Corn (kukurica), 1,8 kg;7,29;1;7,29;3,59;23;1;7,29;;7,00;6,85;6,71;6,56;6,42;6,27;6,12;5,98;5,83;5,47
104185;77;Boilie STARBAITS Concept Red Liver, 200 g;6,40;1;6,40;3,02;23;1;6,40;;6,14;6,02;5,89;5,76;5,63;5,50;5,38;5,25;5,12;4,80
104186;77;Boilie STARBAITS Concept Red Liver, 200 g;6,40;1;6,40;3,02;23;1;6,40;;6,14;6,02;5,89;5,76;5,63;5,50;5,38;5,25;5,12;4,80
104260;77;Boilie STARBAITS Concept Red Liver, 200 g;6,40;1;6,40;2,73;23;1;6,40;;6,14;6,02;5,89;5,76;5,63;5,50;5,38;5,25;5,12;4,80
104204;;Nymfa ILLEX Scissor Comb 7,6 cm, Ebimiso Red Flake, 8 ks;12,50;1;12,50;6,86;23;1;12,50;;12,00;11,75;11,50;11,25;11,00;10,75;10,50;10,25;10,00;9,38
104222;;Krabička ILLEX Tackle Box 205 HC;9,30;1;9,30;4,39;23;1;9,30;;8,93;8,74;8,56;8,37;8,18;8,00;7,81;7,63;7,44;6,98
104292;;Nepremokavá taška STARBAITS Pro Tec EVA Stinky Bag pre podberák;27,50;1;27,50;12,01;23;1;27,50;;26,40;25,85;25,30;24,75;24,20;23,65;23,10;22,55;22,00;20,63
104308;;Čiapka SENSAS Fashion Club Hat;17,60;1;17,60;7,99;23;1;17,60;;16,90;16,54;16,19;15,84;15,49;15,14;14,78;14,43;14,08;13,20
104329;;Stojan na váženie STARBAITS Weighing Pod, trojnožka;51,96;1;51,96;23,48;23;1;51,96;;49,88;48,84;47,80;46,76;45,72;44,69;43,65;42,61;41,57;38,97
104368;;Podberák STARBAITS LN 200;49,95;1;49,95;23,60;23;1;49,95;;47,95;46,95;45,95;44,96;43,96;42,96;41,96;40,96;39,96;37,46
104386;;Vobler GUNKI Gamera 65 SP, HL Fario;8,70;1;8,70;3,97;23;1;8,70;;8,35;8,18;8,00;7,83;7,66;7,48;7,31;7,13;6,96;6,53
104402;;Vobler GUNKI Rodan 59 SHW, Wild Trout;10,50;1;10,50;4,76;23;1;10,50;;10,08;9,87;9,66;9,45;9,24;9,03;8,82;8,61;8,40;7,88
104419;;Vobler ILLEX Chubby Micro 30, SG Ayu;19,70;1;19,70;9,25;23;1;19,70;;18,91;18,52;18,12;17,73;17,34;16,94;16,55;16,15;15,76;14,78
104435;;Krmivo SENSAS 3000 Feeder Acid Worm (amino dážďovka), 1 kg;5,30;1;5,30;2,38;23;1;5,30;;5,09;4,98;4,88;4,77;4,66;4,56;4,45;4,35;4,24;3,98
104440;;Nástraha SENSAS Method Wafters, Kukurica;5,95;1;5,95;2,68;23;1;5,95;;5,71;5,59;5,47;5,36;5,24;5,12;5,00;4,88;4,76;4,46
104450;;Kukuričné pelety SENSAS Prima Baby Corn, 2,5 kg;6,70;1;6,70;3,11;23;1;6,70;;6,43;6,30;6,16;6,03;5,90;5,76;5,63;5,49;5,36;5,03
104455;78;Prút SENSAS Black Arrow Method Feeder 150;59,95;1;59,95;27,76;23;1;59,95;;57,55;56,35;55,15;53,96;52,76;51,56;50,36;49,16;47,96;44,96
104456;78;Prút SENSAS Black Arrow Method Feeder 150;63,95;1;63,95;29,61;23;1;63,95;;61,39;60,11;58,83;57,56;56,28;55,00;53,72;52,44;51,16;47,96
104457;78;Prút SENSAS Black Arrow Method Feeder 150;67,95;1;67,95;31,47;23;1;67,95;;65,23;63,87;62,51;61,16;59,80;58,44;57,08;55,72;54,36;50,96
104458;78;Prút SENSAS Black Arrow Method Feeder 150;71,96;1;71,96;34,32;23;1;71,96;;69,08;67,64;66,20;64,76;63,32;61,89;60,45;59,01;57,57;53,97
104471;79;Boilie STARBAITS Grab & Go Global, Scopex, 800 g;5,60;1;5,60;2,75;23;1;5,60;;5,38;5,26;5,15;5,04;4,93;4,82;4,70;4,59;4,48;4,20
104472;79;Boilie STARBAITS Grab & Go Global, Scopex, 800 g;5,60;1;5,60;2,75;23;1;5,60;;5,38;5,26;5,15;5,04;4,93;4,82;4,70;4,59;4,48;4,20
104473;79;Boilie STARBAITS Grab & Go Global, Scopex, 800 g;5,60;1;5,60;2,75;23;1;5,60;;5,38;5,26;5,15;5,04;4,93;4,82;4,70;4,59;4,48;4,20
104488;80;Boilie v dipe STARBAITS Pro Strawberry & Spice, 150 g;6,70;1;6,70;3,03;23;1;6,70;;6,43;6,30;6,16;6,03;5,90;5,76;5,63;5,49;5,36;5,03
104489;80;Boilie v dipe STARBAITS Pro Strawberry & Spice, 150 g;6,70;1;6,70;3,33;23;1;6,70;;6,43;6,30;6,16;6,03;5,90;5,76;5,63;5,49;5,36;5,03
104499;;Podložka STARBAITS Monster Mat;144,96;1;144,96;70,69;23;1;144,96;;139,16;136,26;133,36;130,46;127,56;124,67;121,77;118,87;115,97;108,72
104504;81;Prúty STARBAITS D-Scover;39,95;1;39,95;19,06;23;1;39,95;;38,35;37,55;36,75;35,96;35,16;34,36;33,56;32,76;31,96;29,96
104505;81;Prúty STARBAITS D-Scover;48,95;1;48,95;22,21;23;1;48,95;;46,99;46,01;45,03;44,06;43,08;42,10;41,12;40,14;39,16;36,71
104506;81;Prúty STARBAITS D-Scover;52,95;1;52,95;24,78;23;1;52,95;;50,83;49,77;48,71;47,66;46,60;45,54;44,48;43,42;42,36;39,71
104507;81;Prúty STARBAITS D-Scover;56,95;1;56,95;25,91;23;1;56,95;;54,67;53,53;52,39;51,26;50,12;48,98;47,84;46,70;45,56;42,71
104508;81;Prúty STARBAITS D-Scover;72,95;1;72,95;33,32;23;1;72,95;;70,03;68,57;67,11;65,66;64,20;62,74;61,28;59,82;58,36;54,71
104515;;Stolík STARBAITS Table XL;119,95;1;119,95;56,94;23;1;119,95;;115,15;112,75;110,35;107,96;105,56;103,16;100,76;98,36;95,96;89,96
104520;;Taška GUNKI Overtake Box Bag Zander;59,95;1;59,95;27,76;23;1;59,95;;57,55;56,35;55,15;53,96;52,76;51,56;50,36;49,16;47,96;44,96
104533;;Dip STARBAITS PRO Strawberry & Spice Boost/ Glug, 200 ml;9,59;1;9,59;4,76;23;1;9,59;;9,21;9,01;8,82;8,63;8,44;8,25;8,06;7,86;7,67;7,19
104538;;Pelety SENSAS Method Sticky Pellets, 650 g, Kukurica;5,60;1;5,60;2,51;23;1;5,60;;5,38;5,26;5,15;5,04;4,93;4,82;4,70;4,59;4,48;4,20
105009;82;Vesta TEAM DRAGON Vest;69,36;1;69,36;26,31;23;1;69,36;;66,59;65,20;63,81;62,42;61,04;59,65;58,26;56,88;55,49;52,02
105010;82;Vesta TEAM DRAGON Vest;69,36;1;69,36;28,19;23;1;69,36;;66,59;65,20;63,81;62,42;61,04;59,65;58,26;56,88;55,49;52,02
105011;82;Vesta TEAM DRAGON Vest;69,36;1;69,36;28,19;23;1;69,36;;66,59;65,20;63,81;62,42;61,04;59,65;58,26;56,88;55,49;52,02
105042;;Vesta DRAGON DGN;59,04;1;59,04;29,47;23;1;59,04;;56,68;55,50;54,32;53,14;51,96;50,77;49,59;48,41;47,23;44,28
105605;83;Nástraha SAVAGE GEAR Cannibal Shad B, White Flash UV;0,77;1;0,77;0,39;23;1;0,77;;0,74;0,72;0,71;0,69;0,68;0,66;0,65;0,63;0,62;0,58
105623;83;Nástraha SAVAGE GEAR Cannibal Shad B, White Flash UV;1,02;1;1,02;0,46;23;1;1,02;;0,98;0,96;0,94;0,92;0,90;0,88;0,86;0,84;0,82;0,77
105648;83;Nástraha SAVAGE GEAR Cannibal Shad B, White Flash UV;0,68;1;0,68;0,30;23;1;0,68;;0,65;0,64;0,63;0,61;0,60;0,58;0,57;0,56;0,54;0,51
105654;83;Nástraha SAVAGE GEAR Cannibal Shad B, White Flash UV;1,40;1;1,40;0,63;23;1;1,40;;1,34;1,32;1,29;1,26;1,23;1,20;1,18;1,15;1,12;1,05
106630;;Sada doplnkov KINETIC Fishing Accesseries Kit, 3 ks;11,27;1;11,27;4,91;23;1;11,27;;10,82;10,59;10,37;10,14;9,92;9,69;9,47;9,24;9,02;8,45
106663;;Vobler ROBINSON Sniper SU70, 7 cm, 13 g;8,91;1;8,91;3,88;23;1;8,91;;8,55;8,38;8,20;8,02;7,84;7,66;7,48;7,31;7,13;6,68
106702;84;Tričko WESTIN Script T-SHirt, Ink Black;31,99;1;31,99;14,54;23;1;31,99;;30,71;30,07;29,43;28,79;28,15;27,51;26,87;26,23;25,59;23,99
106703;84;Tričko WESTIN Script T-SHirt, Ink Black;31,99;1;31,99;14,54;23;1;31,99;;30,71;30,07;29,43;28,79;28,15;27,51;26,87;26,23;25,59;23,99
106704;84;Tričko WESTIN Script T-SHirt, Ink Black;31,99;1;31,99;14,54;23;1;31,99;;30,71;30,07;29,43;28,79;28,15;27,51;26,87;26,23;25,59;23,99
10800;;Akumulátor BANNER Running Bull AGM 59201;167,34;1;167,34;160,00;23;1;167,34;;160,65;157,30;153,95;150,61;147,26;143,91;140,57;137,22;133,87;125,51
108014;;Krabička Pro Tackle Lure Box 25-G;12,99;1;12,99;6,97;23;1;12,99;;12,47;12,21;11,95;11,69;11,43;11,17;10,91;10,65;10,39;9,74
108026;;Súprava riadov NAYVER Kochset, 4-dielna;16,99;1;16,99;9,45;23;1;16,99;10;16,31;15,97;15,63;15,29;15,29;15,29;15,29;15,29;15,29;15,29
108603;;Nástraha BALZER Ripper Kauli 12,5 cm, Purple Chartreuse;2,30;1;2,30;1,23;23;1;2,30;;2,21;2,16;2,12;2,07;2,02;1,98;1,93;1,89;1,84;1,73
108636;85;Zavŕtavacia špirála BALZER Shirasu Soft Lure Screw Spirale Vite, 5 ks;1,40;1;1,40;0,76;23;1;1,40;;1,34;1,32;1,29;1,26;1,23;1,20;1,18;1,15;1,12;1,05
108637;85;Zavŕtavacia špirála BALZER Shirasu Soft Lure Screw Spirale Vite, 5 ks;1,80;1;1,80;1,01;23;1;1,80;;1,73;1,69;1,66;1,62;1,58;1,55;1,51;1,48;1,44;1,35
108652;;Podložka BALZER Shirasu Street Unhooking Mat;23,80;1;23,80;13,01;23;1;23,80;;22,85;22,37;21,90;21,42;20,94;20,47;19,99;19,52;19,04;17,85
108684;;Plandavka BALZER Shooter Spoon 2,5 g, Pellet;5,40;1;5,40;2,98;23;1;5,40;;5,18;5,08;4,97;4,86;4,75;4,64;4,54;4,43;4,32;4,05
108700;;Taška BALZER Shirasu Street Waist Bag;31,21;1;31,21;17,05;23;1;31,21;;29,96;29,34;28,71;28,09;27,46;26,84;26,22;25,59;24,97;23,41
108716;;Koreniaca zmes BALZER Pstruh Hungarian Delikat na údenie;6,61;1;6,61;3,63;23;1;6,61;;6,35;6,21;6,08;5,95;5,82;5,68;5,55;5,42;5,29;4,96
108732;;Kufrík BALZER TM 707-T;89,99;1;89,99;50,33;23;1;89,99;;86,39;84,59;82,79;80,99;79,19;77,39;75,59;73,79;71,99;67,49
109114;86;Krmivo TB Baits PVA Method Mix Chilli Spice;5,99;1;5,99;2,92;23;1;5,99;15;5,75;5,63;5,51;5,39;5,27;5,15;5,09;5,09;5,09;5,09
109115;86;Krmivo TB Baits PVA Method Mix Chilli Spice;12,99;1;12,99;6,33;23;1;12,99;15;12,47;12,21;11,95;11,69;11,43;11,17;11,04;11,04;11,04;11,04
109145;87;Dipované boilie TB Baits Boosted Grand Krill, 120 g;6,49;1;6,49;4,24;23;1;6,49;15;6,23;6,10;5,97;5,84;5,71;5,58;5,52;5,52;5,52;5,52
109146;87;Dipované boilie TB Baits Boosted Grand Krill, 120 g;6,49;1;6,49;3,16;23;1;6,49;15;6,23;6,10;5,97;5,84;5,71;5,58;5,52;5,52;5,52;5,52
109147;87;Dipované boilie TB Baits Boosted Grand Krill, 120 g;6,49;1;6,49;3,16;23;1;6,49;15;6,23;6,10;5,97;5,84;5,71;5,58;5,52;5,52;5,52;5,52
110408;;Penové nástrahy APS Slim SET-1, 160 mm, bal. 3 ks;6,99;1;6,99;3,03;23;1;6,99;;6,71;6,57;6,43;6,29;6,15;6,01;5,87;5,73;5,59;5,24
110425;;Penová nástraha APS Jig Head 175 mm, Foam Lure, Set-2, bal. 3 ks;7,39;1;7,39;2,94;23;1;7,39;;7,09;6,95;6,80;6,65;6,50;6,36;6,21;6,06;5,91;5,54
111074;88;Prút SPORTEX Invictus CS-2 Carp;256,20;1;256,20;174,22;23;1;256,20;;245,95;240,83;235,70;230,58;225,46;220,33;215,21;210,08;204,96;192,15
111185;88;Prút SPORTEX Invictus CS-2 Carp;0,00;1;0,00;0,00;;;0,00;0;0,00;0,00;0,00;0,00;0,00;0,00;0,00;0,00;0,00;0,00
111139;;Sonar LOWRANCE Elite FS™ 9, bez sondy;1167,20;1;1167,20;931,48;23;1;1167,20;4;1120,51;1120,51;1120,51;1120,51;1120,51;1120,51;1120,51;1120,51;1120,51;1120,51
111172;;Sonda ActiveTarget™2 XL a modul Active Target 2;2335,77;1;2335,77;1863,94;23;1;2335,77;4;2242,34;2242,34;2242,34;2242,34;2242,34;2242,34;2242,34;2242,34;2242,34;2242,34
112376;;Podsedák STARKBOAT s úložným priestorom, 95 cm, šedý;50,00;1;50,00;37,59;23;1;50,00;10;48,00;47,00;46,00;45,00;45,00;45,00;45,00;45,00;45,00;45,00
112392;;Rohatka kotvy STARKBOAT;11,00;1;11,00;8,81;23;1;11,00;10;10,56;10,34;10,12;9,90;9,90;9,90;9,90;9,90;9,90;9,90
112819;89;Tričko FISHING POINT Carp Cartel Padre;25,01;1;25,01;18,99;23;1;25,01;;24,01;23,51;23,01;22,51;22,01;21,51;21,01;20,51;20,01;18,76
112820;89;Tričko FISHING POINT Carp Cartel Padre;25,01;1;25,01;18,99;23;1;25,01;;24,01;23,51;23,01;22,51;22,01;21,51;21,01;20,51;20,01;18,76
112821;89;Tričko FISHING POINT Carp Cartel Padre;25,01;1;25,01;18,99;23;1;25,01;;24,01;23,51;23,01;22,51;22,01;21,51;21,01;20,51;20,01;18,76
112822;89;Tričko FISHING POINT Carp Cartel Padre;25,01;1;25,01;18,99;23;1;25,01;;24,01;23,51;23,01;22,51;22,01;21,51;21,01;20,51;20,01;18,76
112823;89;Tričko FISHING POINT Carp Cartel Padre;25,01;1;25,01;18,99;23;1;25,01;;24,01;23,51;23,01;22,51;22,01;21,51;21,01;20,51;20,01;18,76
12316;90;Rotačka MEPPS Aglia TW strieborná lienka;3,90;1;3,90;2,39;23;1;3,90;;3,74;3,67;3,59;3,51;3,43;3,35;3,28;3,20;3,12;2,93
12328;90;Rotačka MEPPS Aglia TW strieborná lienka;4,00;1;4,00;2,39;23;1;4,00;;3,84;3,76;3,68;3,60;3,52;3,44;3,36;3,28;3,20;3,00
12789;;Podberák SENSAS;13,95;1;13,95;6,54;23;1;13,95;;13,39;13,11;12,83;12,56;12,28;12,00;11,72;11,44;11,16;10,46
13134A;91;Skladacia kotva SPORTS;9,22;1;9,22;7,13;23;1;9,22;;8,85;8,67;8,48;8,30;8,11;7,93;7,74;7,56;7,38;6,92
13134B;91;Skladacia kotva SPORTS;24,00;1;24,00;17,34;23;1;24,00;;23,04;22,56;22,08;21,60;21,12;20,64;20,16;19,68;19,20;18,00
13134C;91;Skladacia kotva SPORTS;40,00;1;40,00;34,85;23;1;40,00;;38,40;37,60;36,80;36,00;35,20;34,40;33,60;32,80;32,00;30,00
13134D;91;Skladacia kotva SPORTS;45,10;1;45,10;25,02;23;1;45,10;;43,30;42,39;41,49;40,59;39,69;38,79;37,88;36,98;36,08;33,83
13134E;91;Skladacia kotva SPORTS;50,18;1;50,18;34,68;23;1;50,18;;48,17;47,17;46,17;45,16;44,16;43,15;42,15;41,15;40,14;37,64
13134F;91;Skladacia kotva SPORTS;89,18;1;89,18;35,15;23;1;89,18;;85,61;83,83;82,05;80,26;78,48;76,69;74,91;73,13;71,34;66,89
13134H;91;Skladacia kotva SPORTS;117,87;1;117,87;27,00;23;1;117,87;;113,16;110,80;108,44;106,08;103,73;101,37;99,01;96,65;94,30;88,40
13134I;91;Skladacia kotva SPORTS;147,60;1;147,60;49,32;23;1;147,60;;141,70;138,74;135,79;132,84;129,89;126,94;123,98;121,03;118,08;110,70
13134J;91;Skladacia kotva SPORTS;161,95;1;161,95;38,98;23;1;161,95;;155,47;152,23;148,99;145,76;142,52;139,28;136,04;132,80;129,56;121,46
65106;91;Skladacia kotva SPORTS;19,78;1;19,78;10,20;23;1;19,78;;18,99;18,59;18,20;17,80;17,41;17,01;16,62;16,22;15,82;14,84
14400A;92;Veslo pevné 1,5 m/ 1 ks;22,55;1;22,55;11,08;23;1;22,55;10;21,65;21,20;20,75;20,30;20,30;20,30;20,30;20,30;20,30;20,30
14400B;92;Veslo pevné 1,5 m/ 1 ks;28,70;1;28,70;21,00;23;1;28,70;10;27,55;26,98;26,40;25,83;25,83;25,83;25,83;25,83;25,83;25,83
14816;;Čln Katamaran KOLIBRI Sea Cat KM-300CM, tmavo šedý, Air-deck podlaha;1122,38;1;1122,38;716,26;23;1;1122,38;10;1077,48;1055,04;1032,59;1010,14;1010,14;1010,14;1010,14;1010,14;1010,14;1010,14
14834;;Ventil kompletný BRAVO čierny;9,45;1;9,45;7,50;23;1;9,45;10;9,07;8,88;8,69;8,51;8,51;8,51;8,51;8,51;8,51;8,51
15300;93;Kopyto MIKADO Fishunter;0,50;1;0,50;0,13;23;1;0,46;25;0,46;0,46;0,46;0,45;0,44;0,43;0,42;0,41;0,40;0,38
15447;93;Kopyto MIKADO Fishunter;0,44;1;0,44;0,20;23;1;0,40;25;0,40;0,40;0,40;0,40;0,39;0,38;0,37;0,36;0,35;0,33
25886;93;Kopyto MIKADO Fishunter;0,69;1;0,69;0,24;23;1;0,63;25;0,63;0,63;0,63;0,62;0,61;0,59;0,58;0,57;0,55;0,52
15587;94;Podložka DELPHIN C-Mat;14,94;1;14,94;8,79;23;1;12,70;25;12,70;12,70;12,70;12,70;12,70;12,70;12,55;12,25;11,95;11,21
39320;94;Podložka DELPHIN C-Mat;9,95;1;9,95;5,31;23;1;8,46;25;8,46;8,46;8,46;8,46;8,46;8,46;8,36;8,16;7,96;7,46
16706;;Skladacie miešadlo MIVARDI na krmivo;15,36;1;15,36;7,51;23;1;13,82;10;13,82;13,82;13,82;13,82;13,82;13,82;13,82;13,82;13,82;13,82
16912;;Spacák MIVARDI Executive;88,99;1;88,99;48,55;23;1;80,09;10;80,09;80,09;80,09;80,09;80,09;80,09;80,09;80,09;80,09;80,09
16996;;Kreslo MIVARDI Chair Premium Long;71,73;1;71,73;36,15;23;1;64,56;10;64,56;64,56;64,56;64,56;64,56;64,56;64,56;64,56;64,56;64,56
17378;95;Vlasec AWA´S Ion Power Reflector LCS;17,13;1;17,13;9,63;23;1;17,13;;16,44;16,10;15,76;15,42;15,07;14,73;14,39;14,05;13,70;12,85
17379;95;Vlasec AWA´S Ion Power Reflector LCS;17,80;1;17,80;10,02;23;1;17,80;;17,09;16,73;16,38;16,02;15,66;15,31;14,95;14,60;14,24;13,35
17380;95;Vlasec AWA´S Ion Power Reflector LCS;18,40;1;18,40;10,36;23;1;18,40;;17,66;17,30;16,93;16,56;16,19;15,82;15,46;15,09;14,72;13,80
17381;95;Vlasec AWA´S Ion Power Reflector LCS;19,00;1;19,00;10,69;23;1;19,00;;18,24;17,86;17,48;17,10;16,72;16,34;15,96;15,58;15,20;14,25
17382;95;Vlasec AWA´S Ion Power Reflector LCS;19,80;1;19,80;11,15;23;1;19,80;;19,01;18,61;18,22;17,82;17,42;17,03;16,63;16,24;15,84;14,85
17417;96;Vlasec AWA´S Ion Power Fluo+ Sun;16,00;1;16,00;8,99;23;1;16,00;;15,36;15,04;14,72;14,40;14,08;13,76;13,44;13,12;12,80;12,00
17418;96;Vlasec AWA´S Ion Power Fluo+ Sun;17,15;1;17,15;9,64;23;1;17,15;;16,46;16,12;15,78;15,44;15,09;14,75;14,41;14,06;13,72;12,86
17419;96;Vlasec AWA´S Ion Power Fluo+ Sun;18,51;1;18,51;10,40;23;1;18,51;;17,77;17,40;17,03;16,66;16,29;15,92;15,55;15,18;14,81;13,88
17420;96;Vlasec AWA´S Ion Power Fluo+ Sun;19,29;1;19,29;10,84;23;1;19,29;;18,52;18,13;17,75;17,36;16,98;16,59;16,20;15,82;15,43;14,47
17421;96;Vlasec AWA´S Ion Power Fluo+ Sun;19,82;1;19,82;11,13;23;1;19,82;;19,03;18,63;18,23;17,84;17,44;17,05;16,65;16,25;15,86;14,87
17422;96;Vlasec AWA´S Ion Power Fluo+ Sun;20,50;1;20,50;11,53;23;1;20,50;;19,68;19,27;18,86;18,45;18,04;17,63;17,22;16,81;16,40;15,38
18407;;Podložka StarBAITS Session Mat;21,96;1;21,96;11,18;23;1;21,96;;21,08;20,64;20,20;19,76;19,32;18,89;18,45;18,01;17,57;16,47
18638;;Foullix SENSAS - sušená patentka;12,50;1;12,50;6,12;23;1;12,50;;12,00;11,75;11,50;11,25;11,00;10,75;10,50;10,25;10,00;9,38
100093;97;Bič ROBINSON Magnetic Flexible Pole;13,35;1;13,35;6,90;23;1;13,35;;12,82;12,55;12,28;12,02;11,75;11,48;11,21;10,95;10,68;10,01
19411;97;Bič ROBINSON Magnetic Flexible Pole;7,69;1;7,69;3,79;23;1;7,69;;7,38;7,23;7,07;6,92;6,77;6,61;6,46;6,31;6,15;5,77
19412;97;Bič ROBINSON Magnetic Flexible Pole;9,66;1;9,66;4,55;23;1;9,66;;9,27;9,08;8,89;8,69;8,50;8,31;8,11;7,92;7,73;7,25
19489;;Špičky ROBINSON Stinger Feeder 3 ks;15,99;1;15,99;6,08;23;1;15,99;;15,35;15,03;14,71;14,39;14,07;13,75;13,43;13,11;12,79;11,99
19532;98;Twister ROBINSON Tritail Twist 3,5 cm;0,18;1;0,18;0,06;23;1;0,18;;0,17;0,17;0,17;0,16;0,16;0,15;0,15;0,15;0,14;0,14
19534;98;Twister ROBINSON Tritail Twist 3,5 cm;0,20;1;0,20;0,04;23;1;0,20;;0,19;0,19;0,18;0,18;0,18;0,17;0,17;0,16;0,16;0,15
19655;98;Twister ROBINSON Tritail Twist 3,5 cm;0,20;1;0,20;0,06;23;1;0,20;;0,19;0,19;0,18;0,18;0,18;0,17;0,17;0,16;0,16;0,15
19659;99;Prút ROBINSON Firebird Fly;51,24;1;51,24;25,99;23;1;51,24;;49,19;48,17;47,14;46,12;45,09;44,07;43,04;42,02;40,99;38,43
19660;99;Prút ROBINSON Firebird Fly;49,95;1;49,95;26,50;23;1;49,95;;47,95;46,95;45,95;44,96;43,96;42,96;41,96;40,96;39,96;37,46
19661;99;Prút ROBINSON Firebird Fly;52,28;1;52,28;21,71;23;1;52,28;;50,19;49,14;48,10;47,05;46,01;44,96;43,92;42,87;41,82;39,21
19810;;Twister ROBINSON Classic Twist 8 cm;0,30;1;0,30;0,13;23;1;0,30;;0,29;0,28;0,28;0,27;0,26;0,26;0,25;0,25;0,24;0,23
20354;;Puzdro KORDA Compac Tele 3 Rod Holdall 135 cm;117,82;1;117,82;63,86;23;1;117,82;;113,11;110,75;108,39;106,04;103,68;101,33;98,97;96,61;94,26;88,37
21561;;Navijak Black Cat Extreme 495;249,00;1;;;23;1;;;239,04;234,06;229,08;224,10;219,12;214,14;209,16;204,18;199,20;186,75
22259;;Gumolano čierne;0,47;1;0,47;0,26;23;1;0,47;;0,45;0,44;0,43;0,42;0,41;0,40;0,39;0,39;0,38;0,35
23132CE;100;Kukurica CarpZoom Premium Maize;3,60;1;3,60;2,50;23;1;3,60;;3,46;3,38;3,31;3,24;3,17;3,10;3,02;2,95;2,88;2,70
23132JA;100;Kukurica CarpZoom Premium Maize;3,95;1;3,95;2,58;23;1;3,95;;3,79;3,71;3,63;3,56;3,48;3,40;3,32;3,24;3,16;2,96
23132ME;100;Kukurica CarpZoom Premium Maize;3,60;1;3,60;2,50;23;1;3,60;;3,46;3,38;3,31;3,24;3,17;3,10;3,02;2,95;2,88;2,70
23132SC;100;Kukurica CarpZoom Premium Maize;3,60;1;3,60;2,58;23;1;3,60;;3,46;3,38;3,31;3,24;3,17;3,10;3,02;2,95;2,88;2,70
23222;;Krmivo CarpZoom Method Feeder;3,70;1;3,70;2,47;23;1;3,70;;3,55;3,48;3,40;3,33;3,26;3,18;3,11;3,03;2,96;2,78
23684;;Nožnice MIVARDI;7,16;1;7,16;3,30;23;1;6,44;10;6,44;6,44;6,44;6,44;6,44;6,44;6,44;6,44;6,44;6,44
23875;;Spacák MIVARDI New Dynasty;149,99;1;149,99;78,45;23;1;134,99;10;134,99;134,99;134,99;134,99;134,99;134,99;134,99;134,99;134,99;134,99
23963;;Sieťka MIVARDI Keepnet Big Carp Soft;12,29;1;12,29;5,83;23;1;11,06;10;11,06;11,06;11,06;11,06;11,06;11,06;11,06;11,06;11,06;11,06
24358;;Akumulátor EXIDE Dual;173,22;1;173,22;138,24;23;1;173,22;10;166,29;162,83;159,36;155,90;155,90;155,90;155,90;155,90;155,90;155,90
25427;101;Vlasec DELPHIN Method Feeder Strong;4,29;1;4,29;2,10;23;1;3,65;25;3,65;3,65;3,65;3,65;3,65;3,65;3,60;3,52;3,43;3,22
25962;102;Vyvažovacie olovká MIKADO;1,49;1;1,49;0,80;23;1;1,36;25;1,36;1,36;1,36;1,34;1,31;1,28;1,25;1,22;1,19;1,12
25964;102;Vyvažovacie olovká MIKADO;2,90;1;2,90;1,16;23;1;2,64;25;2,64;2,64;2,64;2,61;2,55;2,49;2,44;2,38;2,32;2,18
25965;102;Vyvažovacie olovká MIKADO;2,69;1;2,69;1,31;23;1;2,45;25;2,45;2,45;2,45;2,42;2,37;2,31;2,26;2,21;2,15;2,02
27240;103;Úchyt PROLOGIC De Luxe Butt Klinger;8,00;1;8,00;4,78;23;1;8,00;;7,68;7,52;7,36;7,20;7,04;6,88;6,72;6,56;6,40;6,00
27241;103;Úchyt PROLOGIC De Luxe Butt Klinger;8,99;1;8,99;4,78;23;1;8,99;;8,63;8,45;8,27;8,09;7,91;7,73;7,55;7,37;7,19;6,74
27887;;Rýchloklip s krúžkom Quick Change Swivels With Ring;1,40;1;1,40;0,77;23;1;1,40;;1,34;1,32;1,29;1,26;1,23;1,20;1,18;1,15;1,12;1,05
27910;;Kopyto ESOX Raptor Lures;1,00;1;1,00;0,56;23;1;1,00;;0,96;0,94;0,92;0,90;0,88;0,86;0,84;0,82;0,80;0,75
28111;;Jedálenská sada MIVARDI Premium;40,98;1;40,98;20,03;23;1;36,88;10;36,88;36,88;36,88;36,88;36,88;36,88;36,88;36,88;36,88;36,88
28567;;Váha MIVARDI New Dynasty;28,68;1;28,68;14,02;23;1;25,81;10;25,81;25,81;25,81;25,81;25,81;25,81;25,81;25,81;25,81;25,81
28887;;Gumený úchyt MIVARDI Rubber Rod Rest;1,69;1;1,69;0,63;23;1;1,52;10;1,52;1,52;1,52;1,52;1,52;1,52;1,52;1,52;1,52;1,52
29203;104;Obaľovací dip MIKBAITS Fluo;7,20;1;7,20;5,61;23;1;7,20;10;6,91;6,77;6,62;6,48;6,48;6,48;6,48;6,48;6,48;6,48
29205;104;Obaľovací dip MIKBAITS Fluo;7,20;1;7,20;5,38;23;1;7,20;10;6,91;6,77;6,62;6,48;6,48;6,48;6,48;6,48;6,48;6,48
29720;104;Obaľovací dip MIKBAITS Fluo;7,38;1;7,38;5,16;23;1;7,38;10;7,08;6,94;6,79;6,64;6,64;6,64;6,64;6,64;6,64;6,64
33304;104;Obaľovací dip MIKBAITS Fluo;7,49;1;7,49;5,36;23;1;7,49;10;7,19;7,04;6,89;6,74;6,74;6,74;6,74;6,74;6,74;6,74
29351;105;Pelety MIKBAITS Halibut v dipe Cesnak;3,96;1;3,96;2,99;23;1;3,96;10;3,80;3,72;3,64;3,56;3,56;3,56;3,56;3,56;3,56;3,56
29502;105;Pelety MIKBAITS Halibut v dipe Cesnak;3,96;1;3,96;3,08;23;1;3,96;10;3,80;3,72;3,64;3,56;3,56;3,56;3,56;3,56;3,56;3,56
29918;106;Rozpustné boilie MIKBAITS TactiQ;6,14;1;6,14;4,27;23;1;6,14;10;5,89;5,77;5,65;5,53;5,53;5,53;5,53;5,53;5,53;5,53
29919;106;Rozpustné boilie MIKBAITS TactiQ;6,14;1;6,14;4,30;23;1;6,14;10;5,89;5,77;5,65;5,53;5,53;5,53;5,53;5,53;5,53;5,53
29923;106;Rozpustné boilie MIKBAITS TactiQ;6,14;1;6,14;4,27;23;1;6,14;10;5,89;5,77;5,65;5,53;5,53;5,53;5,53;5,53;5,53;5,53
29924;106;Rozpustné boilie MIKBAITS TactiQ;6,14;1;6,14;4,27;23;1;6,14;10;5,89;5,77;5,65;5,53;5,53;5,53;5,53;5,53;5,53;5,53
29925;106;Rozpustné boilie MIKBAITS TactiQ;6,14;1;6,14;3,56;23;1;6,14;10;5,89;5,77;5,65;5,53;5,53;5,53;5,53;5,53;5,53;5,53
29927;106;Rozpustné boilie MIKBAITS TactiQ;6,14;1;6,14;4,30;23;1;6,14;10;5,89;5,77;5,65;5,53;5,53;5,53;5,53;5,53;5,53;5,53
29970;106;Rozpustné boilie MIKBAITS TactiQ;6,24;1;6,24;4,48;23;1;6,24;10;5,99;5,87;5,74;5,62;5,62;5,62;5,62;5,62;5,62;5,62
29971;106;Rozpustné boilie MIKBAITS TactiQ;6,14;1;6,14;4,30;23;1;6,14;10;5,89;5,77;5,65;5,53;5,53;5,53;5,53;5,53;5,53;5,53
30540;;Vankúš GABY Ostriež;17,43;1;17,43;12,50;23;1;17,43;10;16,73;16,38;16,04;15,69;15,69;15,69;15,69;15,69;15,69;15,69
30877;107;Šnúra KORDA Basix Braided Hooklink;5,62;1;5,62;3,05;23;1;5,62;;5,40;5,28;5,17;5,06;4,95;4,83;4,72;4,61;4,50;4,22
30878;107;Šnúra KORDA Basix Braided Hooklink;5,62;1;5,62;3,05;23;1;5,62;;5,40;5,28;5,17;5,06;4,95;4,83;4,72;4,61;4,50;4,22
30P;;Darčeková poukážka 30 €;30,00;1;30,00;6,71;23;1;;;28,80;28,20;27,60;27,00;26,40;25,80;25,20;24,60;24,00;22,50
31180;;Vankúš GABY Šťuka gigant;27,16;1;27,16;19,48;23;1;27,16;10;26,07;25,53;24,99;24,44;24,44;24,44;24,44;24,44;24,44;24,44
31281;108;Šnúra ROBINSON Titan Power GA X4;9,18;1;9,18;3,42;23;1;9,18;;8,81;8,63;8,45;8,26;8,08;7,89;7,71;7,53;7,34;6,89
31699;108;Šnúra ROBINSON Titan Power GA X4;8,95;1;8,95;2,34;23;1;8,95;;8,59;8,41;8,23;8,06;7,88;7,70;7,52;7,34;7,16;6,71
100463;109;Vobler ROBINSON Buster;6,20;1;6,20;2,52;23;1;6,20;;5,95;5,83;5,70;5,58;5,46;5,33;5,21;5,08;4,96;4,65
19689;109;Vobler ROBINSON Buster;6,20;1;6,20;2,98;23;1;6,20;;5,95;5,83;5,70;5,58;5,46;5,33;5,21;5,08;4,96;4,65
31333;109;Vobler ROBINSON Buster;5,90;1;5,90;2,52;23;1;5,90;;5,66;5,55;5,43;5,31;5,19;5,07;4,96;4,84;4,72;4,43
31334;109;Vobler ROBINSON Buster;6,20;1;6,20;2,77;23;1;6,20;;5,95;5,83;5,70;5,58;5,46;5,33;5,21;5,08;4,96;4,65
31336;109;Vobler ROBINSON Buster;6,20;1;6,20;2,77;23;1;6,20;;5,95;5,83;5,70;5,58;5,46;5,33;5,21;5,08;4,96;4,65
31839;110;Naviják ROBINSON Talizman FD;54,33;1;54,33;15,62;23;1;54,33;;52,16;51,07;49,98;48,90;47,81;46,72;45,64;44,55;43,46;40,75
31841;110;Naviják ROBINSON Talizman FD;57,40;1;57,40;16,67;23;1;57,40;;55,10;53,96;52,81;51,66;50,51;49,36;48,22;47,07;45,92;43,05
33244;;Dip MIKBAITS Spiceman Chilli Squid;11,21;1;11,21;8,59;23;1;11,21;10;10,76;10,54;10,31;10,09;10,09;10,09;10,09;10,09;10,09;10,09
33266;;Plávajúce nástrahy MIKBAITS Amur Range Zig Ultra v dipe, 15 mm;7,20;1;7,20;5,49;23;1;7,20;10;6,91;6,77;6,62;6,48;6,48;6,48;6,48;6,48;6,48;6,48
33326;111;Boilie v dipe MIKBAITS ManiaQ NutraKrill;7,49;1;7,49;5,36;23;1;7,49;10;7,19;7,04;6,89;6,74;6,74;6,74;6,74;6,74;6,74;6,74
33344;111;Boilie v dipe MIKBAITS ManiaQ NutraKrill;7,20;1;7,20;5,36;23;1;7,20;10;6,91;6,77;6,62;6,48;6,48;6,48;6,48;6,48;6,48;6,48
33359;112;Boilie v dipe MIKBAITS CATFISH Zranený úhor;9,02;1;9,02;6,54;23;1;9,02;10;8,66;8,48;8,30;8,12;8,12;8,12;8,12;8,12;8,12;8,12
33362;112;Boilie v dipe MIKBAITS CATFISH Zranený úhor;8,79;1;8,79;6,56;23;1;8,79;10;8,44;8,26;8,09;7,91;7,91;7,91;7,91;7,91;7,91;7,91
3587;113;Košík STONFO pre prak;2,00;1;;;23;1;;;1,92;1,88;1,84;1,80;1,76;1,72;1,68;1,64;1,60;1,50
36049;;Matka na vrtuľu elektromotora ZICO;4,40;1;4,40;1,52;23;1;4,40;;4,22;4,14;4,05;3,96;3,87;3,78;3,70;3,61;3,52;3,30
36215X;;SET 2 signalizátorov ZICO Unicarp III s príposluchom + magnetické rýchlospojky UNICARP;161,47;1;161,47;78,03;23;1;161,47;;155,01;151,78;148,55;145,32;142,09;138,86;135,63;132,41;129,18;121,10
36227;;Prevliekač ZICO CP004;0,98;1;0,98;0,43;23;1;0,98;;0,94;0,92;0,90;0,88;0,86;0,84;0,82;0,80;0,78;0,74
36252;;Vobler OWNER ZZ-80;12,82;1;12,82;5,67;23;1;12,82;;12,31;12,05;11,79;11,54;11,28;11,03;10,77;10,51;10,26;9,62
36285;;Lampa ZICO Unicarp do bivaku;49,58;1;49,58;0,88;23;1;49,58;;47,60;46,61;45,61;44,62;43,63;42,64;41,65;40,66;39,66;37,19
36312;114;Háčiky OWNER 53111 s lopatkou;2,39;1;2,39;1,00;23;1;2,39;;2,29;2,25;2,20;2,15;2,10;2,06;2,01;1,96;1,91;1,79
36313;114;Háčiky OWNER 53111 s lopatkou;2,45;1;2,45;1,13;23;1;2,45;;2,35;2,30;2,25;2,21;2,16;2,11;2,06;2,01;1,96;1,84
36314;114;Háčiky OWNER 53111 s lopatkou;2,45;1;2,45;1,13;23;1;2,45;;2,35;2,30;2,25;2,21;2,16;2,11;2,06;2,01;1,96;1,84
36363;;Nabíjací modul ZICO UNICARP pre 4 nabíjacie batérie;16,25;1;16,25;7,19;23;1;16,25;;15,60;15,28;14,95;14,63;14,30;13,98;13,65;13,33;13,00;12,19
36379;;Swinger ZICO Unicarp MC LED magnet. klip;16,60;1;16,60;7,36;23;1;16,60;;15,94;15,60;15,27;14,94;14,61;14,28;13,94;13,61;13,28;12,45
36395;;Háčiky OWNER s očkom 4115, bal. 6 ks;4,10;1;4,10;1,66;23;1;4,10;;3,94;3,85;3,77;3,69;3,61;3,53;3,44;3,36;3,28;3,08
36505;;Vibračná ubíjačka SCHEPPACH VS 1000;1187,97;1;1187,97;620,78;23;1;1187,97;;1140,45;1116,69;1092,93;1069,17;1045,41;1021,65;997,89;974,14;950,38;890,98
36564;;Stolová píla HS 100 S;179,00;1;;;23;1;;;171,84;168,26;164,68;161,10;157,52;153,94;150,36;146,78;143,20;134,25
36583;;Olejový kompresor Scheppach HC 54;175,00;1;;;23;1;;;168,00;164,50;161,00;157,50;154,00;150,50;147,00;143,50;140,00;131,25
36621;;Vŕtacie / sekacie kladivo SCHEPPACH DH 1300 Plus;119,00;1;;;23;1;;;114,24;111,86;109,48;107,10;104,72;102,34;99,96;97,58;95,20;89,25
36640;;Elektrická stolová píla SCHEPPACH HS 105;287,00;1;;;23;1;;;275,52;269,78;264,04;258,30;252,56;246,82;241,08;235,34;229,60;215,25
36655;;Sada pílových kotúčov SCHEPPACH 254mm;45,09;1;45,09;;23;1;45,09;;43,29;42,38;41,48;40,58;39,68;38,78;37,88;36,97;36,07;33,82
36666;;Pílový kotúč SCHEPPACH TCT 305 na drevo;49,19;1;49,19;17,06;23;1;49,19;;47,22;46,24;45,25;44,27;43,29;42,30;41,32;40,34;39,35;36,89
36682;;Pílový pás SCHEPPACH;30,74;1;30,74;;23;1;30,74;;29,51;28,90;28,28;27,67;27,05;26,44;25,82;25,21;24,59;23,06
36687;;Vodiaca lišta SCHEPPACH;66,62;1;66,62;43,15;23;1;66,62;;63,96;62,62;61,29;59,96;58,63;57,29;55,96;54,63;53,30;49,97
3671;115;Lomený držiak CRALUSSO Wagler;4,61;1;4,61;3,16;23;1;4,61;;4,43;4,33;4,24;4,15;4,06;3,96;3,87;3,78;3,69;3,46
3672;115;Lomený držiak CRALUSSO Wagler;4,61;1;4,61;3,16;23;1;4,61;;4,43;4,33;4,24;4,15;4,06;3,96;3,87;3,78;3,69;3,46
36719;;Olejový kompresor SCHEPPACH HC 51;239,00;1;239,00;;23;1;239,00;;229,44;224,66;219,88;215,10;210,32;205,54;200,76;195,98;191,20;179,25
36726;;Stojan SCHEPPACH UMF 1600 pre pokosové píly;81,99;1;81,99;52,50;23;1;81,99;;78,71;77,07;75,43;73,79;72,15;70,51;68,87;67,23;65,59;61,49
36739;116;Sada brúsnych valčekov SCHEPPACH pre OSM 100;37,91;1;37,91;;23;1;37,91;;36,39;35,64;34,88;34,12;33,36;32,60;31,84;31,09;30,33;28,43
36740;116;Sada brúsnych valčekov SCHEPPACH pre OSM 100;37,91;1;37,91;;23;1;37,91;;36,39;35,64;34,88;34,12;33,36;32,60;31,84;31,09;30,33;28,43
36741;116;Sada brúsnych valčekov SCHEPPACH pre OSM 100;37,91;1;37,91;;23;1;37,91;;36,39;35,64;34,88;34,12;33,36;32,60;31,84;31,09;30,33;28,43
36757;;Motorový olej RIWALL pre extrémne zimné použitie;8,19;1;8,19;4,35;23;1;8,19;;7,86;7,70;7,53;7,37;7,21;7,04;6,88;6,72;6,55;6,14
36798;;Horizontálny štiepač SCHEPPACH HL 460;277,77;1;277,77;143,66;23;1;277,77;;266,66;261,10;255,55;249,99;244,44;238,88;233,33;227,77;222,22;208,33
37023;;Čelovka TRIXLINE 10W CREE XM-L T6;22,90;1;22,90;10,50;23;1;22,90;;21,98;21,53;21,07;20,61;20,15;19,69;19,24;18,78;18,32;17,18
37050;;Lampa TRIXLINE TR 218 Green, Led Cob 3x3W;7,29;1;7,29;4,30;23;1;7,29;;7,00;6,85;6,71;6,56;6,42;6,27;6,12;5,98;5,83;5,47
38451;117;Podberák DELPHIN - plastový stred;13,51;1;13,51;7,23;23;1;11,48;25;11,48;11,48;11,48;11,48;11,48;11,48;11,35;11,08;10,81;10,13
38452;117;Podberák DELPHIN - plastový stred;14,50;1;14,50;7,45;23;1;12,33;25;12,33;12,33;12,33;12,33;12,33;12,33;12,18;11,89;11,60;10,88
38453;117;Podberák DELPHIN - plastový stred;16,95;1;16,95;8,88;23;1;14,41;25;14,41;14,41;14,41;14,41;14,41;14,41;14,24;13,90;13,56;12,71
38454;117;Podberák DELPHIN - plastový stred;19,95;1;19,95;8,09;23;1;16,96;25;16,96;16,96;16,96;16,96;16,96;16,96;16,76;16,36;15,96;14,96
38477;118;Oceľové lanko DELPHIN Bomb s obratlíkom a karabínkou;1,09;1;1,09;0,50;23;1;0,93;25;0,93;0,93;0,93;0,93;0,93;0,93;0,92;0,89;0,87;0,82
38479;118;Oceľové lanko DELPHIN Bomb s obratlíkom a karabínkou;1,30;1;1,30;0,59;23;1;1,11;25;1,11;1,11;1,11;1,11;1,11;1,11;1,09;1,07;1,04;0,98
38503;;Kukla DELPHIN Ninja;9,95;1;9,95;4,98;23;1;8,46;25;8,46;8,46;8,46;8,46;8,46;8,46;8,36;8,16;7,96;7,46
38791;;Rýchloupínací obratlík DELPHIN The End Quick Swap Swive;3,90;1;3,90;1,89;23;1;3,32;25;3,32;3,32;3,32;3,32;3,32;3,32;3,28;3,20;3,12;2,93
38908;119;Prút DELPHIN Murena;52,95;1;52,95;28,31;23;1;45,01;25;45,01;45,01;45,01;45,01;45,01;45,01;44,48;43,42;42,36;39,71
38909;119;Prút DELPHIN Murena;59,95;1;59,95;31,51;23;1;50,96;25;50,96;50,96;50,96;50,96;50,96;50,96;50,36;49,16;47,96;44,96
91401;119;Prút DELPHIN Murena;46,95;1;46,95;25,24;23;1;39,91;25;39,91;39,91;39,91;39,91;39,91;39,91;39,44;38,50;37,56;35,21
38942;120;Nástraha BOMB Rippa;0,74;1;0,74;0,36;23;1;0,74;25;0,71;0,70;0,68;0,67;0,65;0,64;0,62;0,61;0,59;0,56
38944;120;Nástraha BOMB Rippa;0,74;1;0,74;0,36;23;1;0,74;25;0,71;0,70;0,68;0,67;0,65;0,64;0,62;0,61;0,59;0,56
38946;120;Nástraha BOMB Rippa;0,74;1;0,74;0,36;23;1;0,74;25;0,71;0,70;0,68;0,67;0,65;0,64;0,62;0,61;0,59;0,56
38947;120;Nástraha BOMB Rippa;0,74;1;0,74;0,36;23;1;0,74;25;0,71;0,70;0,68;0,67;0,65;0,64;0,62;0,61;0,59;0,56
38948;120;Nástraha BOMB Rippa;0,74;1;0,74;0,36;23;1;0,74;25;0,71;0,70;0,68;0,67;0,65;0,64;0,62;0,61;0,59;0,56
38950;120;Nástraha BOMB Rippa;0,74;1;0,74;0,36;23;1;0,74;25;0,71;0,70;0,68;0,67;0,65;0,64;0,62;0,61;0,59;0,56
38951;120;Nástraha BOMB Rippa;0,98;1;0,98;0,49;23;1;0,98;25;0,94;0,92;0,90;0,88;0,86;0,84;0,82;0,80;0,78;0,74
38952;120;Nástraha BOMB Rippa;0,98;1;0,98;0,49;23;1;0,98;25;0,94;0,92;0,90;0,88;0,86;0,84;0,82;0,80;0,78;0,74
38953;120;Nástraha BOMB Rippa;0,98;1;0,98;0,49;23;1;0,98;25;0,94;0,92;0,90;0,88;0,86;0,84;0,82;0,80;0,78;0,74
38958;120;Nástraha BOMB Rippa;0,84;1;0,84;0,41;23;1;0,84;25;0,81;0,79;0,77;0,76;0,74;0,72;0,71;0,69;0,67;0,63
38959;120;Nástraha BOMB Rippa;0,84;1;0,84;0,41;23;1;0,84;25;0,81;0,79;0,77;0,76;0,74;0,72;0,71;0,69;0,67;0,63
38960;120;Nástraha BOMB Rippa;0,84;1;0,84;0,42;23;1;0,84;25;0,81;0,79;0,77;0,76;0,74;0,72;0,71;0,69;0,67;0,63
38961;120;Nástraha BOMB Rippa;0,84;1;0,84;0,41;23;1;0,84;25;0,81;0,79;0,77;0,76;0,74;0,72;0,71;0,69;0,67;0,63
38962;120;Nástraha BOMB Rippa;0,84;1;0,84;0,41;23;1;0,84;25;0,81;0,79;0,77;0,76;0,74;0,72;0,71;0,69;0,67;0,63
38963;120;Nástraha BOMB Rippa;0,84;1;0,84;0,41;23;1;0,84;25;0,81;0,79;0,77;0,76;0,74;0,72;0,71;0,69;0,67;0,63
38964;120;Nástraha BOMB Rippa;1,19;1;1,19;0,57;23;1;1,19;25;1,14;1,12;1,09;1,07;1,05;1,02;1,00;0,98;0,95;0,89
38965;120;Nástraha BOMB Rippa;1,19;1;1,19;0,62;23;1;1,19;25;1,14;1,12;1,09;1,07;1,05;1,02;1,00;0,98;0,95;0,89
38966;120;Nástraha BOMB Rippa;1,19;1;1,19;0,62;23;1;1,19;25;1,14;1,12;1,09;1,07;1,05;1,02;1,00;0,98;0,95;0,89
89410;120;Nástraha BOMB Rippa;0,64;1;0,64;0,32;23;1;0,64;25;0,61;0,60;0,59;0,58;0,56;0,55;0,54;0,52;0,51;0,48
89412;120;Nástraha BOMB Rippa;0,64;1;0,64;0,32;23;1;0,64;25;0,61;0,60;0,59;0,58;0,56;0,55;0,54;0,52;0,51;0,48
89414;120;Nástraha BOMB Rippa;0,64;1;0,64;0,32;23;1;0,64;25;0,61;0,60;0,59;0,58;0,56;0,55;0,54;0,52;0,51;0,48
89415;120;Nástraha BOMB Rippa;0,64;1;0,64;0,32;23;1;0,64;25;0,61;0,60;0,59;0,58;0,56;0,55;0,54;0,52;0,51;0,48
89416;120;Nástraha BOMB Rippa;0,64;1;0,64;0,32;23;1;0,64;25;0,61;0,60;0,59;0,58;0,56;0,55;0,54;0,52;0,51;0,48
89417;120;Nástraha BOMB Rippa;0,64;1;0,64;0,33;23;1;0,64;25;0,61;0,60;0,59;0,58;0,56;0,55;0,54;0,52;0,51;0,48
89418;120;Nástraha BOMB Rippa;0,64;1;0,64;0,32;23;1;0,64;25;0,61;0,60;0,59;0,58;0,56;0,55;0,54;0,52;0,51;0,48
89419;120;Nástraha BOMB Rippa;0,64;1;0,64;0,32;23;1;0,64;25;0,61;0,60;0,59;0,58;0,56;0,55;0,54;0,52;0,51;0,48
89420;120;Nástraha BOMB Rippa;0,76;1;0,76;0,37;23;1;0,76;25;0,73;0,71;0,70;0,68;0,67;0,65;0,64;0,62;0,61;0,57
89421;120;Nástraha BOMB Rippa;0,76;1;0,76;0,37;23;1;0,76;25;0,73;0,71;0,70;0,68;0,67;0,65;0,64;0,62;0,61;0,57
89422;120;Nástraha BOMB Rippa;0,76;1;0,76;0,39;23;1;0,76;25;0,73;0,71;0,70;0,68;0,67;0,65;0,64;0,62;0,61;0,57
39024;121;Sada signalizátorov DELPHIN Briton s príposluchom;118,95;1;118,95;64,29;23;1;101,11;25;101,11;101,11;101,11;101,11;101,11;101,11;99,92;97,54;95,16;89,21
39025;121;Sada signalizátorov DELPHIN Briton s príposluchom;154,96;1;154,96;79,88;23;1;131,72;25;131,72;131,72;131,72;131,72;131,72;131,72;130,17;127,07;123,97;116,22
39026;121;Sada signalizátorov DELPHIN Briton s príposluchom;189,95;1;189,95;95,32;23;1;161,46;25;161,46;161,46;161,46;161,46;161,46;161,46;159,56;155,76;151,96;142,46
39108;122;Naviják DELPHIN Hornet;25,95;1;25,95;13,36;23;1;22,06;25;22,06;22,06;22,06;22,06;22,06;22,06;21,80;21,28;20,76;19,46
39110;122;Naviják DELPHIN Hornet;28,95;1;28,95;14,93;23;1;24,61;25;24,61;24,61;24,61;24,61;24,61;24,61;24,32;23,74;23,16;21,71
39418;;Skladací nôž DELPHIN Retro;14,50;1;14,50;7,34;23;1;12,33;25;12,33;12,33;12,33;12,33;12,33;12,33;12,18;11,89;11,60;10,88
39532;;Peračník DELPHIN C-Rigbox;8,50;1;8,50;4,48;23;1;7,23;25;7,23;7,23;7,23;7,23;7,23;7,23;7,14;6,97;6,80;6,38
39654;123;Nadväzec DELPHIN BOMB! Twisto Rigs Wolfram;4,80;1;4,80;2,46;23;1;4,08;25;4,08;4,08;4,08;4,08;4,08;4,08;4,03;3,94;3,84;3,60
39656;123;Nadväzec DELPHIN BOMB! Twisto Rigs Wolfram;5,50;1;5,50;2,63;23;1;4,68;25;4,68;4,68;4,68;4,68;4,68;4,68;4,62;4,51;4,40;4,13
90354;123;Nadväzec DELPHIN BOMB! Twisto Rigs Wolfram;4,70;1;4,70;2,42;23;1;4,00;25;4,00;4,00;4,00;4,00;4,00;4,00;3,95;3,85;3,76;3,53
90356;123;Nadväzec DELPHIN BOMB! Twisto Rigs Wolfram;5,50;1;5,50;2,95;23;1;4,68;25;4,68;4,68;4,68;4,68;4,68;4,68;4,62;4,51;4,40;4,13
39829;;Nálepka DELPHIN Carpath;1,40;1;1,40;0,50;23;1;1,19;25;1,19;1,19;1,19;1,19;1,19;1,19;1,18;1,15;1,12;1,05
39875;;Krabička DELPHIN TBX Duo 185-5P EVA;5,50;1;5,50;2,66;23;1;4,68;25;4,68;4,68;4,68;4,68;4,68;4,68;4,62;4,51;4,40;4,13
39896;;Prak DELPHIN Shot Conus;8,50;1;8,50;4,58;23;1;7,23;25;7,23;7,23;7,23;7,23;7,23;7,23;7,14;6,97;6,80;6,38
39975;124;Háčiky DELPHIN BOMB! HardLure bez protihrotu;2,80;1;2,80;1,29;23;1;2,38;25;2,38;2,38;2,38;2,38;2,38;2,38;2,35;2,30;2,24;2,10
39976;124;Háčiky DELPHIN BOMB! HardLure bez protihrotu;2,80;1;2,80;1,34;23;1;2,38;25;2,38;2,38;2,38;2,38;2,38;2,38;2,35;2,30;2,24;2,10
39977;124;Háčiky DELPHIN BOMB! HardLure bez protihrotu;2,80;1;2,80;1,34;23;1;2,38;25;2,38;2,38;2,38;2,38;2,38;2,38;2,35;2,30;2,24;2,10
40322;;Vedro Giants Fishing s okysličovačom;19,82;1;19,82;10,08;23;1;19,82;;19,03;18,63;18,23;17,84;17,44;17,05;16,65;16,25;15,86;14,87
40432;125;Trojháčiky HELL-CAT 6x Strong;9,09;1;9,09;4,62;23;1;9,09;;8,73;8,54;8,36;8,18;8,00;7,82;7,64;7,45;7,27;6,82
40433;125;Trojháčiky HELL-CAT 6x Strong;9,89;1;9,89;5,03;23;1;9,89;;9,49;9,30;9,10;8,90;8,70;8,51;8,31;8,11;7,91;7,42
40434;125;Trojháčiky HELL-CAT 6x Strong;11,08;1;11,08;5,64;23;1;11,08;;10,64;10,42;10,19;9,97;9,75;9,53;9,31;9,09;8,86;8,31
40634;;Spacák GIANTS FISHING RWX 5 Season Sleeping Bag;174,68;1;174,68;92,28;23;1;174,68;;167,69;164,20;160,71;157,21;153,72;150,22;146,73;143,24;139,74;131,01
40676;126;Rovnátka GIANTS FISHING Line Aligner;2,74;1;2,74;1,44;23;1;2,74;;2,63;2,58;2,52;2,47;2,41;2,36;2,30;2,25;2,19;2,06
40677;126;Rovnátka GIANTS FISHING Line Aligner;2,74;1;2,74;1,44;23;1;2,74;;2,63;2,58;2,52;2,47;2,41;2,36;2,30;2,25;2,19;2,06
40850;;Prevliekač GIANTS FISHING Elastic Threader;0,95;1;0,95;0,47;23;1;0,95;;0,91;0,89;0,87;0,86;0,84;0,82;0,80;0,78;0,76;0,71
40870;;Brúska GIANTS FISHING Pisciform Hook Sharpener háčikov;4,74;1;4,74;2,44;23;1;4,74;;4,55;4,46;4,36;4,27;4,17;4,08;3,98;3,89;3,79;3,56
40917;;Taška GIANTS FISHING Luxury Carp Carryall;87,32;1;87,32;46,13;23;1;87,32;;83,83;82,08;80,33;78,59;76,84;75,10;73,35;71,60;69,86;65,49
41202;;SET = vedro StarBaits + vanička + veko;18,30;1;18,30;8,48;23;1;18,30;;17,57;17,20;16,84;16,47;16,10;15,74;15,37;15,01;14,64;13,73
41431;;Prívlačový batoh GIANTS FISHING Spinning Sling Bag;53,57;1;53,57;27,24;23;1;53,57;;51,43;50,36;49,28;48,21;47,14;46,07;45,00;43,93;42,86;40,18
41480;;Prenosná skladacia toaleta GIANTS FISHING Folding Toilet X-Large;39,30;1;39,30;20,77;23;1;39,30;;37,73;36,94;36,16;35,37;34,58;33,80;33,01;32,23;31,44;29,48
41569;;SET = 2x pančucha GIANTS FISHING PVA System Micromesh 25+35mm;15,84;1;15,84;7,80;23;1;15,84;;15,21;14,89;14,57;14,26;13,94;13,62;13,31;12,99;12,67;11,88
41598;;Hrkálka HELL-CAT Scream Balls Black;1,55;1;1,55;0,82;23;1;1,55;;1,49;1,46;1,43;1,40;1,36;1,33;1,30;1,27;1,24;1,16
41651;;Rýchlovýmenný obratlík GIANTS FISHING Quick Change Swivel s očkom;5,12;1;5,12;2,68;23;1;5,12;;4,92;4,81;4,71;4,61;4,51;4,40;4,30;4,20;4,10;3,84
41668;;Púzdro GIANTS FISHING Lead Bag Small;9,09;1;9,09;4,62;23;1;9,09;;8,73;8,54;8,36;8,18;8,00;7,82;7,64;7,45;7,27;6,82
41725;127;Rozpustné boilie CARP INFERNO Nutra Line Banán/ Oliheň;4,74;1;4,74;2,62;23;1;4,74;;4,55;4,46;4,36;4,27;4,17;4,08;3,98;3,89;3,79;3,56
41726;127;Rozpustné boilie CARP INFERNO Nutra Line Banán/ Oliheň;11,08;1;11,08;6,48;23;1;11,08;;10,64;10,42;10,19;9,97;9,75;9,53;9,31;9,09;8,86;8,31
41768;;Bivak GIANTS FISHING Luxury 2 Man Bivvy;391,80;1;391,80;199,26;23;1;391,80;;376,13;368,29;360,46;352,62;344,78;336,95;329,11;321,28;313,44;293,85
41843;;Ihla GIANTS FISHING Baiting Needle Purple Fluo;2,34;1;2,34;1,19;23;1;2,34;;2,25;2,20;2,15;2,11;2,06;2,01;1,97;1,92;1,87;1,76
41926;;Puzdro GIANTS FISHING Security Pouch na doklady a telefón;15,84;1;15,84;8,06;23;1;15,84;;15,21;14,89;14,57;14,26;13,94;13,62;13,31;12,99;12,67;11,88
41939;128;Rozpustné boilie Carp Inferno Hot Line Škorpión;15,84;1;15,84;9,02;23;1;15,84;;15,21;14,89;14,57;14,26;13,94;13,62;13,31;12,99;12,67;11,88
41940;128;Rozpustné boilie Carp Inferno Hot Line Škorpión;5,69;1;5,69;3,22;23;1;5,69;;5,46;5,35;5,23;5,12;5,01;4,89;4,78;4,67;4,55;4,27
41971;;Škrabka GIANTS FISHING Round Fish Scaler;3,14;1;3,14;1,62;23;1;3,14;;3,01;2,95;2,89;2,83;2,76;2,70;2,64;2,57;2,51;2,36
41976;;Stojan na váženie GIANTS FISHING Weigh Tripod Deluxe;35,30;1;35,30;18,65;23;1;35,30;;33,89;33,18;32,48;31,77;31,06;30,36;29,65;28,95;28,24;26,48
42231;;Navijak SHIMANO Baitrunner ST 6000 RB;85,95;1;85,95;45,57;23;1;85,95;;82,51;80,79;79,07;77,36;75,64;73,92;72,20;70,48;68,76;64,46
43487;;Navijak SHIMANO Big Baitrunner 14000 XTB LC;274,95;1;274,95;155,07;23;1;274,95;;263,95;258,45;252,95;247,46;241,96;236,46;230,96;225,46;219,96;206,21
43703;;Podložka RAPALA Weig Sling Bag;22,50;1;22,50;14,34;23;1;22,50;;21,60;21,15;20,70;20,25;19,80;19,35;18,90;18,45;18,00;16,88
101246;129;Prút SHIMANO Tribal TX1 A;95,90;1;95,90;45,55;23;1;95,90;;92,06;90,15;88,23;86,31;84,39;82,47;80,56;78,64;76,72;71,93
43769;129;Prút SHIMANO Tribal TX1 A;85,90;1;85,90;34,90;23;1;85,90;;82,46;80,75;79,03;77,31;75,59;73,87;72,16;70,44;68,72;64,43
43771;129;Prút SHIMANO Tribal TX1 A;87,07;1;87,07;46,96;23;1;87,07;;83,59;81,85;80,10;78,36;76,62;74,88;73,14;71,40;69,66;65,30
44591;;Swinger JRC Radar DS Swing Indicator;37,99;1;37,99;17,55;23;1;37,99;;36,47;35,71;34,95;34,19;33,43;32,67;31,91;31,15;30,39;28,49
45014;130;bivak JRC Defender Bivvy 2 Man;189,99;1;;;23;1;;;182,39;178,59;174,79;170,99;167,19;163,39;159,59;155,79;151,99;142,49
45379;;Podberáková hlava SHAKESPEARE SKP Landing Net Head;24,50;1;24,50;9,49;23;1;24,50;;23,52;23,03;22,54;22,05;21,56;21,07;20,58;20,09;19,60;18,38
45457;;Sada 3 signalizátorov JRC Radar DR s príposluchom;152,73;1;152,73;70,36;23;1;152,73;;146,62;143,57;140,51;137,46;134,40;131,35;128,29;125,24;122,18;114,55
45572;;Taška JRC Defender Low Carryall XL;59,90;1;;;23;1;;;57,50;56,31;55,11;53,91;52,71;51,51;50,32;49,12;47,92;44,93
45589;;Cesto BERKLEY PowerBait Natural Glitter Trout Dough Garlic Glitter;8,00;1;8,00;4,25;23;1;8,00;;7,68;7,52;7,36;7,20;7,04;6,88;6,72;6,56;6,40;6,00
46709;131;"Nástraha FANATIK Lobster 3,6""; 9 cm, 6 ks";4,61;1;4,61;1,28;23;1;2,77;;2,77;2,77;2,77;2,77;2,77;2,77;2,77;2,77;2,77;2,77
46712;131;"Nástraha FANATIK Lobster 3,6""; 9 cm, 6 ks";4,61;1;4,61;1,28;23;1;2,77;;2,77;2,77;2,77;2,77;2,77;2,77;2,77;2,77;2,77;2,77
46713;131;"Nástraha FANATIK Lobster 3,6""; 9 cm, 6 ks";4,61;1;4,61;1,28;23;1;2,77;;2,77;2,77;2,77;2,77;2,77;2,77;2,77;2,77;2,77;2,77
46714;131;"Nástraha FANATIK Lobster 3,6""; 9 cm, 6 ks";4,61;1;4,61;1,28;23;1;2,77;;2,77;2,77;2,77;2,77;2,77;2,77;2,77;2,77;2,77;2,77
46717;131;"Nástraha FANATIK Lobster 3,6""; 9 cm, 6 ks";4,61;1;4,61;1,28;23;1;2,77;;2,77;2,77;2,77;2,77;2,77;2,77;2,77;2,77;2,77;2,77
46719;131;"Nástraha FANATIK Lobster 3,6""; 9 cm, 6 ks";4,61;1;4,61;1,28;23;1;2,77;;2,77;2,77;2,77;2,77;2,77;2,77;2,77;2,77;2,77;2,77
46720;131;"Nástraha FANATIK Lobster 3,6""; 9 cm, 6 ks";4,61;1;4,61;2,83;23;1;2,77;;2,77;2,77;2,77;2,77;2,77;2,77;2,77;2,77;2,77;2,77
46723;131;"Nástraha FANATIK Lobster 3,6""; 9 cm, 6 ks";4,61;1;4,61;1,28;23;1;2,77;;2,77;2,77;2,77;2,77;2,77;2,77;2,77;2,77;2,77;2,77
46906;132;Háčiky FANATIK MIKRO-JIG S-57;1,54;1;1,54;0,58;23;1;0,92;;0,92;0,92;0,92;0,92;0,92;0,92;0,92;0,92;0,92;0,92
46907;132;Háčiky FANATIK MIKRO-JIG S-57;1,54;1;1,54;0,54;23;1;0,92;;0,92;0,92;0,92;0,92;0,92;0,92;0,92;0,92;0,92;0,92
46908;132;Háčiky FANATIK MIKRO-JIG S-57;1,54;1;1,54;0,55;23;1;0,92;;0,92;0,92;0,92;0,92;0,92;0,92;0,92;0,92;0,92;0,92
46909;132;Háčiky FANATIK MIKRO-JIG S-57;1,54;1;1,54;1,05;23;1;0,92;;0,92;0,92;0,92;0,92;0,92;0,92;0,92;0,92;0,92;0,92
47397;133;Vobler RAPALA Count Down 01, dĺžka 2,5 cm;10,20;1;10,20;4,91;23;1;10,20;;9,79;9,59;9,38;9,18;8,98;8,77;8,57;8,36;8,16;7,65
47398;133;Vobler RAPALA Count Down 01, dĺžka 2,5 cm;10,20;1;10,20;4,91;23;1;10,20;;9,79;9,59;9,38;9,18;8,98;8,77;8,57;8,36;8,16;7,65
47399;133;Vobler RAPALA Count Down 01, dĺžka 2,5 cm;10,20;1;10,20;4,91;23;1;10,20;;9,79;9,59;9,38;9,18;8,98;8,77;8,57;8,36;8,16;7,65
47400;133;Vobler RAPALA Count Down 01, dĺžka 2,5 cm;10,20;1;10,20;4,91;23;1;10,20;;9,79;9,59;9,38;9,18;8,98;8,77;8,57;8,36;8,16;7,65
47401;133;Vobler RAPALA Count Down 01, dĺžka 2,5 cm;10,20;1;10,20;4,91;23;1;10,20;;9,79;9,59;9,38;9,18;8,98;8,77;8,57;8,36;8,16;7,65
47402;133;Vobler RAPALA Count Down 01, dĺžka 2,5 cm;9,95;1;9,95;5,15;23;1;9,95;;9,55;9,35;9,15;8,96;8,76;8,56;8,36;8,16;7,96;7,46
47403;133;Vobler RAPALA Count Down 01, dĺžka 2,5 cm;10,20;1;10,20;4,91;23;1;10,20;;9,79;9,59;9,38;9,18;8,98;8,77;8,57;8,36;8,16;7,65
47404;133;Vobler RAPALA Count Down 01, dĺžka 2,5 cm;9,95;1;9,95;5,15;23;1;9,95;;9,55;9,35;9,15;8,96;8,76;8,56;8,36;8,16;7,96;7,46
47437;;Vobler RAPALA Floater Elite 85, GDVR;14,94;1;14,94;8,07;23;1;14,94;;14,34;14,04;13,74;13,45;13,15;12,85;12,55;12,25;11,95;11,21
49432;;Pelety NIKL Black Halibut v dipe Jahody;6,08;1;6,08;3,84;23;1;6,08;;5,84;5,72;5,59;5,47;5,35;5,23;5,11;4,99;4,86;4,56
51609;;Signalizátor CORMORAN Pro Carp X-4000 Bite Alarm;16,91;1;16,91;5,10;23;1;15,22;25;15,22;15,22;15,22;15,22;14,88;14,54;14,20;13,87;13,53;12,68
5243;;Sada oloviek ZEBCO Oval Split Shots;8,00;1;8,00;4,00;23;1;8,00;;7,68;7,52;7,36;7,20;7,04;6,88;6,72;6,56;6,40;6,00
53267;;Plavákový systém MIKADO;2,15;1;2,15;1,02;23;1;1,96;25;1,96;1,96;1,96;1,94;1,89;1,85;1,81;1,76;1,72;1,61
54051;;Signalizátor DELPHIN Runer;16,95;1;16,95;9,07;23;1;14,41;25;14,41;14,41;14,41;14,41;14,41;14,41;14,24;13,90;13,56;12,71
39091;134;Háčik DELPHIN HKD Feeder Smuter Ring;2,71;1;2,71;1,16;23;1;2,30;25;2,30;2,30;2,30;2,30;2,30;2,30;2,28;2,22;2,17;2,03
39092;134;Háčik DELPHIN HKD Feeder Smuter Ring;2,71;1;2,71;1,16;23;1;2,30;25;2,30;2,30;2,30;2,30;2,30;2,30;2,28;2,22;2,17;2,03
54606;134;Háčik DELPHIN HKD Feeder Smuter Ring;2,71;1;2,71;1,16;23;1;2,30;25;2,30;2,30;2,30;2,30;2,30;2,30;2,28;2,22;2,17;2,03
55114;;Lehátko CamoCODE Flat8;189,99;1;189,99;98,39;23;1;170,99;10;170,99;170,99;170,99;170,99;170,99;170,99;170,99;170,99;170,99;170,99
55486;;Taška MIVARDI Carryall CamoCODE Solid;54,99;1;54,99;27,54;23;1;49,49;10;49,49;49,49;49,49;49,49;49,49;49,49;49,49;49,49;49,49;49,49
55532;;Kreslo MIVARDI Chair CamoCODE Quattro;99,99;1;99,99;52,30;23;1;89,99;10;89,99;89,99;89,99;89,99;89,99;89,99;89,99;89,99;89,99;89,99
55568;135;Krmítko MIVARDI Method Feeder Premium L;1,29;1;1,29;0,65;23;1;1,16;10;1,16;1,16;1,16;1,16;1,16;1,16;1,16;1,16;1,16;1,16
55569;135;Krmítko MIVARDI Method Feeder Premium L;1,49;1;1,49;0,75;23;1;1,34;10;1,34;1,34;1,34;1,34;1,34;1,34;1,34;1,34;1,34;1,34
55570;135;Krmítko MIVARDI Method Feeder Premium L;1,73;1;1,73;0,85;23;1;1,56;10;1,56;1,56;1,56;1,56;1,56;1,56;1,56;1,56;1,56;1,56
55571;135;Krmítko MIVARDI Method Feeder Premium L;1,69;1;1,69;0,85;23;1;1,52;10;1,52;1,52;1,52;1,52;1,52;1,52;1,52;1,52;1,52;1,52
55572;135;Krmítko MIVARDI Method Feeder Premium L;1,99;1;1,99;1,00;23;1;1,79;10;1,79;1,79;1,79;1,79;1,79;1,79;1,79;1,79;1,79;1,79
55591;;Kreslo MIVARDI CamoCode Combi;79,99;1;79,99;46,48;23;1;71,99;10;71,99;71,99;71,99;71,99;71,99;71,99;71,99;71,99;71,99;71,99
55806;;Transportná taška MIVARDI Transport Bag for Chair CamoCODE;22,99;1;22,99;11,52;23;1;20,69;10;20,69;20,69;20,69;20,69;20,69;20,69;20,69;20,69;20,69;20,69
55851;;Náhradná sieťka pre podberák MIVARDI Hardcore;17,99;1;17,99;9,01;23;1;16,19;10;16,19;16,19;16,19;16,19;16,19;16,19;16,19;16,19;16,19;16,19
55885;136;Boilie MIVARDI Rapid Excellent Kaprí guláš;3,69;1;3,69;2,00;23;1;3,32;10;3,32;3,32;3,32;3,32;3,32;3,32;3,32;3,32;3,32;3,32
55886;136;Boilie MIVARDI Rapid Excellent Kaprí guláš;3,69;1;3,69;2,00;23;1;3,32;10;3,32;3,32;3,32;3,32;3,32;3,32;3,32;3,32;3,32;3,32
56051;137;Boilie MIVARDI Rapid Easy Catch Scopex + Smotana;7,16;1;7,16;3,67;23;1;6,44;10;6,44;6,44;6,44;6,44;6,44;6,44;6,44;6,44;6,44;6,44
56052;137;Boilie MIVARDI Rapid Easy Catch Scopex + Smotana;6,99;1;6,99;3,85;23;1;6,29;10;6,29;6,29;6,29;6,29;6,29;6,29;6,29;6,29;6,29;6,29
56053;137;Boilie MIVARDI Rapid Easy Catch Scopex + Smotana;6,99;1;6,99;3,85;23;1;6,29;10;6,29;6,29;6,29;6,29;6,29;6,29;6,29;6,29;6,29;6,29
56116;;Rybí olej MIVARDI Rapid Additive;6,99;1;6,99;3,15;23;1;6,29;10;6,29;6,29;6,29;6,29;6,29;6,29;6,29;6,29;6,29;6,29
56138;;Krmivo MIVARDI V1 Carp Scopex & Vanilka;6,99;1;6,99;3,85;23;1;6,29;10;6,29;6,29;6,29;6,29;6,29;6,29;6,29;6,29;6,29;6,29
56165;;Brolly MIVARDI Entrix XL;225,48;1;225,48;117,30;23;1;202,93;10;202,93;202,93;202,93;202,93;202,93;202,93;202,93;202,93;202,93;202,93
56192;138;Boilie MIVARDI Rapid Platinum ProActive Kráľovská slivka;3,69;1;3,69;1,83;23;1;3,32;10;3,32;3,32;3,32;3,32;3,32;3,32;3,32;3,32;3,32;3,32
56193;138;Boilie MIVARDI Rapid Platinum ProActive Kráľovská slivka;3,69;1;3,69;1,83;23;1;3,32;10;3,32;3,32;3,32;3,32;3,32;3,32;3,32;3,32;3,32;3,32
56213;;Podberák MIVARDI Easy 180;11,27;1;11,27;5,41;23;1;10,14;10;10,14;10,14;10,14;10,14;10,14;10,14;10,14;10,14;10,14;10,14
56237;;Tekutá prísada MIVARDI Rapid Fluoro Smoke Stinky;8,99;1;8,99;4,37;23;1;8,09;10;8,09;8,09;8,09;8,09;8,09;8,09;8,09;8,09;8,09;8,09
56254;;Navijak MIVARDI Omicron MK2;71,99;1;71,99;35,06;23;1;64,79;10;64,79;64,79;64,79;64,79;64,79;64,79;64,79;64,79;64,79;64,79
56270;139;Prút MIVARDI Traveller;54,99;1;54,99;27,54;23;1;49,49;10;49,49;49,49;49,49;49,49;49,49;49,49;49,49;49,49;49,49;49,49
56279;139;Prút MIVARDI Traveller;58,99;1;58,99;29,55;23;1;53,09;10;53,09;53,09;53,09;53,09;53,09;53,09;53,09;53,09;53,09;53,09
56298;;Swinger MIVARDI MCX 77 Swing Arm modrý;11,99;1;11,99;6,01;23;1;10,79;10;10,79;10,79;10,79;10,79;10,79;10,79;10,79;10,79;10,79;10,79
56303;;Prepravný box MIVARDI Hardcore s vekom, veľ. M;19,99;1;19,99;10,01;23;1;17,99;10;17,99;17,99;17,99;17,99;17,99;17,99;17,99;17,99;17,99;17,99
56323;;Svietiaca ihla MIVARDI Nite Glow Heavy Boilie Needle;3,99;1;3,99;1,88;23;1;3,59;10;3,59;3,59;3,59;3,59;3,59;3,59;3,59;3,59;3,59;3,59
56334;;Podložka vanička MIVARDI Entrix XL;51,00;1;51,00;25,85;23;1;45,90;10;45,90;45,90;45,90;45,90;45,90;45,90;45,90;45,90;45,90;45,90
56350;;Pelety MIVARDI Soft Extruded Pellets, Krill;2,48;1;2,48;1,26;23;1;2,23;10;2,23;2,23;2,23;2,23;2,23;2,23;2,23;2,23;2,23;2,23
56355;;Rozširujúca sada pre dáždnik MIVARDI Session Umbrella XL;47,99;1;47,99;24,79;23;1;43,19;10;43,19;43,19;43,19;43,19;43,19;43,19;43,19;43,19;43,19;43,19
56366;140;Komplet MIVARDI Xtra Performance Set 2in1;209,99;1;209,99;115,70;23;1;188,99;10;188,99;188,99;188,99;188,99;188,99;188,99;188,99;188,99;188,99;188,99
56367;140;Komplet MIVARDI Xtra Performance Set 2in1;209,99;1;209,99;115,70;23;1;188,99;10;188,99;188,99;188,99;188,99;188,99;188,99;188,99;188,99;188,99;188,99
56368;140;Komplet MIVARDI Xtra Performance Set 2in1;209,99;1;209,99;115,70;23;1;188,99;10;188,99;188,99;188,99;188,99;188,99;188,99;188,99;188,99;188,99;188,99
56369;140;Komplet MIVARDI Xtra Performance Set 2in1;209,99;1;209,99;115,70;23;1;188,99;10;188,99;188,99;188,99;188,99;188,99;188,99;188,99;188,99;188,99;188,99
56370;140;Komplet MIVARDI Xtra Performance Set 2in1;209,99;1;209,99;115,70;23;1;188,99;10;188,99;188,99;188,99;188,99;188,99;188,99;188,99;188,99;188,99;188,99
56371;140;Komplet MIVARDI Xtra Performance Set 2in1;209,99;1;209,99;115,70;23;1;188,99;10;188,99;188,99;188,99;188,99;188,99;188,99;188,99;188,99;188,99;188,99
57612;141;Šnúra FANATIK LEXUS 8x, 140 m;18,04;1;18,04;7,75;23;1;10,82;;10,82;10,82;10,82;10,82;10,82;10,82;10,82;10,82;10,82;10,82
57616;141;Šnúra FANATIK LEXUS 8x, 140 m;23,68;1;23,68;10,85;23;1;14,21;;14,21;14,21;14,21;14,21;14,21;14,21;14,21;14,21;14,21;14,21
57706;142;Čeburaška FANATIK Granenij MIX;1,75;1;1,75;1,08;23;1;1,05;;1,05;1,05;1,05;1,05;1,05;1,05;1,05;1,05;1,05;1,05
57710;142;Čeburaška FANATIK Granenij MIX;2,56;1;2,56;0,82;23;1;1,54;;1,54;1,54;1,54;1,54;1,54;1,54;1,54;1,54;1,54;1,54
57964;143;Nástraha FANATIK Goby 8,9 cm, 5 ks;4,92;1;4,92;3,05;23;1;2,95;;2,95;2,95;2,95;2,95;2,95;2,95;2,95;2,95;2,95;2,95
57965;143;Nástraha FANATIK Goby 8,9 cm, 5 ks;4,92;1;4,92;2,86;23;1;2,95;;2,95;2,95;2,95;2,95;2,95;2,95;2,95;2,95;2,95;2,95
57966;143;Nástraha FANATIK Goby 8,9 cm, 5 ks;4,92;1;4,92;3,05;23;1;2,95;;2,95;2,95;2,95;2,95;2,95;2,95;2,95;2,95;2,95;2,95
57967;143;Nástraha FANATIK Goby 8,9 cm, 5 ks;4,92;1;4,92;3,05;23;1;2,95;;2,95;2,95;2,95;2,95;2,95;2,95;2,95;2,95;2,95;2,95
57968;143;Nástraha FANATIK Goby 8,9 cm, 5 ks;4,92;1;4,92;3,05;23;1;2,95;;2,95;2,95;2,95;2,95;2,95;2,95;2,95;2,95;2,95;2,95
57969;143;Nástraha FANATIK Goby 8,9 cm, 5 ks;4,92;1;4,92;3,05;23;1;2,95;;2,95;2,95;2,95;2,95;2,95;2,95;2,95;2,95;2,95;2,95
57971;143;Nástraha FANATIK Goby 8,9 cm, 5 ks;4,92;1;4,92;3,05;23;1;2,95;;2,95;2,95;2,95;2,95;2,95;2,95;2,95;2,95;2,95;2,95
57972;143;Nástraha FANATIK Goby 8,9 cm, 5 ks;4,92;1;4,92;3,05;23;1;2,95;;2,95;2,95;2,95;2,95;2,95;2,95;2,95;2,95;2,95;2,95
57973;143;Nástraha FANATIK Goby 8,9 cm, 5 ks;4,92;1;4,92;3,05;23;1;2,95;;2,95;2,95;2,95;2,95;2,95;2,95;2,95;2,95;2,95;2,95
57975;143;Nástraha FANATIK Goby 8,9 cm, 5 ks;4,92;1;4,92;2,86;23;1;2,95;;2,95;2,95;2,95;2,95;2,95;2,95;2,95;2,95;2,95;2,95
57976;143;Nástraha FANATIK Goby 8,9 cm, 5 ks;4,92;1;4,92;3,05;23;1;2,95;;2,95;2,95;2,95;2,95;2,95;2,95;2,95;2,95;2,95;2,95
57977;143;Nástraha FANATIK Goby 8,9 cm, 5 ks;4,92;1;4,92;3,05;23;1;2,95;;2,95;2,95;2,95;2,95;2,95;2,95;2,95;2,95;2,95;2,95
57978;143;Nástraha FANATIK Goby 8,9 cm, 5 ks;4,92;1;4,92;2,86;23;1;2,95;;2,95;2,95;2,95;2,95;2,95;2,95;2,95;2,95;2,95;2,95
57979;143;Nástraha FANATIK Goby 8,9 cm, 5 ks;4,92;1;4,92;2,86;23;1;2,95;;2,95;2,95;2,95;2,95;2,95;2,95;2,95;2,95;2,95;2,95
58439;;Antibakteriálny sprej LK Baits Carp Clinic;7,80;1;7,80;3,60;23;1;7,80;;7,49;7,33;7,18;7,02;6,86;6,71;6,55;6,40;6,24;5,85
58931;;Dip LK BAITS CUC! Speciál;6,46;1;6,46;3,60;23;1;6,46;;6,20;6,07;5,94;5,81;5,68;5,56;5,43;5,30;5,17;4,85
58991;;Booster LK BAITS Jeseter Special Booster Cheese;10,00;1;10,00;5,24;23;1;10,00;;9,60;9,40;9,20;9,00;8,80;8,60;8,40;8,20;8,00;7,50
59175;144;Stolička MIKADO IS;15,29;1;15,29;6,34;23;1;13,91;25;13,91;13,91;13,91;13,76;13,46;13,15;12,84;12,54;12,23;11,47
59176;144;Stolička MIKADO IS;12,30;1;12,30;5,57;23;1;11,19;25;11,19;11,19;11,19;11,07;10,82;10,58;10,33;10,09;9,84;9,23
59398;145;Krmítko MIKADO AD Cage Feeder;1,16;1;1,16;0,57;23;1;1,06;25;1,06;1,06;1,06;1,04;1,02;1,00;0,97;0,95;0,93;0,87
59400;145;Krmítko MIKADO AD Cage Feeder;1,84;1;1,84;0,93;23;1;1,67;25;1,67;1,67;1,67;1,66;1,62;1,58;1,55;1,51;1,47;1,38
60260;146;Sumcový plavák Black Cat U-Float;3,17;1;3,17;1,48;23;1;3,17;;3,04;2,98;2,92;2,85;2,79;2,73;2,66;2,60;2,54;2,38
60261;146;Sumcový plavák Black Cat U-Float;3,43;1;3,43;1,57;23;1;3,43;;3,29;3,22;3,16;3,09;3,02;2,95;2,88;2,81;2,74;2,57
66837;146;Sumcový plavák Black Cat U-Float;3,51;1;3,51;1,75;23;1;3,51;;3,37;3,30;3,23;3,16;3,09;3,02;2,95;2,88;2,81;2,63
61881;147;Plavák EXPERT na rieky so silným prúdom;4,96;1;4,96;2,94;23;1;4,96;;4,76;4,66;4,56;4,46;4,36;4,27;4,17;4,07;3,97;3,72
61882;147;Plavák EXPERT na rieky so silným prúdom;4,96;1;4,96;2,94;23;1;4,96;;4,76;4,66;4,56;4,46;4,36;4,27;4,17;4,07;3,97;3,72
61885;147;Plavák EXPERT na rieky so silným prúdom;4,83;1;4,83;3,46;23;1;4,83;;4,64;4,54;4,44;4,35;4,25;4,15;4,06;3,96;3,86;3,62
62165;148;Priebežné olovo EXCENTER;1,25;1;1,25;0,76;23;1;1,25;;1,20;1,18;1,15;1,13;1,10;1,08;1,05;1,03;1,00;0,94
62168;148;Priebežné olovo EXCENTER;1,66;1;1,66;0,98;23;1;1,66;;1,59;1,56;1,53;1,49;1,46;1,43;1,39;1,36;1,33;1,25
62169;148;Priebežné olovo EXCENTER;1,81;1;1,81;1,08;23;1;1,81;;1,74;1,70;1,67;1,63;1,59;1,56;1,52;1,48;1,45;1,36
5103;149;Závesné olovo SPORTS Korda;2,28;1;2,28;1,43;23;1;2,28;;2,19;2,14;2,10;2,05;2,01;1,96;1,92;1,87;1,82;1,71
62204;149;Závesné olovo SPORTS Korda;1,81;1;1,81;1,08;23;1;1,81;;1,74;1,70;1,67;1,63;1,59;1,56;1,52;1,48;1,45;1,36
62206;149;Závesné olovo SPORTS Korda;1,99;1;1,99;1,19;23;1;1,99;;1,91;1,87;1,83;1,79;1,75;1,71;1,67;1,63;1,59;1,49
62212;149;Závesné olovo SPORTS Korda;1,25;1;1,25;0,76;23;1;1,25;;1,20;1,18;1,15;1,13;1,10;1,08;1,05;1,03;1,00;0,94
62213;149;Závesné olovo SPORTS Korda;1,39;1;1,39;0,83;23;1;1,39;;1,33;1,31;1,28;1,25;1,22;1,20;1,17;1,14;1,11;1,04
62887;150;Vlasec Black Cat Mono;10,46;1;10,46;5,25;23;1;10,46;;10,04;9,83;9,62;9,41;9,20;9,00;8,79;8,58;8,37;7,85
62888;150;Vlasec Black Cat Mono;10,46;1;10,46;5,25;23;1;10,46;;10,04;9,83;9,62;9,41;9,20;9,00;8,79;8,58;8,37;7,85
63046;151;Pelety SPORTS Profesional Big;8,14;1;8,14;4,86;23;1;8,14;;7,81;7,65;7,49;7,33;7,16;7,00;6,84;6,67;6,51;6,11
63047;151;Pelety SPORTS Profesional Big;8,14;1;8,14;4,86;23;1;8,14;;7,81;7,65;7,49;7,33;7,16;7,00;6,84;6,67;6,51;6,11
64194;;Rolnička Black Cat Big Bells schwarz/ gelb;5,50;1;5,50;2,75;23;1;5,50;;5,28;5,17;5,06;4,95;4,84;4,73;4,62;4,51;4,40;4,13
64861;;Akumulátor GT 12V/ 9Ah pre loďku M1, M2;26,90;1;26,90;21,42;23;1;26,90;;25,82;25,29;24,75;24,21;23,67;23,13;22,60;22,06;21,52;20,18
65082;;"Kryt LOWRANCE pre 4"" displej";27,05;1;27,05;21,06;23;1;27,05;4;25,97;25,97;25,97;25,97;25,97;25,97;25,97;25,97;25,97;25,97
65261;152;Prešívacia ihla SPORTS;2,10;1;2,10;1,00;23;1;2,10;;2,02;1,97;1,93;1,89;1,85;1,81;1,76;1,72;1,68;1,58
65262;152;Prešívacia ihla SPORTS;2,10;1;2,10;0,82;23;1;2,10;;2,02;1,97;1,93;1,89;1,85;1,81;1,76;1,72;1,68;1,58
65487;;Obojstranná krabička SPORTS;11,48;1;11,48;6,84;23;1;11,48;;11,02;10,79;10,56;10,33;10,10;9,87;9,64;9,41;9,18;8,61
65529;153;Nohavice GEOFF Anderson Barbarus 2;234,72;1;234,72;164,40;23;1;234,72;;225,33;220,64;215,94;211,25;206,55;201,86;197,16;192,47;187,78;176,04
65530;153;Nohavice GEOFF Anderson Barbarus 2;234,72;1;234,72;164,40;23;1;234,72;;225,33;220,64;215,94;211,25;206,55;201,86;197,16;192,47;187,78;176,04
65532;153;Nohavice GEOFF Anderson Barbarus 2;234,72;1;234,72;140,54;23;1;234,72;;225,33;220,64;215,94;211,25;206,55;201,86;197,16;192,47;187,78;176,04
65533;153;Nohavice GEOFF Anderson Barbarus 2;234,72;1;234,72;160,98;23;1;234,72;;225,33;220,64;215,94;211,25;206,55;201,86;197,16;192,47;187,78;176,04
65534;153;Nohavice GEOFF Anderson Barbarus 2;234,72;1;234,72;165,60;23;1;234,72;;225,33;220,64;215,94;211,25;206,55;201,86;197,16;192,47;187,78;176,04
65535;153;Nohavice GEOFF Anderson Barbarus 2;276,75;1;276,75;164,40;23;1;276,75;;265,68;260,15;254,61;249,08;243,54;238,01;232,47;226,94;221,40;207,56
65589;154;Plávajúca nástraha SPORTS Kaprí sen 5 mm;2,08;1;2,08;1,07;23;1;2,08;;2,00;1,96;1,91;1,87;1,83;1,79;1,75;1,71;1,66;1,56
65590;154;Plávajúca nástraha SPORTS Kaprí sen 5 mm;2,08;1;2,08;1,25;23;1;2,08;;2,00;1,96;1,91;1,87;1,83;1,79;1,75;1,71;1,66;1,56
65591;154;Plávajúca nástraha SPORTS Kaprí sen 5 mm;2,08;1;2,08;1,25;23;1;2,08;;2,00;1,96;1,91;1,87;1,83;1,79;1,75;1,71;1,66;1,56
65593;154;Plávajúca nástraha SPORTS Kaprí sen 5 mm;2,08;1;2,08;1,25;23;1;2,08;;2,00;1,96;1,91;1,87;1,83;1,79;1,75;1,71;1,66;1,56
65594;154;Plávajúca nástraha SPORTS Kaprí sen 5 mm;2,08;1;2,08;1,25;23;1;2,08;;2,00;1,96;1,91;1,87;1,83;1,79;1,75;1,71;1,66;1,56
65718;;Čiapka GEOFF Anderson WizWool 210, šedá;30,70;1;30,70;16,00;23;1;30,70;;29,47;28,86;28,24;27,63;27,02;26,40;25,79;25,17;24,56;23,03
65770;;Dipovaná umelá nástraha FishUp Real Craw, 4,8 cm, 7 ks;6,62;1;6,62;4,18;23;1;6,62;;6,36;6,22;6,09;5,96;5,83;5,69;5,56;5,43;5,30;4,97
65789;;Sonar LOWRANCE Eagle 5 Splitshot;426,18;1;426,18;340,10;23;1;426,18;4;409,13;409,13;409,13;409,13;409,13;409,13;409,13;409,13;409,13;409,13
65804;155;Nepremokavá bunda Geoff Anderson WS 7 šedá;511,47;1;511,47;347,79;23;1;511,47;;491,01;480,78;470,55;460,32;450,09;439,86;429,63;419,41;409,18;383,60
65805;155;Nepremokavá bunda Geoff Anderson WS 7 šedá;511,47;1;511,47;347,79;23;1;511,47;;491,01;480,78;470,55;460,32;450,09;439,86;429,63;419,41;409,18;383,60
65806;155;Nepremokavá bunda Geoff Anderson WS 7 šedá;511,47;1;511,47;347,79;23;1;511,47;;491,01;480,78;470,55;460,32;450,09;439,86;429,63;419,41;409,18;383,60
65807;155;Nepremokavá bunda Geoff Anderson WS 7 šedá;511,47;1;511,47;347,79;23;1;511,47;;491,01;480,78;470,55;460,32;450,09;439,86;429,63;419,41;409,18;383,60
65808;155;Nepremokavá bunda Geoff Anderson WS 7 šedá;511,47;1;511,47;347,79;23;1;511,47;;491,01;480,78;470,55;460,32;450,09;439,86;429,63;419,41;409,18;383,60
65809;155;Nepremokavá bunda Geoff Anderson WS 7 šedá;511,47;1;511,47;347,79;23;1;511,47;;491,01;480,78;470,55;460,32;450,09;439,86;429,63;419,41;409,18;383,60
65810;155;Nepremokavá bunda Geoff Anderson WS 7 šedá;654,98;1;654,98;347,79;23;1;654,98;;628,78;615,68;602,58;589,48;576,38;563,28;550,18;537,08;523,98;491,24
65872;156;Prút SPORTEX Black Pearl Maxx;163,95;1;163,95;111,49;23;1;163,95;;157,39;154,11;150,83;147,56;144,28;141,00;137,72;134,44;131,16;122,96
65873;156;Prút SPORTEX Black Pearl Maxx;174,20;1;174,20;118,46;23;1;174,20;;167,23;163,75;160,26;156,78;153,30;149,81;146,33;142,84;139,36;130,65
65874;156;Prút SPORTEX Black Pearl Maxx;184,45;1;184,45;125,41;23;1;184,45;;177,07;173,38;169,69;166,01;162,32;158,63;154,94;151,25;147,56;138,34
65875;156;Prút SPORTEX Black Pearl Maxx;194,70;1;194,70;132,40;23;1;194,70;;186,91;183,02;179,12;175,23;171,34;167,44;163,55;159,65;155,76;146,03
65876;156;Prút SPORTEX Black Pearl Maxx;204,95;1;204,95;139,36;23;1;204,95;;196,75;192,65;188,55;184,46;180,36;176,26;172,16;168,06;163,96;153,71
65877;156;Prút SPORTEX Black Pearl Maxx;184,45;1;184,45;125,41;23;1;184,45;;177,07;173,38;169,69;166,01;162,32;158,63;154,94;151,25;147,56;138,34
65878;156;Prút SPORTEX Black Pearl Maxx;194,70;1;194,70;132,40;23;1;194,70;;186,91;183,02;179,12;175,23;171,34;167,44;163,55;159,65;155,76;146,03
65879;156;Prút SPORTEX Black Pearl Maxx;204,95;1;204,95;139,37;23;1;204,95;;196,75;192,65;188,55;184,46;180,36;176,26;172,16;168,06;163,96;153,71
65880;156;Prút SPORTEX Black Pearl Maxx;215,20;1;215,20;146,33;23;1;215,20;;206,59;202,29;197,98;193,68;189,38;185,07;180,77;176,46;172,16;161,40
65881;156;Prút SPORTEX Black Pearl Maxx;215,20;1;215,20;146,32;23;1;215,20;;206,59;202,29;197,98;193,68;189,38;185,07;180,77;176,46;172,16;161,40
65882;156;Prút SPORTEX Black Pearl Maxx;225,45;1;225,45;153,31;23;1;225,45;;216,43;211,92;207,41;202,91;198,40;193,89;189,38;184,87;180,36;169,09
65883;157;Prút SPORTEX Revolt Ultra Light;440,70;1;440,70;352,54;23;1;440,70;;423,07;414,26;405,44;396,63;387,82;379,00;370,19;361,37;352,56;330,53
65885;157;Prút SPORTEX Revolt Ultra Light;461,20;1;461,20;368,95;23;1;461,20;;442,75;433,53;424,30;415,08;405,86;396,63;387,41;378,18;368,96;345,90
65900;;Čiapka Geoff Anderson PowerWool Grid Hood;42,00;1;42,00;8,61;23;1;42,00;;40,32;39,48;38,64;37,80;36,96;36,12;35,28;34,44;33,60;31,50
65918;158;Termo tričko GEOFF Anderson WizWool 150;102,50;1;102,50;69,69;23;1;102,50;;98,40;96,35;94,30;92,25;90,20;88,15;86,10;84,05;82,00;76,88
65919;158;Termo tričko GEOFF Anderson WizWool 150;102,50;1;102,50;69,69;23;1;102,50;;98,40;96,35;94,30;92,25;90,20;88,15;86,10;84,05;82,00;76,88
65920;158;Termo tričko GEOFF Anderson WizWool 150;102,50;1;102,50;69,69;23;1;102,50;;98,40;96,35;94,30;92,25;90,20;88,15;86,10;84,05;82,00;76,88
65921;158;Termo tričko GEOFF Anderson WizWool 150;102,50;1;102,50;69,69;23;1;102,50;;98,40;96,35;94,30;92,25;90,20;88,15;86,10;84,05;82,00;76,88
65922;158;Termo tričko GEOFF Anderson WizWool 150;102,50;1;102,50;69,69;23;1;102,50;;98,40;96,35;94,30;92,25;90,20;88,15;86,10;84,05;82,00;76,88
65923;158;Termo tričko GEOFF Anderson WizWool 150;102,50;1;102,50;69,69;23;1;102,50;;98,40;96,35;94,30;92,25;90,20;88,15;86,10;84,05;82,00;76,88
65924;158;Termo tričko GEOFF Anderson WizWool 150;102,50;1;102,50;69,69;23;1;102,50;;98,40;96,35;94,30;92,25;90,20;88,15;86,10;84,05;82,00;76,88
66711;;Nástraha QUANTUM 4Street Pike Chatter 9 g;8,67;1;8,67;3,85;23;1;8,67;;8,32;8,15;7,98;7,80;7,63;7,46;7,28;7,11;6,94;6,50
66868;;Vobler QUANTUM Fat Minnow DR, 4 cm;9,13;1;9,13;1,98;23;1;9,13;;8,76;8,58;8,40;8,22;8,03;7,85;7,67;7,49;7,30;6,85
66899;;Obratlíky RADICAL Z-Carp PVA Swivel Mat Black;3,69;1;3,69;0,52;23;1;3,69;;3,54;3,47;3,39;3,32;3,25;3,17;3,10;3,03;2,95;2,77
66921;;Elektromotor RHINO BLX 60 V2 Electric Outboard Motor;649,99;1;649,99;398,77;23;1;649,99;;623,99;610,99;597,99;584,99;571,99;558,99;545,99;532,99;519,99;487,49
67146;159;Plavák MIKADO Float Livebait ESP;0,75;1;0,75;0,24;23;1;0,68;25;0,68;0,68;0,68;0,68;0,66;0,65;0,63;0,62;0,60;0,56
67148;159;Plavák MIKADO Float Livebait ESP;0,81;1;0,81;0,34;23;1;0,74;25;0,74;0,74;0,74;0,73;0,71;0,70;0,68;0,66;0,65;0,61
67281;;Krabička MIKADO H415;4,49;1;4,49;1,64;23;1;4,09;25;4,09;4,09;4,09;4,04;3,95;3,86;3,77;3,68;3,59;3,37
67293;;Podložka MIKADO Mat Unhooking;14,78;1;14,78;5,28;23;1;13,45;25;13,45;13,45;13,45;13,30;13,01;12,71;12,42;12,12;11,82;11,09
67389;160;Kopyto MIKADO Fishunter 5cm;0,46;1;0,46;0,14;23;1;0,42;25;0,42;0,42;0,42;0,41;0,40;0,40;0,39;0,38;0,37;0,35
68253;160;Kopyto MIKADO Fishunter 5cm;0,57;1;0,57;0,16;23;1;0,52;25;0,52;0,52;0,52;0,51;0,50;0,49;0,48;0,47;0,46;0,43
67664;;Krabička MIKADO Bait Box;1,49;1;1,49;0,63;23;1;1,36;25;1,36;1,36;1,36;1,34;1,31;1,28;1,25;1,22;1,19;1,12
67838;;Umelá kukurica MIKADO Corn Double Balanced;2,48;1;2,48;0,92;23;1;2,26;25;2,26;2,26;2,26;2,23;2,18;2,13;2,08;2,03;1,98;1,86
67846;;Šnúra MIKADO Coated Braid Premium;5,07;1;5,07;1,94;23;1;4,61;25;4,61;4,61;4,61;4,56;4,46;4,36;4,26;4,16;4,06;3,80
68007;161;Skrutka MIKADO Screw s krúžkom;1,39;1;1,39;0,61;23;1;1,26;25;1,26;1,26;1,26;1,25;1,22;1,20;1,17;1,14;1,11;1,04
68008;161;Skrutka MIKADO Screw s krúžkom;2,25;1;2,25;0,95;23;1;2,05;25;2,05;2,05;2,05;2,03;1,98;1,94;1,89;1,85;1,80;1,69
68060;;Držiak vlasca MIKADO Bait Boat Line Clip;13,39;1;13,39;5,30;23;1;12,18;25;12,18;12,18;12,18;12,05;11,78;11,52;11,25;10,98;10,71;10,04
68157;162;SET krmítka + forma MIKADO Method Feeder Aperio L;8,95;1;8,95;3,85;23;1;8,14;25;8,14;8,14;8,14;8,06;7,88;7,70;7,52;7,34;7,16;6,71
68373;162;SET krmítka + forma MIKADO Method Feeder Aperio L;9,50;1;9,50;4,09;23;1;8,65;25;8,65;8,65;8,65;8,55;8,36;8,17;7,98;7,79;7,60;7,13
68195;;Krabička MIKADO Box Baits na nástrahy;3,99;1;3,99;1,73;23;1;3,63;25;3,63;3,63;3,63;3,59;3,51;3,43;3,35;3,27;3,19;2,99
68384;;Krabica MIKADO Deep With Compartments;11,00;1;11,00;5,81;23;1;10,01;25;10,01;10,01;10,01;9,90;9,68;9,46;9,24;9,02;8,80;8,25
68401;163;Prút MIKADO Noctis X Carp;72,80;1;72,80;39,46;23;1;66,25;25;66,25;66,25;66,25;65,52;64,06;62,61;61,15;59,70;58,24;54,60
68402;163;Prút MIKADO Noctis X Carp;79,79;1;79,79;46,34;23;1;72,61;25;72,61;72,61;72,61;71,81;70,22;68,62;67,02;65,43;63,83;59,84
68426;164;Signalizátor MIKADO Eco Carp;11,09;1;11,09;5,12;23;1;10,09;25;10,09;10,09;10,09;9,98;9,76;9,54;9,32;9,09;8,87;8,32
68427;164;Signalizátor MIKADO Eco Carp;11,09;1;11,09;5,12;23;1;10,09;25;10,09;10,09;10,09;9,98;9,76;9,54;9,32;9,09;8,87;8,32
68428;164;Signalizátor MIKADO Eco Carp;11,09;1;11,09;5,12;23;1;10,09;25;10,09;10,09;10,09;9,98;9,76;9,54;9,32;9,09;8,87;8,32
68444;165;Nadväzec MIKADO Method Feeder Rig s gumičkou;3,06;1;3,06;1,38;23;1;2,78;25;2,78;2,78;2,78;2,75;2,69;2,63;2,57;2,51;2,45;2,30
68445;165;Nadväzec MIKADO Method Feeder Rig s gumičkou;2,98;1;2,98;1,38;23;1;2,71;25;2,71;2,71;2,71;2,68;2,62;2,56;2,50;2,44;2,38;2,24
68446;165;Nadväzec MIKADO Method Feeder Rig s gumičkou;3,22;1;3,22;1,50;23;1;2,93;25;2,93;2,93;2,93;2,90;2,83;2,77;2,70;2,64;2,58;2,42
68447;165;Nadväzec MIKADO Method Feeder Rig s gumičkou;3,05;1;3,05;1,56;23;1;2,78;25;2,78;2,78;2,78;2,75;2,68;2,62;2,56;2,50;2,44;2,29
68448;165;Nadväzec MIKADO Method Feeder Rig s gumičkou;2,96;1;2,96;1,52;23;1;2,69;25;2,69;2,69;2,69;2,66;2,60;2,55;2,49;2,43;2,37;2,22
68528;;Vedro MIKADO Method Feeder EVA;22,93;1;22,93;8,33;23;1;20,87;25;20,87;20,87;20,87;20,64;20,18;19,72;19,26;18,80;18,34;17,20
68549;;Držiak MIKADO Grip;2,69;1;2,69;1,03;23;1;2,45;25;2,45;2,45;2,45;2,42;2,37;2,31;2,26;2,21;2,15;2,02
68594;;Kolíky MIKADO Bivvy Pegs Long;13,89;1;13,89;5,27;23;1;12,64;25;12,64;12,64;12,64;12,50;12,22;11,95;11,67;11,39;11,11;10,42
68661;;Navijak MIKADO Silupro 5009 FD;94,99;1;94,99;44,25;23;1;86,44;25;86,44;86,44;86,44;85,49;83,59;81,69;79,79;77,89;75,99;71,24
68701;166;Háčiky MIKADO Sensual Tanago W/Ring;1,39;1;1,39;0,46;23;1;1,26;25;1,26;1,26;1,26;1,25;1,22;1,20;1,17;1,14;1,11;1,04
68702;166;Háčiky MIKADO Sensual Tanago W/Ring;1,39;1;1,39;0,44;23;1;1,26;25;1,26;1,26;1,26;1,25;1,22;1,20;1,17;1,14;1,11;1,04
68726;;Vlasec MIKADO Sensual N.G. Classic 0,26 mm/ 12 kg, 300 m;6,19;1;6,19;2,07;23;1;5,63;25;5,63;5,63;5,63;5,57;5,45;5,32;5,20;5,08;4,95;4,64
68743;167;Nadväzec MIKADO Method Feeder Rig with Spike Barbed Hooks, 8 ks;4,99;1;4,99;1,94;23;1;4,54;25;4,54;4,54;4,54;4,49;4,39;4,29;4,19;4,09;3,99;3,74
68744;167;Nadväzec MIKADO Method Feeder Rig with Spike Barbed Hooks, 8 ks;4,99;1;4,99;1,94;23;1;4,54;25;4,54;4,54;4,54;4,49;4,39;4,29;4,19;4,09;3,99;3,74
68745;167;Nadväzec MIKADO Method Feeder Rig with Spike Barbed Hooks, 8 ks;4,99;1;4,99;1,94;23;1;4,54;25;4,54;4,54;4,54;4,49;4,39;4,29;4,19;4,09;3,99;3,74
68746;167;Nadväzec MIKADO Method Feeder Rig with Spike Barbed Hooks, 8 ks;4,99;1;4,99;1,94;23;1;4,54;25;4,54;4,54;4,54;4,49;4,39;4,29;4,19;4,09;3,99;3,74
68747;167;Nadväzec MIKADO Method Feeder Rig with Spike Barbed Hooks, 8 ks;4,99;1;4,99;1,86;23;1;4,54;25;4,54;4,54;4,54;4,49;4,39;4,29;4,19;4,09;3,99;3,74
69001;;Pelety LK BAITS Pop Up v dipe Sumec Special;9,90;1;9,90;5,00;23;1;9,90;;9,50;9,31;9,11;8,91;8,71;8,51;8,32;8,12;7,92;7,43
69048;168;Boilie LK BAITS Nutrigo Balanc Particle Honey Corn;12,09;1;12,09;6,90;23;1;12,09;;11,61;11,36;11,12;10,88;10,64;10,40;10,16;9,91;9,67;9,07
69052;168;Boilie LK BAITS Nutrigo Balanc Particle Honey Corn;0,00;1;0,00;0,00;;;0,00;0;0,00;0,00;0,00;0,00;0,00;0,00;0,00;0,00;0,00;0,00
69070;;Boilie LK BAITS Nutrigo Wafters Monster Crab & Pepper;6,15;1;6,15;3,30;23;1;6,15;;5,90;5,78;5,66;5,54;5,41;5,29;5,17;5,04;4,92;4,61
69095;;Pelety LK BAITS Pop Up v dipe, Halibut;6,30;1;6,30;3,10;23;1;6,30;;6,05;5,92;5,80;5,67;5,54;5,42;5,29;5,17;5,04;4,73
69135;;Varený partikel LK BAITS Extra Amur, 1 kg;6,30;1;6,30;3,56;23;1;6,30;;6,05;5,92;5,80;5,67;5,54;5,42;5,29;5,17;5,04;4,73
69707;;Puzdro CarpZoom Hanzo EVA 145 cm;25,01;1;25,01;14,88;23;1;25,01;;24,01;23,51;23,01;22,51;22,01;21,51;21,01;20,51;20,01;18,76
69762;;Sada oloviek a hadičiek CARPZOOM Split Shots & Float Sleeves;4,00;1;4,00;2,40;23;1;4,00;;3,84;3,76;3,68;3,60;3,52;3,44;3,36;3,28;3,20;3,00
7025;;Krabička ABM-008;1,29;1;1,29;0,54;23;1;1,17;25;1,17;1,17;1,17;1,16;1,14;1,11;1,08;1,06;1,03;0,97
7229;169;Chemické svetlo ROBINSON;0,44;1;0,44;0,22;23;1;0,44;;0,42;0,41;0,40;0,40;0,39;0,38;0,37;0,36;0,35;0,33
7230;169;Chemické svetlo ROBINSON;0,52;1;0,52;0,25;23;1;0,52;;0,50;0,49;0,48;0,47;0,46;0,45;0,44;0,43;0,42;0,39
7231;169;Chemické svetlo ROBINSON;0,43;1;0,43;0,26;23;1;0,43;;0,41;0,40;0,40;0,39;0,38;0,37;0,36;0,35;0,34;0,32
73479;170;Vobler GUNKI Gamera HW, Fario;8,70;1;8,70;3,98;23;1;8,70;;8,35;8,18;8,00;7,83;7,66;7,48;7,31;7,13;6,96;6,53
73493;170;Vobler GUNKI Gamera HW, Fario;8,70;1;8,70;3,98;23;1;8,70;;8,35;8,18;8,00;7,83;7,66;7,48;7,31;7,13;6,96;6,53
73499;170;Vobler GUNKI Gamera HW, Fario;8,95;1;8,95;4,17;23;1;8,95;;8,59;8,41;8,23;8,06;7,88;7,70;7,52;7,34;7,16;6,71
104071;171;Boilie STARBAITS Grab & Go Global Tutti Frutti;6,67;1;6,67;3,28;23;1;6,67;;6,40;6,27;6,14;6,00;5,87;5,74;5,60;5,47;5,34;5,00
104072;171;Boilie STARBAITS Grab & Go Global Tutti Frutti;16,35;1;16,35;7,82;23;1;16,35;;15,70;15,37;15,04;14,72;14,39;14,06;13,73;13,41;13,08;12,26
73610;171;Boilie STARBAITS Grab & Go Global Tutti Frutti;14,99;1;14,99;7,48;23;1;14,99;;14,39;14,09;13,79;13,49;13,19;12,89;12,59;12,29;11,99;11,24
73628;;Krmivo MONDIAL F Method & Feeder;3,20;1;3,20;1,50;23;1;3,20;;3,07;3,01;2,94;2,88;2,82;2,75;2,69;2,62;2,56;2,40
74173;172;Háčiky STARBAITS Power Hook PTFE Coated Curved Shank;5,60;1;5,60;2,55;23;1;5,60;;5,38;5,26;5,15;5,04;4,93;4,82;4,70;4,59;4,48;4,20
74174;172;Háčiky STARBAITS Power Hook PTFE Coated Curved Shank;5,60;1;5,60;2,70;23;1;5,60;;5,38;5,26;5,15;5,04;4,93;4,82;4,70;4,59;4,48;4,20
74473;;Method mix STARBAITS Method & Stick Mix Hot Demon;15,50;1;15,50;7,28;23;1;15,50;;14,88;14,57;14,26;13,95;13,64;13,33;13,02;12,71;12,40;11,63
74656;;Držiak SENSAS Folding Butt;1,70;1;1,70;0,84;23;1;1,70;;1,63;1,60;1,56;1,53;1,50;1,46;1,43;1,39;1,36;1,28
74715;;Partikel STARBAITS Ready Seeds Hot Demon Tigernuts (tigrí orech);14,50;1;14,50;6,64;23;1;14,50;;13,92;13,63;13,34;13,05;12,76;12,47;12,18;11,89;11,60;10,88
74787;;Podberák GUNKI Epuisette Fast Clip 65x60cm;53,95;1;53,95;25,00;23;1;53,95;;51,79;50,71;49,63;48,56;47,48;46,40;45,32;44,24;43,16;40,46
74869;;Dropper STARBAITS Hold Up Fermented Shrimp, 30 ml;9,95;1;9,95;5,15;23;1;9,95;;9,55;9,35;9,15;8,96;8,76;8,56;8,36;8,16;7,96;7,46
74890;;Boilie STARBAITS Grab & Go Global Pop Up Scopex;3,70;1;3,70;1,88;23;1;3,70;;3,55;3,48;3,40;3,33;3,26;3,18;3,11;3,03;2,96;2,78
74931;;Nástraha GUNKI Boomer 14 g, Fire Tiger M.S;11,40;1;11,40;5,79;23;1;11,40;;10,94;10,72;10,49;10,26;10,03;9,80;9,58;9,35;9,12;8,55
75358;173;Háčik HAYABUSA P1;3,38;1;3,38;2,00;23;1;3,38;;3,24;3,18;3,11;3,04;2,97;2,91;2,84;2,77;2,70;2,54
75360;173;Háčik HAYABUSA P1;3,30;1;3,30;1,86;23;1;3,30;;3,17;3,10;3,04;2,97;2,90;2,84;2,77;2,71;2,64;2,48
75512;174;Zapichovací tŕň MISTRALL s konektorom;1,89;1;1,89;1,02;23;1;1,89;;1,81;1,78;1,74;1,70;1,66;1,63;1,59;1,55;1,51;1,42
75513;174;Zapichovací tŕň MISTRALL s konektorom;1,89;1;1,89;1,02;23;1;1,89;;1,81;1,78;1,74;1,70;1,66;1,63;1,59;1,55;1,51;1,42
75593;;Plandavka MISTRALL Kiro PTA, 3 g;2,60;1;2,60;1,30;23;1;2,60;;2,50;2,44;2,39;2,34;2,29;2,24;2,18;2,13;2,08;1,95
76374;;Dáždnik CARPERS Tanker Umbrella;138,38;1;138,38;69,00;23;1;138,38;;132,84;130,08;127,31;124,54;121,77;119,01;116,24;113,47;110,70;103,79
76481;;Lepiaca páska McNett Tenacious Max Flex Patches;9,50;1;;;23;1;;;9,12;8,93;8,74;8,55;8,36;8,17;7,98;7,79;7,60;7,13
26917;175;Navijaky Okuma Longbow XT Baitfeeder LBXT;64,00;1;64,00;31,96;23;1;64,00;;61,44;60,16;58,88;57,60;56,32;55,04;53,76;52,48;51,20;48,00
26921;175;Navijaky Okuma Longbow XT Baitfeeder LBXT;69,00;1;69,00;36,08;23;1;69,00;;66,24;64,86;63,48;62,10;60,72;59,34;57,96;56,58;55,20;51,75
76525;175;Navijaky Okuma Longbow XT Baitfeeder LBXT;82,00;1;82,00;49,15;23;1;82,00;;78,72;77,08;75,44;73,80;72,16;70,52;68,88;67,24;65,60;61,50
76561;;Naviják OKUMA Surf 8K;109,00;1;109,00;53,96;23;1;109,00;;104,64;102,46;100,28;98,10;95,92;93,74;91,56;89,38;87,20;81,75
76627;176;Rotačka MEPPS Aglia Long Redbo Pack;3,70;1;3,70;2,23;23;1;3,70;;3,55;3,48;3,40;3,33;3,26;3,18;3,11;3,03;2,96;2,78
76628;176;Rotačka MEPPS Aglia Long Redbo Pack;4,19;1;4,19;2,55;23;1;4,19;;4,02;3,94;3,85;3,77;3,69;3,60;3,52;3,44;3,35;3,14
76629;176;Rotačka MEPPS Aglia Long Redbo Pack;5,74;1;5,74;3,40;23;1;5,74;;5,51;5,40;5,28;5,17;5,05;4,94;4,82;4,71;4,59;4,31
76643;177;Ponožky ESOX EFT;7,90;1;7,90;4,71;23;1;7,90;;7,58;7,43;7,27;7,11;6,95;6,79;6,64;6,48;6,32;5,93
76644;177;Ponožky ESOX EFT;7,90;1;7,90;5,88;23;1;7,90;;7,58;7,43;7,27;7,11;6,95;6,79;6,64;6,48;6,32;5,93
76683;;Navijak OKUMA Inception INC 8000;84,89;1;84,89;51,61;23;1;84,89;;81,49;79,80;78,10;76,40;74,70;73,01;71,31;69,61;67,91;63,67
76718;;Náhradná cievka pre navijak TICA GG 100;10,90;1;10,90;8,15;23;1;10,90;;10,46;10,25;10,03;9,81;9,59;9,37;9,16;8,94;8,72;8,18
76755;;Rotačka MEPPS Black Fury;3,70;1;3,70;1,86;23;1;3,70;;3,55;3,48;3,40;3,33;3,26;3,18;3,11;3,03;2,96;2,78
77086;178;Naviják DAIWA Prorex X LT;82,00;1;82,00;36,89;23;1;82,00;;78,72;77,08;75,44;73,80;72,16;70,52;68,88;67,24;65,60;61,50
77087;178;Naviják DAIWA Prorex X LT;86,10;1;86,10;38,75;23;1;86,10;;82,66;80,93;79,21;77,49;75,77;74,05;72,32;70,60;68,88;64,58
77221;;Navijak DAIWA Emblem 45 SCW QD OT;193,72;1;193,72;105,30;23;1;193,72;;185,97;182,10;178,22;174,35;170,47;166,60;162,72;158,85;154,98;145,29
77302;;SET = Naviják DAIWA RX LT 1000 + šatka MIKADO;46,12;1;46,12;18,29;23;1;46,12;;44,28;43,35;42,43;41,51;40,59;39,66;38,74;37,82;36,90;34,59
77358;179;udica DAIWA Emblem Carp 3,90m, 3,5lb;143,00;1;;;23;1;;;137,28;134,42;131,56;128,70;125,84;122,98;120,12;117,26;114,40;107,25
77359;179;udica DAIWA Emblem Carp 3,90m, 3,5lb;143,00;1;;;23;1;;;137,28;134,42;131,56;128,70;125,84;122,98;120,12;117,26;114,40;107,25
77488;;Navijak DAIWA N‘ZON Distance 25;92,15;1;92,15;64,71;23;1;92,15;;88,46;86,62;84,78;82,94;81,09;79,25;77,41;75,56;73,72;69,11
77644;180;Prút DAIWA Crossfire Jiggerspin;63,55;1;63,55;30,75;23;1;63,55;;61,01;59,74;58,47;57,20;55,92;54,65;53,38;52,11;50,84;47,66
77645;180;Prút DAIWA Crossfire Jiggerspin;66,63;1;66,63;33,00;23;1;66,63;;63,96;62,63;61,30;59,97;58,63;57,30;55,97;54,64;53,30;49,97
77666;181;Navijak DAIWA 23 Lexa LT;184,50;1;184,50;99,90;23;1;184,50;;177,12;173,43;169,74;166,05;162,36;158,67;154,98;151,29;147,60;138,38
77667;181;Navijak DAIWA 23 Lexa LT;184,50;1;184,50;99,90;23;1;184,50;;177,12;173,43;169,74;166,05;162,36;158,67;154,98;151,29;147,60;138,38
77668;181;Navijak DAIWA 23 Lexa LT;197,82;1;197,82;107,10;23;1;197,82;;189,91;185,95;181,99;178,04;174,08;170,13;166,17;162,21;158,26;148,37
77669;181;Navijak DAIWA 23 Lexa LT;197,82;1;197,82;107,10;23;1;197,82;;189,91;185,95;181,99;178,04;174,08;170,13;166,17;162,21;158,26;148,37
77670;181;Navijak DAIWA 23 Lexa LT;193,00;1;193,00;;23;1;193,00;;185,28;181,42;177,56;173,70;169,84;165,98;162,12;158,26;154,40;144,75
77671;181;Navijak DAIWA 23 Lexa LT;197,82;1;197,82;107,10;23;1;197,82;;189,91;185,95;181,99;178,04;174,08;170,13;166,17;162,21;158,26;148,37
77672;181;Navijak DAIWA 23 Lexa LT;208,08;1;208,08;112,50;23;1;208,08;;199,76;195,60;191,43;187,27;183,11;178,95;174,79;170,63;166,46;156,06
77673;181;Navijak DAIWA 23 Lexa LT;208,08;1;208,08;112,50;23;1;208,08;;199,76;195,60;191,43;187,27;183,11;178,95;174,79;170,63;166,46;156,06
77674;181;Navijak DAIWA 23 Lexa LT;214,23;1;214,23;116,10;23;1;214,23;;205,66;201,38;197,09;192,81;188,52;184,24;179,95;175,67;171,38;160,67
77722;;Navijak DAIWA 23 Emblem Surf 45 SCW QD;230,62;1;230,62;125,10;23;1;230,62;;221,40;216,78;212,17;207,56;202,95;198,33;193,72;189,11;184,50;172,97
77862;182;Prút DAIWA Ballistic X Spin;156,00;1;156,00;81,00;23;1;156,00;;149,76;146,64;143,52;140,40;137,28;134,16;131,04;127,92;124,80;117,00
77863;182;Prút DAIWA Ballistic X Spin;158,01;1;158,01;82,50;23;1;158,01;;151,69;148,53;145,37;142,21;139,05;135,89;132,73;129,57;126,41;118,51
77880;183;Prút DAIWA Ninja X-Compact Spin;105,01;1;105,01;44,02;23;1;105,01;;100,81;98,71;96,61;94,51;92,41;90,31;88,21;86,11;84,01;78,76
77881;183;Prút DAIWA Ninja X-Compact Spin;116,00;1;116,00;48,36;23;1;116,00;;111,36;109,04;106,72;104,40;102,08;99,76;97,44;95,12;92,80;87,00
79022;;Magnetický háčik NGT Bivvy & Brolly Hooks, 2 ks;7,79;1;7,79;3,70;23;1;7,79;;7,48;7,32;7,17;7,01;6,86;6,70;6,54;6,39;6,23;5,84
7906-10;184;Obratlík s karabínkou ROBINSON;1,49;1;1,49;0,90;23;1;1,49;;1,43;1,40;1,37;1,34;1,31;1,28;1,25;1,22;1,19;1,12
7906-12;184;Obratlík s karabínkou ROBINSON;1,49;1;1,49;0,79;23;1;1,49;;1,43;1,40;1,37;1,34;1,31;1,28;1,25;1,22;1,19;1,12
7906-14;184;Obratlík s karabínkou ROBINSON;1,39;1;1,39;0,86;23;1;1,39;;1,33;1,31;1,28;1,25;1,22;1,20;1,17;1,14;1,11;1,04
7906-6;184;Obratlík s karabínkou ROBINSON;1,59;1;1,59;0,79;23;1;1,59;;1,53;1,49;1,46;1,43;1,40;1,37;1,34;1,30;1,27;1,19
7906-8;184;Obratlík s karabínkou ROBINSON;1,50;1;1,50;0,79;23;1;1,50;;1,44;1,41;1,38;1,35;1,32;1,29;1,26;1,23;1,20;1,13
79144;;Stoper EXTRA CARP Boilie Stops;1,17;1;1,17;0,51;23;1;1,17;;1,12;1,10;1,08;1,05;1,03;1,01;0,98;0,96;0,94;0,88
79173;;Sada swingrov ZFISH Enigma, 3 ks;41,09;1;41,09;19,39;23;1;41,09;;39,45;38,62;37,80;36,98;36,16;35,34;34,52;33,69;32,87;30,82
79209;;Navijak ZFISH Sygna Black 9000;81,50;1;81,50;35,76;23;1;81,50;;78,24;76,61;74,98;73,35;71,72;70,09;68,46;66,83;65,20;61,13
79269;;Vážiaci sak ZFISH Select Weight Sling;28,30;1;28,30;13,44;23;1;28,30;;27,17;26,60;26,04;25,47;24,90;24,34;23,77;23,21;22,64;21,23
79285;185;Chytacie pelety ZFISH Premium Halibut, 8 mm;3,51;1;3,51;1,36;23;1;3,51;;3,37;3,30;3,23;3,16;3,09;3,02;2,95;2,88;2,81;2,63
79286;185;Chytacie pelety ZFISH Premium Halibut, 8 mm;3,60;1;3,60;1,33;23;1;3,60;;3,46;3,38;3,31;3,24;3,17;3,10;3,02;2,95;2,88;2,70
79301;;Montáž FILFISHING Filex Feeder System, 6 ks;1,57;1;1,57;0,63;23;1;1,57;;1,51;1,48;1,44;1,41;1,38;1,35;1,32;1,29;1,26;1,18
79321;;Podložka ZFISH Carp Cradle Select;61,70;1;61,70;30,85;23;1;61,70;;59,23;58,00;56,76;55,53;54,30;53,06;51,83;50,59;49,36;46,28
79353;;Peračník ZFISH Smartbox ZFR;14,14;1;14,14;6,81;23;1;14,14;;13,57;13,29;13,01;12,73;12,44;12,16;11,88;11,59;11,31;10,61
79371;;Vedro ZFISH Z-Core Bucket, 17 litrov;10,25;1;10,25;4,50;23;1;10,25;;9,84;9,64;9,43;9,23;9,02;8,82;8,61;8,41;8,20;7,69
79403;;Nadväzec ZFISH Ronnie Rig Boom 18 cm, 30 lb;4,10;1;4,10;1,72;23;1;4,10;;3,94;3,85;3,77;3,69;3,61;3,53;3,44;3,36;3,28;3,08
80800;186;Nadväzcová šnúra VAGNER Hook Leader Camo Multicolor, 25 m;12,46;1;12,46;7,70;23;1;12,46;;11,96;11,71;11,46;11,21;10,96;10,72;10,47;10,22;9,97;9,35
80801;186;Nadväzcová šnúra VAGNER Hook Leader Camo Multicolor, 25 m;12,46;1;12,46;7,70;23;1;12,46;;11,96;11,71;11,46;11,21;10,96;10,72;10,47;10,22;9,97;9,35
80802;186;Nadväzcová šnúra VAGNER Hook Leader Camo Multicolor, 25 m;11,99;1;11,99;8,08;23;1;11,99;;11,51;11,27;11,03;10,79;10,55;10,31;10,07;9,83;9,59;8,99
80849;;Trojobratlíky VAGNER;7,04;1;7,04;3,75;23;1;7,04;;6,76;6,62;6,48;6,34;6,20;6,05;5,91;5,77;5,63;5,28
81043;;Naviják FOX Eos 12000;158,87;1;158,87;80,08;23;1;158,87;;152,52;149,34;146,16;142,98;139,81;136,63;133,45;130,27;127,10;119,15
81192;187;Raketa FOX Impact Spod;16,99;1;16,99;8,24;23;1;16,99;;16,31;15,97;15,63;15,29;14,95;14,61;14,27;13,93;13,59;12,74
81193;187;Raketa FOX Impact Spod;18,49;1;18,49;8,97;23;1;18,49;;17,75;17,38;17,01;16,64;16,27;15,90;15,53;15,16;14,79;13,87
81379;188;Kobra FOX Rangemaster Plastic Throwning Sticks;22,53;1;22,53;11,36;23;1;22,53;;21,63;21,18;20,73;20,28;19,83;19,38;18,93;18,47;18,02;16,90
81380;188;Kobra FOX Rangemaster Plastic Throwning Sticks;21,99;1;21,99;11,85;23;1;21,99;;21,11;20,67;20,23;19,79;19,35;18,91;18,47;18,03;17,59;16,49
82451;;Set 2 signalizátorov FOX Micron MX 2 Rod Set s príposluchom;269,98;1;269,98;145,49;23;1;269,98;;259,18;253,78;248,38;242,98;237,58;232,18;226,78;221,38;215,98;202,49
82610;;Powerbanka FOX Halo 48k Power Pack;199,99;1;199,99;102,38;23;1;199,99;;191,99;187,99;183,99;179,99;175,99;171,99;167,99;163,99;159,99;149,99
82710;189;Nástraha FOX Rage Slick Shad 7cm;1,00;1;1,00;0,36;23;1;1,00;;0,96;0,94;0,92;0,90;0,88;0,86;0,84;0,82;0,80;0,75
82711;189;Nástraha FOX Rage Slick Shad 7cm;0,82;1;0,82;0,36;23;1;0,82;;0,79;0,77;0,75;0,74;0,72;0,71;0,69;0,67;0,66;0,62
83037;189;Nástraha FOX Rage Slick Shad 7cm;0,82;1;0,82;0,36;23;1;0,82;;0,79;0,77;0,75;0,74;0,72;0,71;0,69;0,67;0,66;0,62
83038;189;Nástraha FOX Rage Slick Shad 7cm;0,82;1;0,82;0,36;23;1;0,82;;0,79;0,77;0,75;0,74;0,72;0,71;0,69;0,67;0,66;0,62
83045;189;Nástraha FOX Rage Slick Shad 7cm;0,82;1;0,82;0,36;23;1;0,82;;0,79;0,77;0,75;0,74;0,72;0,71;0,69;0,67;0,66;0,62
83086;189;Nástraha FOX Rage Slick Shad 7cm;1,00;1;1,00;0,36;23;1;1,00;;0,96;0,94;0,92;0,90;0,88;0,86;0,84;0,82;0,80;0,75
83087;189;Nástraha FOX Rage Slick Shad 7cm;1,00;1;1,00;0,36;23;1;1,00;;0,96;0,94;0,92;0,90;0,88;0,86;0,84;0,82;0,80;0,75
83472;189;Nástraha FOX Rage Slick Shad 7cm;1,00;1;1,00;0,36;23;1;1,00;;0,96;0,94;0,92;0,90;0,88;0,86;0,84;0,82;0,80;0,75
83479;189;Nástraha FOX Rage Slick Shad 7cm;1,00;1;1,00;0,36;23;1;1,00;;0,96;0,94;0,92;0,90;0,88;0,86;0,84;0,82;0,80;0,75
83480;189;Nástraha FOX Rage Slick Shad 7cm;1,00;1;1,00;0,45;23;1;1,00;;0,96;0,94;0,92;0,90;0,88;0,86;0,84;0,82;0,80;0,75
82802;190;Kopyto FOX Rage Zander Pro 14cm;1,93;1;1,93;0,85;23;1;1,93;;1,85;1,81;1,78;1,74;1,70;1,66;1,62;1,58;1,54;1,45
82803;190;Kopyto FOX Rage Zander Pro 14cm;2,00;1;2,00;0,90;23;1;2,00;;1,92;1,88;1,84;1,80;1,76;1,72;1,68;1,64;1,60;1,50
8314;;Stoper RHINO Black Cat Rubber Shock beads;1,69;1;1,69;0,77;23;1;1,69;;1,62;1,59;1,55;1,52;1,49;1,45;1,42;1,39;1,35;1,27
83273;191;Háčiky FOX Edges Curve Short Micro Barbed;4,29;1;4,29;1,94;23;1;4,29;;4,12;4,03;3,95;3,86;3,78;3,69;3,60;3,52;3,43;3,22
83384;191;Háčiky FOX Edges Curve Short Micro Barbed;4,29;1;4,29;1,94;23;1;4,29;;4,12;4,03;3,95;3,86;3,78;3,69;3,60;3,52;3,43;3,22
83344;;Vobler SALMO Butcher Sinking, 5 cm, 7 g;9,99;1;9,99;4,03;23;1;9,99;;9,59;9,39;9,19;8,99;8,79;8,59;8,39;8,19;7,99;7,49
83420;192;Nadväzec FOX Wide Gape Camotex Semi Stiff;5,99;1;5,99;2,91;23;1;5,99;;5,75;5,63;5,51;5,39;5,27;5,15;5,03;4,91;4,79;4,49
83421;192;Nadväzec FOX Wide Gape Camotex Semi Stiff;5,99;1;5,99;3,04;23;1;5,99;;5,75;5,63;5,51;5,39;5,27;5,15;5,03;4,91;4,79;4,49
83422;192;Nadväzec FOX Wide Gape Camotex Semi Stiff;5,99;1;5,99;2,91;23;1;5,99;;5,75;5,63;5,51;5,39;5,27;5,15;5,03;4,91;4,79;4,49
83449;193;Kopyto FOX Rage Zander Pro Shads Ultra UV;1,21;1;1,21;0,50;23;1;1,21;;1,16;1,14;1,11;1,09;1,06;1,04;1,02;0,99;0,97;0,91
83450;193;Kopyto FOX Rage Zander Pro Shads Ultra UV;1,00;1;1,00;0,43;23;1;1,00;;0,96;0,94;0,92;0,90;0,88;0,86;0,84;0,82;0,80;0,75
83465;193;Kopyto FOX Rage Zander Pro Shads Ultra UV;1,21;1;1,21;0,55;23;1;1,21;;1,16;1,14;1,11;1,09;1,06;1,04;1,02;0,99;0,97;0,91
83473;193;Kopyto FOX Rage Zander Pro Shads Ultra UV;1,21;1;1,21;0,54;23;1;1,21;;1,16;1,14;1,11;1,09;1,06;1,04;1,02;0,99;0,97;0,91
83482;193;Kopyto FOX Rage Zander Pro Shads Ultra UV;2,00;1;2,00;0,86;23;1;2,00;;1,92;1,88;1,84;1,80;1,76;1,72;1,68;1,64;1,60;1,50
83483;193;Kopyto FOX Rage Zander Pro Shads Ultra UV;2,00;1;2,00;0,90;23;1;2,00;;1,92;1,88;1,84;1,80;1,76;1,72;1,68;1,64;1,60;1,50
83484;193;Kopyto FOX Rage Zander Pro Shads Ultra UV;1,60;1;1,60;0,67;23;1;1,60;;1,54;1,50;1,47;1,44;1,41;1,38;1,34;1,31;1,28;1,20
83521;194;Nástraha FOX Slick Finesse, UV Young Perch;1,40;1;1,40;0,54;23;1;1,40;;1,34;1,32;1,29;1,26;1,23;1,20;1,18;1,15;1,12;1,05
83524;194;Nástraha FOX Slick Finesse, UV Young Perch;1,80;1;1,80;0,72;23;1;1,80;;1,73;1,69;1,66;1,62;1,58;1,55;1,51;1,48;1,44;1,35
83527;194;Nástraha FOX Slick Finesse, UV Young Perch;2,20;1;2,20;0,88;23;1;2,20;;2,11;2,07;2,02;1,98;1,94;1,89;1,85;1,80;1,76;1,65
83530;194;Nástraha FOX Slick Finesse, UV Young Perch;3,20;1;3,20;1,26;23;1;3,20;;3,07;3,01;2,94;2,88;2,82;2,75;2,69;2,62;2,56;2,40
83535;195;Nástraha FOX Rage Zander Pro Shads Ultra UV, Red Belly Roller;1,00;1;1,00;0,40;23;1;1,00;;0,96;0,94;0,92;0,90;0,88;0,86;0,84;0,82;0,80;0,75
83538;195;Nástraha FOX Rage Zander Pro Shads Ultra UV, Red Belly Roller;1,21;1;1,21;0,54;23;1;1,21;;1,16;1,14;1,11;1,09;1,06;1,04;1,02;0,99;0,97;0,91
83541;195;Nástraha FOX Rage Zander Pro Shads Ultra UV, Red Belly Roller;1,60;1;1,60;0,72;23;1;1,60;;1,54;1,50;1,47;1,44;1,41;1,38;1,34;1,31;1,28;1,20
83583;;Krimpovacie kliešte FOX Edges Crimp Pliers;11,99;1;11,99;5,82;23;1;11,99;;11,51;11,27;11,03;10,79;10,55;10,31;10,07;9,83;9,59;8,99
83609;;Krabička FOX Edges Internal 6 Compartment Box;8,49;1;8,49;3,95;23;1;8,49;;8,15;7,98;7,81;7,64;7,47;7,30;7,13;6,96;6,79;6,37
83682;196;Mikina FOX Collection Lightweight Hoodie Green Black;39,99;1;39,99;20,66;23;1;39,99;;38,39;37,59;36,79;35,99;35,19;34,39;33,59;32,79;31,99;29,99
83683;196;Mikina FOX Collection Lightweight Hoodie Green Black;39,99;1;39,99;21,55;23;1;39,99;;38,39;37,59;36,79;35,99;35,19;34,39;33,59;32,79;31,99;29,99
83710;;Olovená šnúra FOX Naturals Leadcore;9,99;1;9,99;4,85;23;1;9,99;;9,59;9,39;9,19;8,99;8,79;8,59;8,39;8,19;7,99;7,49
83730;197;Papuče FOX Bivvy Slippers;36,99;1;36,99;18,08;23;1;36,99;;35,51;34,77;34,03;33,29;32,55;31,81;31,07;30,33;29,59;27,74
83737;197;Papuče FOX Bivvy Slippers;36,99;1;36,99;19,93;23;1;36,99;;35,51;34,77;34,03;33,29;32,55;31,81;31,07;30,33;29,59;27,74
83747;198;Mikina FOX Collection LW Zip Hoody;39,99;1;39,99;20,66;23;1;39,99;;38,39;37,59;36,79;35,99;35,19;34,39;33,59;32,79;31,99;29,99
83748;198;Mikina FOX Collection LW Zip Hoody;39,99;1;39,99;20,66;23;1;39,99;;38,39;37,59;36,79;35,99;35,19;34,39;33,59;32,79;31,99;29,99
83749;198;Mikina FOX Collection LW Zip Hoody;39,99;1;39,99;20,66;23;1;39,99;;38,39;37,59;36,79;35,99;35,19;34,39;33,59;32,79;31,99;29,99
83750;198;Mikina FOX Collection LW Zip Hoody;39,99;1;39,99;20,66;23;1;39,99;;38,39;37,59;36,79;35,99;35,19;34,39;33,59;32,79;31,99;29,99
8375M;199;Twister RELAX;0,26;1;0,26;0,16;23;1;0,26;;0,25;0,24;0,24;0,23;0,23;0,22;0,22;0,21;0,21;0,20
8375S;199;Twister RELAX;0,11;1;0,11;0,05;23;1;0,11;;0,11;0,10;0,10;0,10;0,10;0,09;0,09;0,09;0,09;0,08
83774;;Nákrčník FOX Rage Light Grey Snood;8,00;1;8,00;3,20;23;1;8,00;;7,68;7,52;7,36;7,20;7,04;6,88;6,72;6,56;6,40;6,00
83779;;Vobler SALMO Slick Stick Floating Supernatural Gobie;11,99;1;11,99;5,40;23;1;11,99;;11,51;11,27;11,03;10,79;10,55;10,31;10,07;9,83;9,59;8,99
8378H;200;Twister RELAX;0,16;1;0,16;0,10;23;1;0,16;;0,15;0,15;0,15;0,14;0,14;0,14;0,13;0,13;0,13;0,12
8378J;200;Twister RELAX;0,16;1;0,16;0,08;23;1;0,16;;0,15;0,15;0,15;0,14;0,14;0,14;0,13;0,13;0,13;0,12
8378K;200;Twister RELAX;0,26;1;0,26;0,16;23;1;0,26;;0,25;0,24;0,24;0,23;0,23;0,22;0,22;0,21;0,21;0,20
8378N;200;Twister RELAX;0,16;1;0,16;0,07;23;1;0,16;;0,15;0,15;0,15;0,14;0,14;0,14;0,13;0,13;0,13;0,12
83790;;Vodotesný batoh FOX Rage Pro Series Waterproof Rucksack;95,99;1;95,99;42,66;23;1;95,99;;92,15;90,23;88,31;86,39;84,47;82,55;80,63;78,71;76,79;71,99
83834;201;Bunda FOX Explorer Downfill Packaway Jacket;109,99;1;109,99;59,28;23;1;109,99;;105,59;103,39;101,19;98,99;96,79;94,59;92,39;90,19;87,99;82,49
83835;201;Bunda FOX Explorer Downfill Packaway Jacket;109,99;1;109,99;59,28;23;1;109,99;;105,59;103,39;101,19;98,99;96,79;94,59;92,39;90,19;87,99;82,49
83836;201;Bunda FOX Explorer Downfill Packaway Jacket;109,99;1;109,99;59,28;23;1;109,99;;105,59;103,39;101,19;98,99;96,79;94,59;92,39;90,19;87,99;82,49
83880;202;Mikina FOX LW Khaki Camo Split Zip Hoody;39,99;1;39,99;21,55;23;1;39,99;;38,39;37,59;36,79;35,99;35,19;34,39;33,59;32,79;31,99;29,99
83881;202;Mikina FOX LW Khaki Camo Split Zip Hoody;39,99;1;39,99;21,55;23;1;39,99;;38,39;37,59;36,79;35,99;35,19;34,39;33,59;32,79;31,99;29,99
83882;202;Mikina FOX LW Khaki Camo Split Zip Hoody;39,99;1;39,99;21,55;23;1;39,99;;38,39;37,59;36,79;35,99;35,19;34,39;33,59;32,79;31,99;29,99
83883;202;Mikina FOX LW Khaki Camo Split Zip Hoody;39,99;1;39,99;21,55;23;1;39,99;;38,39;37,59;36,79;35,99;35,19;34,39;33,59;32,79;31,99;29,99
83884;202;Mikina FOX LW Khaki Camo Split Zip Hoody;39,99;1;39,99;21,55;23;1;39,99;;38,39;37,59;36,79;35,99;35,19;34,39;33,59;32,79;31,99;29,99
83885;202;Mikina FOX LW Khaki Camo Split Zip Hoody;39,99;1;39,99;21,55;23;1;39,99;;38,39;37,59;36,79;35,99;35,19;34,39;33,59;32,79;31,99;29,99
85212;;Penový zásobník SMITH CREEK Middle Fork Fly Patch na mušky;30,65;1;30,65;14,80;23;1;30,65;;29,42;28,81;28,20;27,59;26,97;26,36;25,75;25,13;24,52;22,99
85769;203;Rukavice SIMMS Sflex SunGlove Cloud Camo Blue;44,28;1;;;23;1;;;42,51;41,62;40,74;39,85;38,97;38,08;37,20;36,31;35,42;33,21
87384;;Stojan PROLOGIC Tri Sky Pod 3 Rod;152,73;1;152,73;74,37;23;1;152,73;;146,62;143,57;140,51;137,46;134,40;131,35;128,29;125,24;122,18;114,55
87491;204;Karabínky SAVAGE GEAR Needle Eggsnaps;2,35;1;2,35;1,11;23;1;2,35;;2,26;2,21;2,16;2,12;2,07;2,02;1,97;1,93;1,88;1,76
87492;204;Karabínky SAVAGE GEAR Needle Eggsnaps;2,35;1;2,35;1,07;23;1;2,35;;2,26;2,21;2,16;2,12;2,07;2,02;1,97;1,93;1,88;1,76
87512;204;Karabínky SAVAGE GEAR Needle Eggsnaps;2,55;1;2,55;1,21;23;1;2,55;;2,45;2,40;2,35;2,30;2,24;2,19;2,14;2,09;2,04;1,91
87874;;Naviják OKUMA AK Baitfeeder;36,89;1;36,89;18,60;23;1;36,89;;35,41;34,68;33,94;33,20;32,46;31,73;30,99;30,25;29,51;27,67
88166;;SET = 4x vobler DAM Crank Pack Inc. Box 3-5 cm;10,98;1;10,98;4,82;23;1;10,98;;10,54;10,32;10,10;9,88;9,66;9,44;9,22;9,00;8,78;8,24
88269;;Krúžky MADCAT Solid Rings;5,62;1;5,62;2,55;23;1;5,62;;5,40;5,28;5,17;5,06;4,95;4,83;4,72;4,61;4,50;4,22
88439;;Sada nástrah SAVAGE GEAR Craft Shad, Mix do kalnej vody;8,00;1;8,00;3,67;23;1;8,00;;7,68;7,52;7,36;7,20;7,04;6,88;6,72;6,56;6,40;6,00
88478;205;Sada voblerov DAM Minnow;10,70;1;10,70;5,52;23;1;10,70;;10,27;10,06;9,84;9,63;9,42;9,20;8,99;8,77;8,56;8,03
88479;205;Sada voblerov DAM Minnow;10,21;1;10,21;5,05;23;1;10,21;;9,80;9,60;9,39;9,19;8,98;8,78;8,58;8,37;8,17;7,66
88521;;Navijak DAM Quick 2, 8000 SLS;91,23;1;91,23;43,05;23;1;91,23;;87,58;85,76;83,93;82,11;80,28;78,46;76,63;74,81;72,98;68,42
88595;206;Nadväzec DAM Tactix Rig Anti-Snag;2,76;1;2,76;1,21;23;1;2,76;;2,65;2,59;2,54;2,48;2,43;2,37;2,32;2,26;2,21;2,07
88596;206;Nadväzec DAM Tactix Rig Anti-Snag;2,76;1;2,76;1,21;23;1;2,76;;2,65;2,59;2,54;2,48;2,43;2,37;2,32;2,26;2,21;2,07
88598;206;Nadväzec DAM Tactix Rig Anti-Snag;2,76;1;2,76;1,28;23;1;2,76;;2,65;2,59;2,54;2,48;2,43;2,37;2,32;2,26;2,21;2,07
88738;;Navijak DAM Quick Darkside 4 Spod 7000S FD;66,63;1;66,63;31,57;23;1;66,63;;63,96;62,63;61,30;59,97;58,63;57,30;55,97;54,64;53,30;49,97
88811;;Navijak DAM Runshift 3 FS;30,50;1;30,50;14,57;23;1;30,50;;29,28;28,67;28,06;27,45;26,84;26,23;25,62;25,01;24,40;22,88
88969;;Nožnice SAVAGE GEAR Magic Folding Scissor;8,09;1;8,09;3,65;23;1;8,09;;7,77;7,60;7,44;7,28;7,12;6,96;6,80;6,63;6,47;6,07
89130;207;Nadväzec DELPHIN FLR Loop;4,10;1;4,10;2,09;23;1;3,49;25;3,49;3,49;3,49;3,49;3,49;3,49;3,44;3,36;3,28;3,08
92231;207;Nadväzec DELPHIN FLR Loop;4,10;1;4,10;2,09;23;1;3,49;25;3,49;3,49;3,49;3,49;3,49;3,49;3,44;3,36;3,28;3,08
92232;207;Nadväzec DELPHIN FLR Loop;4,10;1;4,10;2,09;23;1;3,49;25;3,49;3,49;3,49;3,49;3,49;3,49;3,44;3,36;3,28;3,08
89352;;Podložka DELPHIN Duomat s okrajmi;32,95;1;32,95;19,38;23;1;28,01;25;28,01;28,01;28,01;28,01;28,01;28,01;27,68;27,02;26,36;24,71
89424;;Stojan DELPHIN Craber Maxi;84,96;1;84,96;46,83;23;1;72,22;25;72,22;72,22;72,22;72,22;72,22;72,22;71,37;69,67;67,97;63,72
89500;208;Naviják DELPHIN Inox;106,95;1;106,95;60,55;23;1;90,91;25;90,91;90,91;90,91;90,91;90,91;90,91;89,84;87,70;85,56;80,21
89501;208;Naviják DELPHIN Inox;112,95;1;112,95;64,10;23;1;96,01;25;96,01;96,01;96,01;96,01;96,01;96,01;94,88;92,62;90,36;84,71
89533;;Tubus DELPHIN Feeder na špičky;4,10;1;4,10;2,09;23;1;3,49;25;3,49;3,49;3,49;3,49;3,49;3,49;3,44;3,36;3,28;3,08
89583;209;Nadväzec DELPHIN Proxi 8 Sting B-Less;5,50;1;5,50;2,67;23;1;4,68;25;4,68;4,68;4,68;4,68;4,68;4,68;4,62;4,51;4,40;4,13
89584;209;Nadväzec DELPHIN Proxi 8 Sting B-Less;5,50;1;5,50;2,67;23;1;4,68;25;4,68;4,68;4,68;4,68;4,68;4,68;4,62;4,51;4,40;4,13
92090;209;Nadväzec DELPHIN Proxi 8 Sting B-Less;5,50;1;5,50;2,63;23;1;4,68;25;4,68;4,68;4,68;4,68;4,68;4,68;4,62;4,51;4,40;4,13
92091;209;Nadväzec DELPHIN Proxi 8 Sting B-Less;5,50;1;5,50;2,63;23;1;4,68;25;4,68;4,68;4,68;4,68;4,68;4,68;4,62;4,51;4,40;4,13
92237;209;Nadväzec DELPHIN Proxi 8 Sting B-Less;5,50;1;5,50;2,67;23;1;4,68;25;4,68;4,68;4,68;4,68;4,68;4,68;4,62;4,51;4,40;4,13
92238;209;Nadväzec DELPHIN Proxi 8 Sting B-Less;5,50;1;5,50;2,67;23;1;4,68;25;4,68;4,68;4,68;4,68;4,68;4,68;4,62;4,51;4,40;4,13
92239;209;Nadväzec DELPHIN Proxi 8 Sting B-Less;5,50;1;5,50;2,67;23;1;4,68;25;4,68;4,68;4,68;4,68;4,68;4,68;4,62;4,51;4,40;4,13
92240;209;Nadväzec DELPHIN Proxi 8 Sting B-Less;5,50;1;5,50;2,67;23;1;4,68;25;4,68;4,68;4,68;4,68;4,68;4,68;4,62;4,51;4,40;4,13
89615;210;Vlasec DELPHIN Mamba Feeder;7,95;1;7,95;3,95;23;1;6,76;25;6,76;6,76;6,76;6,76;6,76;6,76;6,68;6,52;6,36;5,96
89622;210;Vlasec DELPHIN Mamba Feeder;9,50;1;9,50;4,70;23;1;8,08;25;8,08;8,08;8,08;8,08;8,08;8,08;7,98;7,79;7,60;7,13
89623;210;Vlasec DELPHIN Mamba Feeder;9,50;1;9,50;4,98;23;1;8,08;25;8,08;8,08;8,08;8,08;8,08;8,08;7,98;7,79;7,60;7,13
89624;210;Vlasec DELPHIN Mamba Feeder;9,50;1;9,50;4,70;23;1;8,08;25;8,08;8,08;8,08;8,08;8,08;8,08;7,98;7,79;7,60;7,13
89625;210;Vlasec DELPHIN Mamba Feeder;9,50;1;9,50;4,98;23;1;8,08;25;8,08;8,08;8,08;8,08;8,08;8,08;7,98;7,79;7,60;7,13
89876;211;Krmítko DELPHIN Magma Round XXL;1,70;1;1,70;0,87;23;1;1,45;25;1,45;1,45;1,45;1,45;1,45;1,45;1,43;1,39;1,36;1,28
89877;211;Krmítko DELPHIN Magma Round XXL;1,80;1;1,80;0,91;23;1;1,53;25;1,53;1,53;1,53;1,53;1,53;1,53;1,51;1,48;1,44;1,35
89931;;Vôňa DELPHIN Catch & Release New Car;2,00;1;2,00;0,92;23;1;1,70;25;1,70;1,70;1,70;1,70;1,70;1,70;1,68;1,64;1,60;1,50
90077;;Set ihiel a vrtáku DELPHIN Slim;7,95;1;7,95;3,58;23;1;6,76;25;6,76;6,76;6,76;6,76;6,76;6,76;6,68;6,52;6,36;5,96
90107;212;Nástraha DELPHIN D Snax Pop Cesnak - Butyric;4,70;1;4,70;2,37;23;1;4,00;25;4,00;4,00;4,00;4,00;4,00;4,00;3,95;3,85;3,76;3,53
90108;212;Nástraha DELPHIN D Snax Pop Cesnak - Butyric;4,70;1;4,70;2,48;23;1;4,00;25;4,00;4,00;4,00;4,00;4,00;4,00;3,95;3,85;3,76;3,53
91472;212;Nástraha DELPHIN D Snax Pop Cesnak - Butyric;4,70;1;4,70;2,37;23;1;4,00;25;4,00;4,00;4,00;4,00;4,00;4,00;3,95;3,85;3,76;3,53
91473;212;Nástraha DELPHIN D Snax Pop Cesnak - Butyric;4,70;1;4,70;2,48;23;1;4,00;25;4,00;4,00;4,00;4,00;4,00;4,00;3,95;3,85;3,76;3,53
90146;213;Háčiky DELPHIN Thorn Shanker 11x;4,94;1;4,94;2,15;23;1;4,20;25;4,20;4,20;4,20;4,20;4,20;4,20;4,15;4,05;3,95;3,71
90147;213;Háčiky DELPHIN Thorn Shanker 11x;4,94;1;4,94;2,15;23;1;4,20;25;4,20;4,20;4,20;4,20;4,20;4,20;4,15;4,05;3,95;3,71
90148;213;Háčiky DELPHIN Thorn Shanker 11x;4,94;1;4,94;2,08;23;1;4,20;25;4,20;4,20;4,20;4,20;4,20;4,20;4,15;4,05;3,95;3,71
90162;;Obratlík DELPHIN The End Ring Swivel;3,00;1;3,00;1,39;23;1;2,55;25;2,55;2,55;2,55;2,55;2,55;2,55;2,52;2,46;2,40;2,25
90192;;Baranica DELPHIN Atak! Boyar;18,50;1;18,50;9,95;23;1;15,73;25;15,73;15,73;15,73;15,73;15,73;15,73;15,54;15,17;14,80;13,88
90221;214;Termoprádlo tričko DELPHIN Tundra Manor;23,95;1;23,95;13,51;23;1;20,36;25;20,36;20,36;20,36;20,36;20,36;20,36;20,12;19,64;19,16;17,96
90222;214;Termoprádlo tričko DELPHIN Tundra Manor;23,95;1;23,95;13,51;23;1;20,36;25;20,36;20,36;20,36;20,36;20,36;20,36;20,12;19,64;19,16;17,96
90223;214;Termoprádlo tričko DELPHIN Tundra Manor;23,95;1;23,95;14,10;23;1;20,36;25;20,36;20,36;20,36;20,36;20,36;20,36;20,12;19,64;19,16;17,96
90224;214;Termoprádlo tričko DELPHIN Tundra Manor;22,95;1;22,95;13,51;23;1;19,51;25;19,51;19,51;19,51;19,51;19,51;19,51;19,28;18,82;18,36;17,21
90225;214;Termoprádlo tričko DELPHIN Tundra Manor;22,95;1;22,95;13,51;23;1;19,51;25;19,51;19,51;19,51;19,51;19,51;19,51;19,28;18,82;18,36;17,21
90226;214;Termoprádlo tričko DELPHIN Tundra Manor;23,95;1;23,95;13,51;23;1;20,36;25;20,36;20,36;20,36;20,36;20,36;20,36;20,12;19,64;19,16;17,96
90267;215;Fluorokarbónové lanko DELPHIN BOMB! s obratlíkom a karabínkou;0,73;1;0,73;0,33;23;1;0,62;25;0,62;0,62;0,62;0,62;0,62;0,62;0,61;0,60;0,58;0,55
90268;215;Fluorokarbónové lanko DELPHIN BOMB! s obratlíkom a karabínkou;0,68;1;0,68;0,33;23;1;0,58;25;0,58;0,58;0,58;0,58;0,58;0,58;0,57;0,56;0,54;0,51
90269;215;Fluorokarbónové lanko DELPHIN BOMB! s obratlíkom a karabínkou;0,68;1;0,68;0,33;23;1;0,58;25;0,58;0,58;0,58;0,58;0,58;0,58;0,57;0,56;0,54;0,51
90549;;Mix 5 nástrah DELPHIN BOMB! Rippa 10 cm, 5 ks;5,95;1;5,95;2,26;23;1;5,06;25;5,06;5,06;5,06;5,06;5,06;5,06;5,00;4,88;4,76;4,46
90665;216;Plandavka DELPHIN Swing;5,50;1;5,50;2,95;23;1;4,68;25;4,68;4,68;4,68;4,68;4,68;4,68;4,62;4,51;4,40;4,13
90666;216;Plandavka DELPHIN Swing;5,50;1;5,50;2,95;23;1;4,68;25;4,68;4,68;4,68;4,68;4,68;4,68;4,62;4,51;4,40;4,13
90667;216;Plandavka DELPHIN Swing;5,50;1;5,50;2,95;23;1;4,68;25;4,68;4,68;4,68;4,68;4,68;4,68;4,62;4,51;4,40;4,13
90698;;Moskytiéra DELPHIN AntiFly na dáždnik;47,95;1;47,95;25,97;23;1;40,76;25;40,76;40,76;40,76;40,76;40,76;40,76;40,28;39,32;38,36;35,96
90808;;Taška DELPHIN CarryALL SPACE C2G 2XL;66,95;1;66,95;36,91;23;1;56,91;25;56,91;56,91;56,91;56,91;56,91;56,91;56,24;54,90;53,56;50,21
90888;;Taška DELPHIN Blokz CarryAll Space C2G;112,95;1;112,95;36,32;23;1;96,01;25;96,01;96,01;96,01;96,01;96,01;96,01;94,88;92,62;90,36;84,71
90910;217;Prút DELPHIN Inqvisitor;112,95;1;112,95;58,58;23;1;96,01;25;96,01;96,01;96,01;96,01;96,01;96,01;94,88;92,62;90,36;84,71
90911;217;Prút DELPHIN Inqvisitor;118,95;1;118,95;61,81;23;1;101,11;25;101,11;101,11;101,11;101,11;101,11;101,11;99,92;97,54;95,16;89,21
90941;;Baitcastový naviják DELPHIN Zandera;69,95;1;69,95;37,60;23;1;59,46;25;59,46;59,46;59,46;59,46;59,46;59,46;58,76;57,36;55,96;52,46
90985;;Flísový nákrčník DELPHIN Flix;5,50;1;5,50;2,66;23;1;4,68;25;4,68;4,68;4,68;4,68;4,68;4,68;4,62;4,51;4,40;4,13
91077;218;Neoprénové rukavice DELPHIN NeoFlix;18,50;1;18,50;10,00;23;1;15,73;25;15,73;15,73;15,73;15,73;15,73;15,73;15,54;15,17;14,80;13,88
91078;218;Neoprénové rukavice DELPHIN NeoFlix;18,50;1;18,50;9,46;23;1;15,73;25;15,73;15,73;15,73;15,73;15,73;15,73;15,54;15,17;14,80;13,88
91109;;Spacák DELPHIN Fortix;99,95;1;99,95;65,76;23;1;84,96;25;84,96;84,96;84,96;84,96;84,96;84,96;83,96;81,96;79,96;74,96
91197;219;Prút DELPHIN Zandera B-Cast;71,96;1;71,96;37,28;23;1;61,17;25;61,17;61,17;61,17;61,17;61,17;61,17;60,45;59,01;57,57;53,97
91198;219;Prút DELPHIN Zandera B-Cast;75,95;1;75,95;41,06;23;1;64,56;25;64,56;64,56;64,56;64,56;64,56;64,56;63,80;62,28;60,76;56,96
92174;219;Prút DELPHIN Zandera B-Cast;64,94;1;64,94;34,02;23;1;55,20;25;55,20;55,20;55,20;55,20;55,20;55,20;54,55;53,25;51,95;48,71
92175;219;Prút DELPHIN Zandera B-Cast;72,95;1;72,95;37,82;23;1;62,01;25;62,01;62,01;62,01;62,01;62,01;62,01;61,28;59,82;58,36;54,71
92176;219;Prút DELPHIN Zandera B-Cast;66,95;1;66,95;35,10;23;1;56,91;25;56,91;56,91;56,91;56,91;56,91;56,91;56,24;54,90;53,56;50,21
92177;219;Prút DELPHIN Zandera B-Cast;76,95;1;76,95;39,98;23;1;65,41;25;65,41;65,41;65,41;65,41;65,41;65,41;64,64;63,10;61,56;57,71
91227;220;Softshellová bunda DELPHIN Cruiser Hero;68,95;1;68,95;39,40;23;1;58,61;25;58,61;58,61;58,61;58,61;58,61;58,61;57,92;56,54;55,16;51,71
91228;220;Softshellová bunda DELPHIN Cruiser Hero;68,95;1;68,95;39,40;23;1;58,61;25;58,61;58,61;58,61;58,61;58,61;58,61;57,92;56,54;55,16;51,71
91230;220;Softshellová bunda DELPHIN Cruiser Hero;68,95;1;68,95;39,40;23;1;58,61;25;58,61;58,61;58,61;58,61;58,61;58,61;57,92;56,54;55,16;51,71
91253;;Mutifunkčný nôž DELPHIN Knifex 13;11,96;1;11,96;6,21;23;1;10,17;25;10,17;10,17;10,17;10,17;10,17;10,17;10,05;9,81;9,57;8,97
91272;;Digitálna váha DELPHIN Xilo 50;12,95;1;12,95;7,00;23;1;11,01;25;11,01;11,01;11,01;11,01;11,01;11,01;10,88;10,62;10,36;9,71
91293;;Obratlíky DELPHIN The End Power č. 4, 20 ks;2,80;1;2,80;1,51;23;1;2,38;25;2,38;2,38;2,38;2,38;2,38;2,38;2,35;2,30;2,24;2,10
91457;;Nástraha DELPHIN BreaX Pop Čokoláda - Banán;7,95;1;7,95;3,96;23;1;6,76;25;6,76;6,76;6,76;6,76;6,76;6,76;6,68;6,52;6,36;5,96
91569;221;Prút DELPHIN Impozant;129,10;1;129,10;68,08;23;1;109,74;25;109,74;109,74;109,74;109,74;109,74;109,74;108,44;105,86;103,28;96,83
91570;221;Prút DELPHIN Impozant;139,35;1;139,35;56,89;23;1;118,45;25;118,45;118,45;118,45;118,45;118,45;118,45;117,05;114,27;111,48;104,51
91592;;Ruksak DELPHIN Proxes Ruxsak L;40,95;1;40,95;21,05;23;1;34,81;25;34,81;34,81;34,81;34,81;34,81;34,81;34,40;33,58;32,76;30,71
91648;;Termotaška DELPHIN HalfCool Space C2G;25,95;1;25,95;14,03;23;1;22,06;25;22,06;22,06;22,06;22,06;22,06;22,06;21,80;21,28;20,76;19,46
91681;;Taška DELPHIN Proxes Easy XL + box;31,96;1;31,96;16,73;23;1;27,17;25;27,17;27,17;27,17;27,17;27,17;27,17;26,85;26,21;25,57;23,97
91764;222;Papuče DELPHIN Comfos;17,50;1;17,50;9,16;23;1;14,88;25;14,88;14,88;14,88;14,88;14,88;14,88;14,70;14,35;14,00;13,13
91766;222;Papuče DELPHIN Comfos;17,50;1;17,50;9,46;23;1;14,88;25;14,88;14,88;14,88;14,88;14,88;14,88;14,70;14,35;14,00;13,13
91767;222;Papuče DELPHIN Comfos;17,50;1;17,50;9,16;23;1;14,88;25;14,88;14,88;14,88;14,88;14,88;14,88;14,70;14,35;14,00;13,13
91969;223;Zimné rukavice DELPHIN WinTex;17,50;1;17,50;1,22;23;1;14,88;25;14,88;14,88;14,88;14,88;14,88;14,88;14,70;14,35;14,00;13,13
91970;223;Zimné rukavice DELPHIN WinTex;17,50;1;17,50;1,22;23;1;14,88;25;14,88;14,88;14,88;14,88;14,88;14,88;14,70;14,35;14,00;13,13
93393;223;Zimné rukavice DELPHIN WinTex;0,00;1;0,00;0,00;;;0,00;0;0,00;0,00;0,00;0,00;0,00;0,00;0,00;0,00;0,00;0,00
91985;;Okuliare DELPHIN SG C2G;20,95;1;20,95;11,32;23;1;17,81;25;17,81;17,81;17,81;17,81;17,81;17,81;17,60;17,18;16,76;15,71
92031;224;Umelá nástraha DELPHIN B! StinxWorm;6,95;1;6,95;3,75;23;1;5,91;25;5,91;5,91;5,91;5,91;5,91;5,91;5,84;5,70;5,56;5,21
92032;224;Umelá nástraha DELPHIN B! StinxWorm;6,95;1;6,95;3,51;23;1;5,91;25;5,91;5,91;5,91;5,91;5,91;5,91;5,84;5,70;5,56;5,21
92033;224;Umelá nástraha DELPHIN B! StinxWorm;6,95;1;6,95;3,75;23;1;5,91;25;5,91;5,91;5,91;5,91;5,91;5,91;5,84;5,70;5,56;5,21
92094;225;Šnúra DELPHIN Toxer Fluo zelená;11,96;1;11,96;6,21;23;1;10,17;25;10,17;10,17;10,17;10,17;10,17;10,17;10,05;9,81;9,57;8,97
92095;225;Šnúra DELPHIN Toxer Fluo zelená;11,96;1;11,96;6,21;23;1;10,17;25;10,17;10,17;10,17;10,17;10,17;10,17;10,05;9,81;9,57;8,97
92096;225;Šnúra DELPHIN Toxer Fluo zelená;10,50;1;10,50;5,39;23;1;8,93;25;8,93;8,93;8,93;8,93;8,93;8,93;8,82;8,61;8,40;7,88
92097;225;Šnúra DELPHIN Toxer Fluo zelená;10,50;1;10,50;5,39;23;1;8,93;25;8,93;8,93;8,93;8,93;8,93;8,93;8,82;8,61;8,40;7,88
92098;225;Šnúra DELPHIN Toxer Fluo zelená;10,50;1;10,50;5,39;23;1;8,93;25;8,93;8,93;8,93;8,93;8,93;8,93;8,82;8,61;8,40;7,88
92099;225;Šnúra DELPHIN Toxer Fluo zelená;10,50;1;10,50;5,39;23;1;8,93;25;8,93;8,93;8,93;8,93;8,93;8,93;8,82;8,61;8,40;7,88
92100;225;Šnúra DELPHIN Toxer Fluo zelená;18,50;1;18,50;9,46;23;1;15,73;25;15,73;15,73;15,73;15,73;15,73;15,73;15,54;15,17;14,80;13,88
92101;225;Šnúra DELPHIN Toxer Fluo zelená;18,50;1;18,50;9,46;23;1;15,73;25;15,73;15,73;15,73;15,73;15,73;15,73;15,54;15,17;14,80;13,88
92102;225;Šnúra DELPHIN Toxer Fluo zelená;14,94;1;14,94;8,08;23;1;12,70;25;12,70;12,70;12,70;12,70;12,70;12,70;12,55;12,25;11,95;11,21
92103;225;Šnúra DELPHIN Toxer Fluo zelená;14,94;1;14,94;6,74;23;1;12,70;25;12,70;12,70;12,70;12,70;12,70;12,70;12,55;12,25;11,95;11,21
92104;225;Šnúra DELPHIN Toxer Fluo zelená;14,94;1;14,94;7,84;23;1;12,70;25;12,70;12,70;12,70;12,70;12,70;12,70;12,55;12,25;11,95;11,21
92105;225;Šnúra DELPHIN Toxer Fluo zelená;14,94;1;14,94;7,84;23;1;12,70;25;12,70;12,70;12,70;12,70;12,70;12,70;12,55;12,25;11,95;11,21
92110;;Feedrový stojan DELPHIN Reaxe Triplex;29,95;1;29,95;15,57;23;1;25,46;25;25,46;25,46;25,46;25,46;25,46;25,46;25,16;24,56;23,96;22,46
92145;;Feedrové rameno DELPHIN Reaxe ProfixArm;52,95;1;52,95;27,55;23;1;45,01;25;45,01;45,01;45,01;45,01;45,01;45,01;44,48;43,42;42,36;39,71
92161;;Svetlo DELPHIN LightBar UC s ovládačom do bivaku;35,95;1;35,95;16,53;23;1;30,56;25;30,56;30,56;30,56;30,56;30,56;30,56;30,20;29,48;28,76;26,96
92197;;Filetovací nôž DELPHIN Scale;8,50;1;8,50;3,97;23;1;7,23;25;7,23;7,23;7,23;7,23;7,23;7,23;7,14;6,97;6,80;6,38
92330;;Ploskačka DELPHIN Boost;14,94;1;14,94;8,08;23;1;12,70;25;12,70;12,70;12,70;12,70;12,70;12,70;12,55;12,25;11,95;11,21
92352;;Držiak DELPHIN Sixto Reaxe U;6,49;1;6,49;3,47;23;1;5,52;25;5,52;5,52;5,52;5,52;5,52;5,52;5,45;5,32;5,19;4,87
92386;226;Skladacie vedro DELPHIN EVA Barel;10,95;1;10,95;5,35;23;1;9,31;25;9,31;9,31;9,31;9,31;9,31;9,31;9,20;8,98;8,76;8,21
92387;226;Skladacie vedro DELPHIN EVA Barel;9,95;1;9,95;5,35;23;1;8,46;25;8,46;8,46;8,46;8,46;8,46;8,46;8,36;8,16;7,96;7,46
92523;227;Háčiky DELPHIN Reaxe MTD Shank, 11 ks;2,40;1;2,40;1,09;23;1;2,04;25;2,04;2,04;2,04;2,04;2,04;2,04;2,02;1,97;1,92;1,80
92524;227;Háčiky DELPHIN Reaxe MTD Shank, 11 ks;2,40;1;2,40;1,09;23;1;2,04;25;2,04;2,04;2,04;2,04;2,04;2,04;2,02;1,97;1,92;1,80
92525;227;Háčiky DELPHIN Reaxe MTD Shank, 11 ks;2,40;1;2,40;1,09;23;1;2,04;25;2,04;2,04;2,04;2,04;2,04;2,04;2,02;1,97;1,92;1,80
92526;227;Háčiky DELPHIN Reaxe MTD Shank, 11 ks;2,40;1;2,40;1,09;23;1;2,04;25;2,04;2,04;2,04;2,04;2,04;2,04;2,02;1,97;1,92;1,80
92597;228;Bunda DELPHIN CruisAir Spring 5T;66,95;1;66,95;39,37;23;1;56,91;25;56,91;56,91;56,91;56,91;56,91;56,91;56,24;54,90;53,56;50,21
92598;228;Bunda DELPHIN CruisAir Spring 5T;66,95;1;66,95;39,37;23;1;56,91;25;56,91;56,91;56,91;56,91;56,91;56,91;56,24;54,90;53,56;50,21
92599;228;Bunda DELPHIN CruisAir Spring 5T;66,95;1;66,95;40,58;23;1;56,91;25;56,91;56,91;56,91;56,91;56,91;56,91;56,24;54,90;53,56;50,21
92600;228;Bunda DELPHIN CruisAir Spring 5T;66,95;1;66,95;39,37;23;1;56,91;25;56,91;56,91;56,91;56,91;56,91;56,91;56,24;54,90;53,56;50,21
92601;228;Bunda DELPHIN CruisAir Spring 5T;66,95;1;66,95;39,37;23;1;56,91;25;56,91;56,91;56,91;56,91;56,91;56,91;56,24;54,90;53,56;50,21
92602;228;Bunda DELPHIN CruisAir Spring 5T;66,95;1;66,95;39,37;23;1;56,91;25;56,91;56,91;56,91;56,91;56,91;56,91;56,24;54,90;53,56;50,21
92771;;Vodeodolný batoh DELPHIN HydroPax, 30 l;18,50;1;18,50;10,00;23;1;15,73;25;15,73;15,73;15,73;15,73;15,73;15,73;15,54;15,17;14,80;13,88
92834;229;Tepláky DELPHIN Logos;39,95;1;39,95;20,52;23;1;33,96;25;33,96;33,96;33,96;33,96;33,96;33,96;33,56;32,76;31,96;29,96
92835;229;Tepláky DELPHIN Logos;39,95;1;39,95;20,52;23;1;33,96;25;33,96;33,96;33,96;33,96;33,96;33,96;33,56;32,76;31,96;29,96
92836;229;Tepláky DELPHIN Logos;39,95;1;39,95;21,60;23;1;33,96;25;33,96;33,96;33,96;33,96;33,96;33,96;33,56;32,76;31,96;29,96
92837;229;Tepláky DELPHIN Logos;39,95;1;39,95;21,60;23;1;33,96;25;33,96;33,96;33,96;33,96;33,96;33,96;33,56;32,76;31,96;29,96
92838;229;Tepláky DELPHIN Logos;39,95;1;39,95;20,52;23;1;33,96;25;33,96;33,96;33,96;33,96;33,96;33,96;33,56;32,76;31,96;29,96
92847;;Dipovací sprej DELPHIN AromaX, Scopex - Vanilka;3,90;1;3,90;2,09;23;1;3,32;25;3,32;3,32;3,32;3,32;3,32;3,32;3,28;3,20;3,12;2,93
92852;230;Nástraha DELPHIN D Snax Shell Wafters, Čokoláda - Banán;4,94;1;4,94;2,66;23;1;4,20;25;4,20;4,20;4,20;4,20;4,20;4,20;4,15;4,05;3,95;3,71
92853;230;Nástraha DELPHIN D Snax Shell Wafters, Čokoláda - Banán;4,94;1;4,94;2,47;23;1;4,20;25;4,20;4,20;4,20;4,20;4,20;4,20;4,15;4,05;3,95;3,71
92854;230;Nástraha DELPHIN D Snax Shell Wafters, Čokoláda - Banán;4,94;1;4,94;2,47;23;1;4,20;25;4,20;4,20;4,20;4,20;4,20;4,20;4,15;4,05;3,95;3,71
92879;;Rozťahovacia hrazda DELPHIN FlexiMag Buzz XL;24,94;1;24,94;12,95;23;1;21,20;25;21,20;21,20;21,20;21,20;21,20;21,20;20,95;20,45;19,95;18,71
92993;231;Olovená záťaž DELPHIN CyberBarbed PVA Tube;2,20;1;2,20;1,08;23;1;1,87;25;1,87;1,87;1,87;1,87;1,87;1,87;1,85;1,80;1,76;1,65
92994;231;Olovená záťaž DELPHIN CyberBarbed PVA Tube;2,50;1;2,50;1,37;23;1;2,13;25;2,13;2,13;2,13;2,13;2,13;2,13;2,10;2,05;2,00;1,88
93006;232;Olovená záťaž DELPHIN AeroTear Tube;1,60;1;1,60;0,85;23;1;1,36;25;1,36;1,36;1,36;1,36;1,36;1,36;1,34;1,31;1,28;1,20
93007;232;Olovená záťaž DELPHIN AeroTear Tube;1,70;1;1,70;0,86;23;1;1,45;25;1,45;1,45;1,45;1,45;1,45;1,45;1,43;1,39;1,36;1,28
93008;232;Olovená záťaž DELPHIN AeroTear Tube;1,80;1;1,80;0,96;23;1;1,53;25;1,53;1,53;1,53;1,53;1,53;1,53;1,51;1,48;1,44;1,35
93009;232;Olovená záťaž DELPHIN AeroTear Tube;1,89;1;1,89;1,02;23;1;1,61;25;1,61;1,61;1,61;1,61;1,61;1,61;1,59;1,55;1,51;1,42
93010;232;Olovená záťaž DELPHIN AeroTear Tube;2,10;1;2,10;1,13;23;1;1,79;25;1,79;1,79;1,79;1,79;1,79;1,79;1,76;1,72;1,68;1,58
93011;232;Olovená záťaž DELPHIN AeroTear Tube;2,40;1;2,40;1,29;23;1;2,04;25;2,04;2,04;2,04;2,04;2,04;2,04;2,02;1,97;1,92;1,80
93012;232;Olovená záťaž DELPHIN AeroTear Tube;2,50;1;2,50;1,35;23;1;2,13;25;2,13;2,13;2,13;2,13;2,13;2,13;2,10;2,05;2,00;1,88
93013;232;Olovená záťaž DELPHIN AeroTear Tube;2,80;1;2,80;1,51;23;1;2,38;25;2,38;2,38;2,38;2,38;2,38;2,38;2,35;2,30;2,24;2,10
93043;;Sada oloviek DELPHIN Leads hruška s bužírkou;8,50;1;8,50;4,30;23;1;7,23;25;7,23;7,23;7,23;7,23;7,23;7,23;7,14;6,97;6,80;6,38
93082;233;Tričko DELPHIN UV Armor 50+ Reaxe;31,96;1;31,96;16,73;23;1;27,17;25;27,17;27,17;27,17;27,17;27,17;27,17;26,85;26,21;25,57;23,97
93083;233;Tričko DELPHIN UV Armor 50+ Reaxe;31,96;1;31,96;16,73;23;1;27,17;25;27,17;27,17;27,17;27,17;27,17;27,17;26,85;26,21;25,57;23,97
93084;233;Tričko DELPHIN UV Armor 50+ Reaxe;31,96;1;31,96;16,73;23;1;27,17;25;27,17;27,17;27,17;27,17;27,17;27,17;26,85;26,21;25,57;23,97
93085;233;Tričko DELPHIN UV Armor 50+ Reaxe;31,96;1;31,96;16,73;23;1;27,17;25;27,17;27,17;27,17;27,17;27,17;27,17;26,85;26,21;25,57;23,97
93086;233;Tričko DELPHIN UV Armor 50+ Reaxe;31,96;1;31,96;16,73;23;1;27,17;25;27,17;27,17;27,17;27,17;27,17;27,17;26,85;26,21;25,57;23,97
93087;233;Tričko DELPHIN UV Armor 50+ Reaxe;31,96;1;31,96;16,73;23;1;27,17;25;27,17;27,17;27,17;27,17;27,17;27,17;26,85;26,21;25,57;23,97
93098;234;Prút DELPHIN Zandit;50,95;1;50,95;23,30;23;1;43,31;25;43,31;43,31;43,31;43,31;43,31;43,31;42,80;41,78;40,76;38,21
93099;234;Prút DELPHIN Zandit;53,95;1;53,95;29,16;23;1;45,86;25;45,86;45,86;45,86;45,86;45,86;45,86;45,32;44,24;43,16;40,46
93697;234;Prút DELPHIN Zandit;0,00;1;0,00;0,00;;;0,00;0;0,00;0,00;0,00;0,00;0,00;0,00;0,00;0,00;0,00;0,00
93181;;Dekoračná kuchynská doska DELPHIN CarpBoard;14,50;1;14,50;6,64;23;1;12,33;25;12,33;12,33;12,33;12,33;12,33;12,33;12,18;11,89;11,60;10,88
93199;;Polarizačné okuliare DELPHIN View;19,95;1;19,95;9,51;23;1;16,96;25;16,96;16,96;16,96;16,96;16,96;16,96;16,76;16,36;15,96;14,96
93217;;Dištančné tyče DELPHIN RangeX Free;17,50;1;17,50;8,33;23;1;14,88;25;14,88;14,88;14,88;14,88;14,88;14,88;14,70;14,35;14,00;13,13
93253;;Ruksak DELPHIN NeoBax Ruxsak;27,95;1;27,95;15,10;23;1;23,76;25;23,76;23,76;23,76;23,76;23,76;23,76;23,48;22,92;22,36;20,96
93270;235;Vidlička DELPHIN BlackStix;8,50;1;8,50;4,32;23;1;7,23;25;7,23;7,23;7,23;7,23;7,23;7,23;7,14;6,97;6,80;6,38
93271;235;Vidlička DELPHIN BlackStix;9,95;1;9,95;5,06;23;1;8,46;25;8,46;8,46;8,46;8,46;8,46;8,46;8,36;8,16;7,96;7,46
93272;235;Vidlička DELPHIN BlackStix;10,95;1;10,95;5,56;23;1;9,31;25;9,31;9,31;9,31;9,31;9,31;9,31;9,20;8,98;8,76;8,21
93273;235;Vidlička DELPHIN BlackStix;13,51;1;13,51;6,57;23;1;11,48;25;11,48;11,48;11,48;11,48;11,48;11,48;11,35;11,08;10,81;10,13
93372;236;Outdoorová mikina DELPHIN Ixtera Camotic;35,95;1;35,95;18,89;23;1;30,56;25;30,56;30,56;30,56;30,56;30,56;30,56;30,20;29,48;28,76;26,96
93373;236;Outdoorová mikina DELPHIN Ixtera Camotic;35,95;1;35,95;18,89;23;1;30,56;25;30,56;30,56;30,56;30,56;30,56;30,56;30,20;29,48;28,76;26,96
93374;236;Outdoorová mikina DELPHIN Ixtera Camotic;35,95;1;35,95;18,89;23;1;30,56;25;30,56;30,56;30,56;30,56;30,56;30,56;30,20;29,48;28,76;26,96
93375;236;Outdoorová mikina DELPHIN Ixtera Camotic;35,95;1;35,95;18,89;23;1;30,56;25;30,56;30,56;30,56;30,56;30,56;30,56;30,20;29,48;28,76;26,96
93376;236;Outdoorová mikina DELPHIN Ixtera Camotic;35,95;1;35,95;18,89;23;1;30,56;25;30,56;30,56;30,56;30,56;30,56;30,56;30,20;29,48;28,76;26,96
93377;236;Outdoorová mikina DELPHIN Ixtera Camotic;35,95;1;35,95;19,43;23;1;30,56;25;30,56;30,56;30,56;30,56;30,56;30,56;30,20;29,48;28,76;26,96
93534;;Rýchloupínací obratlík DELPHIN TheEnd QuickS;2,60;1;2,60;1,24;23;1;2,21;25;2,21;2,21;2,21;2,21;2,21;2,21;2,18;2,13;2,08;1,95
93550;;Zmršťovacia bužírka DELPHIN TheEnd Shrink Tube;2,95;1;2,95;1,40;23;1;2,51;25;2,51;2,51;2,51;2,51;2,51;2,51;2,48;2,42;2,36;2,21
93583;;Set montáž DELPHIN TheEnd sCamo Total Carp, 10 ks;5,50;1;5,50;2,62;23;1;4,68;25;4,68;4,68;4,68;4,68;4,68;4,68;4,62;4,51;4,40;4,13
93615;237;Záťaž bez olova DELPHIN EcoCast Magnetic;1,30;1;1,30;0,68;23;1;1,11;25;1,11;1,11;1,11;1,11;1,11;1,11;1,09;1,07;1,04;0,98
93616;237;Záťaž bez olova DELPHIN EcoCast Magnetic;1,40;1;1,40;0,73;23;1;1,19;25;1,19;1,19;1,19;1,19;1,19;1,19;1,18;1,15;1,12;1,05
93617;237;Záťaž bez olova DELPHIN EcoCast Magnetic;1,50;1;1,50;0,77;23;1;1,28;25;1,28;1,28;1,28;1,28;1,28;1,28;1,26;1,23;1,20;1,13
93618;237;Záťaž bez olova DELPHIN EcoCast Magnetic;1,60;1;1,60;0,84;23;1;1,36;25;1,36;1,36;1,36;1,36;1,36;1,36;1,34;1,31;1,28;1,20
93619;237;Záťaž bez olova DELPHIN EcoCast Magnetic;1,70;1;1,70;0,89;23;1;1,45;25;1,45;1,45;1,45;1,45;1,45;1,45;1,43;1,39;1,36;1,28
93620;237;Záťaž bez olova DELPHIN EcoCast Magnetic;1,89;1;1,89;0,98;23;1;1,61;25;1,61;1,61;1,61;1,61;1,61;1,61;1,59;1,55;1,51;1,42
93621;237;Záťaž bez olova DELPHIN EcoCast Magnetic;2,00;1;2,00;1,03;23;1;1,70;25;1,70;1,70;1,70;1,70;1,70;1,70;1,68;1,64;1,60;1,50
93647;;Karbónová vrhacia tyč DELPHIN CarbonShot+ Lite;49,95;1;49,95;27,00;23;1;42,46;25;42,46;42,46;42,46;42,46;42,46;42,46;41,96;40,96;39,96;37,46
93663;;Fluo dip DELPHIN D Snax LiquiX, 100 ml, Slivka & Moruša;7,80;1;7,80;4,12;23;1;6,63;25;6,63;6,63;6,63;6,63;6,63;6,63;6,55;6,40;6,24;5,85
96584;238;Šnúra FANATIK Spinning PE x4;16,38;1;16,38;10,60;23;1;9,83;;9,83;9,83;9,83;9,83;9,83;9,83;9,83;9,83;9,83;9,83
96585;238;Šnúra FANATIK Spinning PE x4;16,38;1;16,38;10,60;23;1;9,83;;9,83;9,83;9,83;9,83;9,83;9,83;9,83;9,83;9,83;9,83
96586;238;Šnúra FANATIK Spinning PE x4;16,38;1;16,38;10,60;23;1;9,83;;9,83;9,83;9,83;9,83;9,83;9,83;9,83;9,83;9,83;9,83
96655;239;Nástraha FANATIC Dagger 10,1 cm, 5 ks;5,33;1;5,33;3,26;23;1;3,20;;3,20;3,20;3,20;3,20;3,20;3,20;3,20;3,20;3,20;3,20
96656;239;Nástraha FANATIC Dagger 10,1 cm, 5 ks;5,33;1;5,33;3,26;23;1;3,20;;3,20;3,20;3,20;3,20;3,20;3,20;3,20;3,20;3,20;3,20
96657;239;Nástraha FANATIC Dagger 10,1 cm, 5 ks;5,33;1;5,33;3,26;23;1;3,20;;3,20;3,20;3,20;3,20;3,20;3,20;3,20;3,20;3,20;3,20
96658;239;Nástraha FANATIC Dagger 10,1 cm, 5 ks;5,33;1;5,33;3,26;23;1;3,20;;3,20;3,20;3,20;3,20;3,20;3,20;3,20;3,20;3,20;3,20
96659;239;Nástraha FANATIC Dagger 10,1 cm, 5 ks;5,33;1;5,33;3,26;23;1;3,20;;3,20;3,20;3,20;3,20;3,20;3,20;3,20;3,20;3,20;3,20
96660;239;Nástraha FANATIC Dagger 10,1 cm, 5 ks;5,33;1;5,33;3,26;23;1;3,20;;3,20;3,20;3,20;3,20;3,20;3,20;3,20;3,20;3,20;3,20
96661;239;Nástraha FANATIC Dagger 10,1 cm, 5 ks;5,33;1;5,33;3,26;23;1;3,20;;3,20;3,20;3,20;3,20;3,20;3,20;3,20;3,20;3,20;3,20
96662;239;Nástraha FANATIC Dagger 10,1 cm, 5 ks;5,33;1;5,33;3,26;23;1;3,20;;3,20;3,20;3,20;3,20;3,20;3,20;3,20;3,20;3,20;3,20
96663;239;Nástraha FANATIC Dagger 10,1 cm, 5 ks;5,33;1;5,33;3,26;23;1;3,20;;3,20;3,20;3,20;3,20;3,20;3,20;3,20;3,20;3,20;3,20
96664;239;Nástraha FANATIC Dagger 10,1 cm, 5 ks;5,33;1;5,33;3,26;23;1;3,20;;3,20;3,20;3,20;3,20;3,20;3,20;3,20;3,20;3,20;3,20
96665;239;Nástraha FANATIC Dagger 10,1 cm, 5 ks;5,33;1;5,33;3,26;23;1;3,20;;3,20;3,20;3,20;3,20;3,20;3,20;3,20;3,20;3,20;3,20
96666;239;Nástraha FANATIC Dagger 10,1 cm, 5 ks;5,33;1;5,33;3,26;23;1;3,20;;3,20;3,20;3,20;3,20;3,20;3,20;3,20;3,20;3,20;3,20
96667;239;Nástraha FANATIC Dagger 10,1 cm, 5 ks;5,33;1;5,33;3,26;23;1;3,20;;3,20;3,20;3,20;3,20;3,20;3,20;3,20;3,20;3,20;3,20
96668;239;Nástraha FANATIC Dagger 10,1 cm, 5 ks;5,33;1;5,33;3,26;23;1;3,20;;3,20;3,20;3,20;3,20;3,20;3,20;3,20;3,20;3,20;3,20
96669;239;Nástraha FANATIC Dagger 10,1 cm, 5 ks;5,33;1;5,33;3,26;23;1;3,20;;3,20;3,20;3,20;3,20;3,20;3,20;3,20;3,20;3,20;3,20
96870;240;Čeburaška FANATIK farba 023, 5 ks;2,98;1;2,98;2,11;23;1;1,79;;1,79;1,79;1,79;1,79;1,79;1,79;1,79;1,79;1,79;1,79
96871;240;Čeburaška FANATIK farba 023, 5 ks;3,17;1;3,17;2,29;23;1;1,90;;1,90;1,90;1,90;1,90;1,90;1,90;1,90;1,90;1,90;1,90
96872;240;Čeburaška FANATIK farba 023, 5 ks;3,43;1;3,43;2,46;23;1;2,06;;2,06;2,06;2,06;2,06;2,06;2,06;2,06;2,06;2,06;2,06
96873;240;Čeburaška FANATIK farba 023, 5 ks;3,53;1;3,53;2,53;23;1;2,12;;2,12;2,12;2,12;2,12;2,12;2,12;2,12;2,12;2,12;2,12
96874;240;Čeburaška FANATIK farba 023, 5 ks;3,90;1;3,90;2,80;23;1;2,34;;2,34;2,34;2,34;2,34;2,34;2,34;2,34;2,34;2,34;2,34
97060;241;Nástraha KEITECH Swing Impact 3 inch/ 7,62cm, bal. 10ks;6,25;1;6,25;4,07;23;1;6,25;;6,00;5,88;5,75;5,63;5,50;5,38;5,25;5,13;5,00;4,69
97061;241;Nástraha KEITECH Swing Impact 3 inch/ 7,62cm, bal. 10ks;6,25;1;6,25;4,07;23;1;6,25;;6,00;5,88;5,75;5,63;5,50;5,38;5,25;5,13;5,00;4,69
97064;241;Nástraha KEITECH Swing Impact 3 inch/ 7,62cm, bal. 10ks;6,25;1;6,25;2,60;23;1;6,25;;6,00;5,88;5,75;5,63;5,50;5,38;5,25;5,13;5,00;4,69
97072;241;Nástraha KEITECH Swing Impact 3 inch/ 7,62cm, bal. 10ks;6,25;1;6,25;4,07;23;1;6,25;;6,00;5,88;5,75;5,63;5,50;5,38;5,25;5,13;5,00;4,69
97194;242;Nástraha KEITECH Little Spider 3,5 inch/ 8,89cm, bal. 5ks;6,86;1;6,86;3,18;23;1;6,86;;6,59;6,45;6,31;6,17;6,04;5,90;5,76;5,63;5,49;5,15
97531;242;Nástraha KEITECH Little Spider 3,5 inch/ 8,89cm, bal. 5ks;6,86;1;6,86;4,38;23;1;6,86;;6,59;6,45;6,31;6,17;6,04;5,90;5,76;5,63;5,49;5,15
97622;243;nástraha KEITECH Swing Impact 2 inch, 5cm, EA16T Cotton Candy FLK;6,56;1;6,56;2,95;23;1;6,56;;6,30;6,17;6,04;5,90;5,77;5,64;5,51;5,38;5,25;4,92
97623;243;nástraha KEITECH Swing Impact 2 inch, 5cm, EA16T Cotton Candy FLK;6,56;1;6,56;2,95;23;1;6,56;;6,30;6,17;6,04;5,90;5,77;5,64;5,51;5,38;5,25;4,92
97624;243;nástraha KEITECH Swing Impact 2 inch, 5cm, EA16T Cotton Candy FLK;6,56;1;6,56;2,95;23;1;6,56;;6,30;6,17;6,04;5,90;5,77;5,64;5,51;5,38;5,25;4,92
97702;;"Drevený obraz ""Ostrieže"", A03 51x14 cm";50,22;1;50,22;3,30;23;1;50,22;;48,21;47,21;46,20;45,20;44,19;43,19;42,18;41,18;40,18;37,67
99514;;Vrtuľa PROPELLER;36,90;1;36,90;23,32;23;1;36,90;10;35,42;34,69;33,95;33,21;33,21;33,21;33,21;33,21;33,21;33,21
99612;244;Motor HONDA BF8;2559,00;1;2559,00;;23;1;2559,00;3;2482,23;2482,23;2482,23;2482,23;2482,23;2482,23;2482,23;2482,23;2482,23;2482,23
99613;244;Motor HONDA BF8;2639,00;1;2639,00;;23;1;2639,00;3;2559,83;2559,83;2559,83;2559,83;2559,83;2559,83;2559,83;2559,83;2559,83;2559,83
99614;244;Motor HONDA BF8;2929,00;1;2929,00;;23;1;2929,00;3;2841,13;2841,13;2841,13;2841,13;2841,13;2841,13;2841,13;2841,13;2841,13;2841,13
99615;244;Motor HONDA BF8;3009,00;1;3009,00;;23;1;3009,00;3;2918,73;2918,73;2918,73;2918,73;2918,73;2918,73;2918,73;2918,73;2918,73;2918,73
99616;244;Motor HONDA BF8;3089,00;1;3089,00;;23;1;3089,00;3;2996,33;2996,33;2996,33;2996,33;2996,33;2996,33;2996,33;2996,33;2996,33;2996,33
99631;;Krovinorez HONDA UMK 435 UEET;609,00;1;609,00;421,24;23;1;609,00;3;590,73;590,73;590,73;590,73;590,73;590,73;590,73;590,73;590,73;590,73
99678;;Fukár HONDA Versatool adaptér;185,00;1;185,00;;23;1;185,00;3;179,45;179,45;179,45;179,45;179,45;179,45;179,45;179,45;179,45;179,45
99694;245;Motor HONDA BF 30;6830,01;1;6830,01;;23;1;6830,01;3;6625,11;6625,11;6625,11;6625,11;6625,11;6625,11;6625,11;6625,11;6625,11;6625,11
99695;245;Motor HONDA BF 30;6830,01;1;6830,01;;23;1;6830,01;3;6625,11;6625,11;6625,11;6625,11;6625,11;6625,11;6625,11;6625,11;6625,11;6625,11
99697;245;Motor HONDA BF 30;6729,99;1;6729,99;;23;1;6729,99;3;6528,09;6528,09;6528,09;6528,09;6528,09;6528,09;6528,09;6528,09;6528,09;6528,09
99937;246;Predlžovacia tyč;3,95;1;3,95;2,22;23;1;3,95;;3,79;3,71;3,63;3,56;3,48;3,40;3,32;3,24;3,16;2,96
99948;246;Predlžovacia tyč;3,89;1;3,89;2,22;23;1;3,89;;3,73;3,66;3,58;3,50;3,42;3,35;3,27;3,19;3,11;2,92
101179;247;Vyvážené boilie NIKL Criticals, Calanus & Krill;10,95;1;10,95;5,95;23;1;10,95;;10,51;10,29;10,07;9,86;9,64;9,42;9,20;8,98;8,76;8,21
101180;247;Vyvážené boilie NIKL Criticals, Calanus & Krill;10,95;1;10,95;5,89;23;1;10,95;;10,51;10,29;10,07;9,86;9,64;9,42;9,20;8,98;8,76;8,21
101181;247;Vyvážené boilie NIKL Criticals, Calanus & Krill;10,95;1;10,95;5,80;23;1;10,95;;10,51;10,29;10,07;9,86;9,64;9,42;9,20;8,98;8,76;8,21
87839;248;Komplet PROLOGIC HighGrade Thermo Suit;139,99;1;139,99;71,71;23;1;139,99;;134,39;131,59;128,79;125,99;123,19;120,39;117,59;114,79;111,99;104,99
87840;248;Komplet PROLOGIC HighGrade Thermo Suit;139,99;1;139,99;73,12;23;1;139,99;;134,39;131,59;128,79;125,99;123,19;120,39;117,59;114,79;111,99;104,99
87867;248;Komplet PROLOGIC HighGrade Thermo Suit;139,99;1;139,99;74,37;23;1;139,99;;134,39;131,59;128,79;125,99;123,19;120,39;117,59;114,79;111,99;104,99
87898;248;Komplet PROLOGIC HighGrade Thermo Suit;139,99;1;139,99;81,24;23;1;139,99;;134,39;131,59;128,79;125,99;123,19;120,39;117,59;114,79;111,99;104,99
77637;249;Multiplikátor DAIWA Tatula SV TW 70;204,99;1;204,99;116,10;23;1;204,99;;196,79;192,69;188,59;184,49;180,39;176,29;172,19;168,09;163,99;153,74
77651;249;Multiplikátor DAIWA Tatula SV TW 70;204,99;1;204,99;118,80;23;1;204,99;;196,79;192,69;188,59;184,49;180,39;176,29;172,19;168,09;163,99;153,74
36784;;Pomôcka SCHEPPACH Jig 120 na brúsenie dlhých nožov;25,99;1;25,99;16,64;23;1;25,99;;24,95;24,43;23,91;23,39;22,87;22,35;21,83;21,31;20,79;19,49
45432;;Držiak prútov BERKLEY Space Saver 13 Rod Combo;61,40;1;61,40;32,26;23;1;61,40;;58,94;57,72;56,49;55,26;54,03;52,80;51,58;50,35;49,12;46,05
93109;250;Prút DELPHIN CorsaBlack Nero;52,95;1;52,95;27,54;23;1;45,01;25;45,01;45,01;45,01;45,01;45,01;45,01;44,48;43,42;42,36;39,71
93110;250;Prút DELPHIN CorsaBlack Nero;59,95;1;59,95;32,41;23;1;50,96;25;50,96;50,96;50,96;50,96;50,96;50,96;50,36;49,16;47,96;44,96
93111;250;Prút DELPHIN CorsaBlack Nero;59,95;1;59,95;32,41;23;1;50,96;25;50,96;50,96;50,96;50,96;50,96;50,96;50,36;49,16;47,96;44,96
93112;250;Prút DELPHIN CorsaBlack Nero;64,94;1;64,94;35,10;23;1;55,20;25;55,20;55,20;55,20;55,20;55,20;55,20;54,55;53,25;51,95;48,71
93113;250;Prút DELPHIN CorsaBlack Nero;69,95;1;69,95;37,82;23;1;59,46;25;59,46;59,46;59,46;59,46;59,46;59,46;58,76;57,36;55,96;52,46
93114;250;Prút DELPHIN CorsaBlack Nero;78,95;1;78,95;41,06;23;1;67,11;25;67,11;67,11;67,11;67,11;67,11;67,11;66,32;64,74;63,16;59,21
36851;;Kompresor SCHEPPACH HC 53 DC;367,98;1;367,98;234,55;23;1;367,98;;353,26;345,90;338,54;331,18;323,82;316,46;309,10;301,74;294,38;275,99
88065X;;SET = 2x navijak OKUMA Custom C 7000 FD;119,80;1;;;23;1;;;115,01;112,61;110,22;107,82;105,42;103,03;100,63;98,24;95,84;89,85
106625;;Plávajúca sieťka KINETIC Keep Net Floating;27,99;1;27,99;11,82;23;1;27,99;;26,87;26,31;25,75;25,19;24,63;24,07;23,51;22,95;22,39;20,99
93125;251;Tričko DELPHIN Logos;18,95;1;18,95;9,46;23;1;16,11;25;16,11;16,11;16,11;16,11;16,11;16,11;15,92;15,54;15,16;14,21
93126;251;Tričko DELPHIN Logos;18,95;1;18,95;9,46;23;1;16,11;25;16,11;16,11;16,11;16,11;16,11;16,11;15,92;15,54;15,16;14,21
93127;251;Tričko DELPHIN Logos;18,95;1;18,95;10,25;23;1;16,11;25;16,11;16,11;16,11;16,11;16,11;16,11;15,92;15,54;15,16;14,21
93128;251;Tričko DELPHIN Logos;18,95;1;18,95;10,25;23;1;16,11;25;16,11;16,11;16,11;16,11;16,11;16,11;15,92;15,54;15,16;14,21
93129;251;Tričko DELPHIN Logos;18,95;1;18,95;10,25;23;1;16,11;25;16,11;16,11;16,11;16,11;16,11;16,11;15,92;15,54;15,16;14,21
93130;251;Tričko DELPHIN Logos;18,95;1;18,95;9,46;23;1;16,11;25;16,11;16,11;16,11;16,11;16,11;16,11;15,92;15,54;15,16;14,21
37042;;Ručné svietidlo TRIXLINE USB LED TR 370;10,25;1;10,25;5,88;23;1;10,25;;9,84;9,64;9,43;9,23;9,02;8,82;8,61;8,41;8,20;7,69
91268;252;Sáčok hranatý DELPHIN PVA n'tastic;1,89;1;1,89;1,02;23;1;1,61;25;1,61;1,61;1,61;1,61;1,61;1,61;1,59;1,55;1,51;1,42
91269;252;Sáčok hranatý DELPHIN PVA n'tastic;2,00;1;2,00;1,13;23;1;1,70;25;1,70;1,70;1,70;1,70;1,70;1,70;1,68;1,64;1,60;1,50
91270;252;Sáčok hranatý DELPHIN PVA n'tastic;2,15;1;2,15;1,30;23;1;1,83;25;1,83;1,83;1,83;1,83;1,83;1,83;1,81;1,76;1,72;1,61
91273;252;Sáčok hranatý DELPHIN PVA n'tastic;2,30;1;2,30;1,29;23;1;1,96;25;1,96;1,96;1,96;1,96;1,96;1,96;1,93;1,89;1,84;1,73
45584;;Nástraha SAVAGE GEAR 3D Line Thru Whitefish Moderate Sinking, Fire Whitefish;15,99;1;15,99;7,35;23;1;15,99;;15,35;15,03;14,71;14,39;14,07;13,75;13,43;13,11;12,79;11,99
68343;;Držiak dáždnika MIKADO Umbrella Holder;5,85;1;5,85;2,88;23;1;5,32;25;5,32;5,32;5,32;5,27;5,15;5,03;4,91;4,80;4,68;4,39
91287;;Bivak DELPHIN C3 LUX ClimaControl C2G;399,95;1;399,95;289,59;23;1;339,96;25;339,96;339,96;339,96;339,96;339,96;339,96;335,96;327,96;319,96;299,96
88191;253;Háčiky MADCAT Pellet Hook A-Static;8,99;1;8,99;4,13;23;1;8,99;;8,63;8,45;8,27;8,09;7,91;7,73;7,55;7,37;7,19;6,74
88192;253;Háčiky MADCAT Pellet Hook A-Static;8,09;1;8,09;3,71;23;1;8,09;;7,77;7,60;7,44;7,28;7,12;6,96;6,80;6,63;6,47;6,07
88193;253;Háčiky MADCAT Pellet Hook A-Static;7,84;1;7,84;3,71;23;1;7,84;;7,53;7,37;7,21;7,06;6,90;6,74;6,59;6,43;6,27;5,88
93160;;Prívlačová taška DELPHIN EvaSpin Walk;16,49;1;16,49;8,92;23;1;14,02;25;14,02;14,02;14,02;14,02;14,02;14,02;13,85;13,52;13,19;12,37
38097-14;254;Obratlík s karabínkou MIKADO Barrel Swivel HX 3020;1,14;1;1,14;0,45;23;1;1,04;25;1,04;1,04;1,04;1,03;1,00;0,98;0,96;0,93;0,91;0,86
38097-16;254;Obratlík s karabínkou MIKADO Barrel Swivel HX 3020;1,21;1;1,21;0,45;23;1;1,10;25;1,10;1,10;1,10;1,09;1,06;1,04;1,02;0,99;0,97;0,91
38097-20;254;Obratlík s karabínkou MIKADO Barrel Swivel HX 3020;1,21;1;1,21;0,45;23;1;1,10;25;1,10;1,10;1,10;1,09;1,06;1,04;1,02;0,99;0,97;0,91
68705;254;Obratlík s karabínkou MIKADO Barrel Swivel HX 3020;1,39;1;1,39;0,45;23;1;1,26;25;1,26;1,26;1,26;1,25;1,22;1,20;1,17;1,14;1,11;1,04
91305;255;Gumičky DELPHIN BaitFix;1,70;1;1,70;0,86;23;1;1,45;25;1,45;1,45;1,45;1,45;1,45;1,45;1,43;1,39;1,36;1,28
91306;255;Gumičky DELPHIN BaitFix;1,70;1;1,70;0,86;23;1;1,45;25;1,45;1,45;1,45;1,45;1,45;1,45;1,43;1,39;1,36;1,28
91307;255;Gumičky DELPHIN BaitFix;1,70;1;1,70;0,86;23;1;1,45;25;1,45;1,45;1,45;1,45;1,45;1,45;1,43;1,39;1,36;1,28
5808;;Vobler ILLEX CHUBBY Ayu 3,8 cm, 4 g;20,95;1;20,95;9,75;23;1;20,95;;20,11;19,69;19,27;18,86;18,44;18,02;17,60;17,18;16,76;15,71
106677;;Puzdro WESTIN W4 Rod Case Fits Rods Up To;39,99;1;39,99;27,20;23;1;39,99;;38,39;37,59;36,79;35,99;35,19;34,39;33,59;32,79;31,99;29,99
93176;;Taška DELPHIN EVA Reaxe FlexiCase;21,96;1;21,96;11,87;23;1;18,67;25;18,67;18,67;18,67;18,67;18,67;18,67;18,45;18,01;17,57;16,47
101504;;Sirup SHIMANO TX1 Food Syrup 500 ml, Monster Crab;10,49;1;10,49;5,15;23;1;10,49;;10,07;9,86;9,65;9,44;9,23;9,02;8,81;8,60;8,39;7,87
91342;;Pohybové čidlo DELPHIN Alert;16,95;1;16,95;8,88;23;1;14,41;25;14,41;14,41;14,41;14,41;14,41;14,41;14,24;13,90;13,56;12,71
5864;;Krmivo SENSAS 3000 CLUB FEEDER;3,90;1;3,90;1,82;23;1;3,90;;3,74;3,67;3,59;3,51;3,43;3,35;3,28;3,20;3,12;2,93
77749;256;Prút DAIWA Exceler Solidtip Spin;88,15;1;88,15;35,34;23;1;88,15;;84,62;82,86;81,10;79,34;77,57;75,81;74,05;72,28;70,52;66,11
77750;256;Prút DAIWA Exceler Solidtip Spin;85,08;1;85,08;34,10;23;1;85,08;;81,68;79,98;78,27;76,57;74,87;73,17;71,47;69,77;68,06;63,81
93194;;Krabička DELPHIN KlikBox Duo 175-9P;3,70;1;3,70;2,00;23;1;3,15;25;3,15;3,15;3,15;3,15;3,15;3,15;3,11;3,03;2,96;2,78
101525;;Náhradná cievka pre navijak SHIMANO Sienna 2500 FE;9,18;1;9,18;4,82;23;1;9,18;;8,81;8,63;8,45;8,26;8,08;7,89;7,71;7,53;7,34;6,89
38341;;Nálepka SILVER Sumec;1,40;1;1,40;0,50;23;1;1,19;25;1,19;1,19;1,19;1,19;1,19;1,19;1,18;1,15;1,12;1,05
10673;257;Boilie MIKBAITS Gangster G2 Ančovička & Krab & Asa;19,20;1;19,20;14,92;23;1;19,20;10;18,43;18,05;17,66;17,28;17,28;17,28;17,28;17,28;17,28;17,28
10678;257;Boilie MIKBAITS Gangster G2 Ančovička & Krab & Asa;47,99;1;47,99;36,62;23;1;47,99;10;46,07;45,11;44,15;43,19;43,19;43,19;43,19;43,19;43,19;43,19
10683;257;Boilie MIKBAITS Gangster G2 Ančovička & Krab & Asa;163,96;1;163,96;116,93;23;1;163,96;10;157,40;154,12;150,84;147,56;147,56;147,56;147,56;147,56;147,56;147,56
10684;257;Boilie MIKBAITS Gangster G2 Ančovička & Krab & Asa;180,40;1;180,40;126,02;23;1;180,40;10;173,18;169,58;165,97;162,36;162,36;162,36;162,36;162,36;162,36;162,36
46516;258;"Nástraha FANATIC Dagger Active 3,0; 7,5 cm, 8 ks";4,61;1;4,61;1,09;23;1;2,77;;2,77;2,77;2,77;2,77;2,77;2,77;2,77;2,77;2,77;2,77
46518;258;"Nástraha FANATIC Dagger Active 3,0; 7,5 cm, 8 ks";4,61;1;4,61;1,09;23;1;2,77;;2,77;2,77;2,77;2,77;2,77;2,77;2,77;2,77;2,77;2,77
46523;258;"Nástraha FANATIC Dagger Active 3,0; 7,5 cm, 8 ks";4,61;1;4,61;1,09;23;1;2,77;;2,77;2,77;2,77;2,77;2,77;2,77;2,77;2,77;2,77;2,77
46524;258;"Nástraha FANATIC Dagger Active 3,0; 7,5 cm, 8 ks";4,61;1;4,61;1,09;23;1;2,77;;2,77;2,77;2,77;2,77;2,77;2,77;2,77;2,77;2,77;2,77
93212;;Kreslo DELPHIN Thixer Banx;61,96;1;61,96;36,44;23;1;52,67;25;52,67;52,67;52,67;52,67;52,67;52,67;52,05;50,81;49,57;46,47
38446;259;Podberák DELPHIN - kovový stred;19,95;1;19,95;10,74;23;1;16,96;25;16,96;16,96;16,96;16,96;16,96;16,96;16,76;16,36;15,96;14,96
38447;259;Podberák DELPHIN - kovový stred;20,95;1;20,95;8,54;23;1;17,81;25;17,81;17,81;17,81;17,81;17,81;17,81;17,60;17,18;16,76;15,71
38448;259;Podberák DELPHIN - kovový stred;24,94;1;24,94;13,71;23;1;21,20;25;21,20;21,20;21,20;21,20;21,20;21,20;20,95;20,45;19,95;18,71
38449;259;Podberák DELPHIN - kovový stred;23,95;1;23,95;13,16;23;1;20,36;25;20,36;20,36;20,36;20,36;20,36;20,36;20,12;19,64;19,16;17,96
38450;259;Podberák DELPHIN - kovový stred;27,95;1;27,95;14,96;23;1;23,76;25;23,76;23,76;23,76;23,76;23,76;23,76;23,48;22,92;22,36;20,96
68416;;Držiak MIKADO Feeder Arm Single;29,11;1;29,11;11,79;23;1;26,49;25;26,49;26,49;26,49;26,20;25,62;25,03;24,45;23,87;23,29;21,83
20134;260;Háčiky KORDA Mixa Hook;6,65;1;6,65;3,88;23;1;6,65;;6,38;6,25;6,12;5,99;5,85;5,72;5,59;5,45;5,32;4,99
20135;260;Háčiky KORDA Mixa Hook;6,65;1;6,65;3,60;23;1;6,65;;6,38;6,25;6,12;5,99;5,85;5,72;5,59;5,45;5,32;4,99
58861;261;Nástraha LK BAITS CUC! Ananás;5,80;1;;;23;1;;;5,57;5,45;5,34;5,22;5,10;4,99;4,87;4,76;4,64;4,35
10801;;Rybársky čln KOLIBRI K 280 T šedý;437,67;1;437,67;310,50;23;1;437,67;10;420,16;411,41;402,66;393,90;393,90;393,90;393,90;393,90;393,90;393,90
93228;;Umelá nástraha DELPHIN MaggoX Pop Up, ±200 ks, Ryba;4,94;1;4,94;2,15;23;1;4,20;25;4,20;4,20;4,20;4,20;4,20;4,20;4,15;4,05;3,95;3,71
38468;262;Naviják DELPHIN Mamut;57,95;1;57,95;30,98;23;1;49,26;25;49,26;49,26;49,26;49,26;49,26;49,26;48,68;47,52;46,36;43,46
39745;262;Naviják DELPHIN Mamut;61,96;1;61,96;33,12;23;1;52,67;25;52,67;52,67;52,67;52,67;52,67;52,67;52,05;50,81;49,57;46,47
91452;;Nástraha DELPHIN D Snax Waft Syr - Pečeň;4,70;1;4,70;2,37;23;1;4,00;25;4,00;4,00;4,00;4,00;4,00;4,00;3,95;3,85;3,76;3,53
58981;263;Boilie LK BAITS Nutrigo Extra Wild Strawberry;5,01;1;5,01;2,50;23;1;5,01;;4,81;4,71;4,61;4,51;4,41;4,31;4,21;4,11;4,01;3,76
58982;263;Boilie LK BAITS Nutrigo Extra Wild Strawberry;9,90;1;9,90;5,45;23;1;9,90;;9,50;9,31;9,11;8,91;8,71;8,51;8,32;8,12;7,92;7,43
58983;263;Boilie LK BAITS Nutrigo Extra Wild Strawberry;10,50;1;10,50;5,70;23;1;10,50;;10,08;9,87;9,66;9,45;9,24;9,03;8,82;8,61;8,40;7,88
108021;;Kreslo BAT-Tackle Chillzone Super Recliner Chair;111,00;1;111,00;62,81;23;1;111,00;;106,56;104,34;102,12;99,90;97,68;95,46;93,24;91,02;88,80;83,25
93248;;Kufrík DELPHIN Yupie Case;10,50;1;10,50;4,99;23;1;8,93;25;8,93;8,93;8,93;8,93;8,93;8,93;8,82;8,61;8,40;7,88
38492;;Swinger DELPHIN CSW II BlackWay;7,50;1;7,50;4,03;23;1;6,38;25;6,38;6,38;6,38;6,38;6,38;6,38;6,30;6,15;6,00;5,63
91468;;Fluo dip DELPHIN D Snax LiquiX, Syr - Pečeň;7,80;1;7,80;4,12;23;1;6,63;25;6,63;6,63;6,63;6,63;6,63;6,63;6,55;6,40;6,24;5,85
20329;;Šnúra KORDA Basix Spod/ Marker Braid;25,61;1;25,61;13,88;23;1;25,61;;24,59;24,07;23,56;23,05;22,54;22,02;21,51;21,00;20,49;19,21
88433;;Nožnice MADCAT Braid Scissor DLX;15,28;1;15,28;6,96;23;1;15,28;;14,67;14,36;14,06;13,75;13,45;13,14;12,84;12,53;12,22;11,46
108038;;Koreniaca zmes Eversmoke Räucherlake gebrauchsfertig, 200 g;3,89;1;3,89;1,42;23;1;3,89;;3,73;3,66;3,58;3,50;3,42;3,35;3,27;3,19;3,11;2,92
93265;;Uvoľňovacia kotva DELPHIN Help na montáže;19,95;1;19,95;10,23;23;1;16,96;25;16,96;16,96;16,96;16,96;16,96;16,96;16,76;16,36;15,96;14,96
91514;264;Prút DELPHIN Armagedon;51,96;1;51,96;16,35;23;1;44,17;25;44,17;44,17;44,17;44,17;44,17;44,17;43,65;42,61;41,57;38,97
91515;264;Prút DELPHIN Armagedon;56,95;1;56,95;18,07;23;1;48,41;25;48,41;48,41;48,41;48,41;48,41;48,41;47,84;46,70;45,56;42,71
20347;265;Olovená šnúra KORDA Kable XT Extreme Leadcore Brown;20,49;1;20,49;11,11;23;1;20,49;;19,67;19,26;18,85;18,44;18,03;17,62;17,21;16,80;16,39;15,37
20348;265;Olovená šnúra KORDA Kable XT Extreme Leadcore Brown;20,49;1;20,49;11,11;23;1;20,49;;19,67;19,26;18,85;18,44;18,03;17,62;17,21;16,80;16,39;15,37
46728;266;"Nástraha FANATIK Viper 2,0&quot;; 5 cm, 10 ks";4,15;1;;;23;1;;;3,98;3,90;3,82;3,74;3,65;3,57;3,49;3,40;3,32;3,11
93284;267;Nástraha DELPHIN D Snax Shell Wafters, Losos & Rak, 30 g;4,94;1;4,94;2,66;23;1;4,20;25;4,20;4,20;4,20;4,20;4,20;4,20;4,15;4,05;3,95;3,71
93285;267;Nástraha DELPHIN D Snax Shell Wafters, Losos & Rak, 30 g;4,94;1;4,94;2,47;23;1;4,20;25;4,20;4,20;4,20;4,20;4,20;4,20;4,15;4,05;3,95;3,71
93286;267;Nástraha DELPHIN D Snax Shell Wafters, Losos & Rak, 30 g;4,94;1;4,94;2,66;23;1;4,20;25;4,20;4,20;4,20;4,20;4,20;4,20;4,15;4,05;3,95;3,71
68508;268;Vobler MIKADO M-Tail Hot Perch;4,18;1;4,18;2,03;23;1;3,80;25;3,80;3,80;3,80;3,76;3,68;3,59;3,51;3,43;3,34;3,14
68509;268;Vobler MIKADO M-Tail Hot Perch;4,28;1;4,28;1,97;23;1;3,89;25;3,89;3,89;3,89;3,85;3,77;3,68;3,60;3,51;3,42;3,21
91543;269;Krmítko DELPHIN Eco Splash bez olova;1,50;1;1,50;0,70;23;1;1,28;25;1,28;1,28;1,28;1,28;1,28;1,28;1,26;1,23;1,20;1,13
91545;269;Krmítko DELPHIN Eco Splash bez olova;1,60;1;1,60;0,75;23;1;1,36;25;1,36;1,36;1,36;1,36;1,36;1,36;1,34;1,31;1,28;1,20
91546;269;Krmítko DELPHIN Eco Splash bez olova;1,70;1;1,70;0,80;23;1;1,45;25;1,45;1,45;1,45;1,45;1,45;1,45;1,43;1,39;1,36;1,28
91547;269;Krmítko DELPHIN Eco Splash bez olova;1,80;1;1,80;0,85;23;1;1,53;25;1,53;1,53;1,53;1,53;1,53;1,53;1,51;1,48;1,44;1,35
91548;269;Krmítko DELPHIN Eco Splash bez olova;1,40;1;1,40;0,65;23;1;1,19;25;1,19;1,19;1,19;1,19;1,19;1,19;1,18;1,15;1,12;1,05
91549;269;Krmítko DELPHIN Eco Splash bez olova;1,40;1;1,40;0,65;23;1;1,19;25;1,19;1,19;1,19;1,19;1,19;1,19;1,18;1,15;1,12;1,05
91550;269;Krmítko DELPHIN Eco Splash bez olova;1,50;1;1,50;0,70;23;1;1,28;25;1,28;1,28;1,28;1,28;1,28;1,28;1,26;1,23;1,20;1,13
91551;269;Krmítko DELPHIN Eco Splash bez olova;1,50;1;1,50;0,70;23;1;1,28;25;1,28;1,28;1,28;1,28;1,28;1,28;1,26;1,23;1,20;1,13
91552;269;Krmítko DELPHIN Eco Splash bez olova;1,60;1;1,60;0,75;23;1;1,36;25;1,36;1,36;1,36;1,36;1,36;1,36;1,34;1,31;1,28;1,20
91553;269;Krmítko DELPHIN Eco Splash bez olova;1,70;1;1,70;0,80;23;1;1,45;25;1,45;1,45;1,45;1,45;1,45;1,45;1,43;1,39;1,36;1,28
91554;269;Krmítko DELPHIN Eco Splash bez olova;1,80;1;1,80;0,86;23;1;1,53;25;1,53;1,53;1,53;1,53;1,53;1,53;1,51;1,48;1,44;1,35
91557;269;Krmítko DELPHIN Eco Splash bez olova;1,50;1;1,50;0,75;23;1;1,28;25;1,28;1,28;1,28;1,28;1,28;1,28;1,26;1,23;1,20;1,13
91558;269;Krmítko DELPHIN Eco Splash bez olova;1,50;1;1,50;0,70;23;1;1,28;25;1,28;1,28;1,28;1,28;1,28;1,28;1,26;1,23;1,20;1,13
91559;269;Krmítko DELPHIN Eco Splash bez olova;1,60;1;1,60;0,75;23;1;1,36;25;1,36;1,36;1,36;1,36;1,36;1,36;1,34;1,31;1,28;1,20
91560;269;Krmítko DELPHIN Eco Splash bez olova;1,60;1;1,60;0,75;23;1;1,36;25;1,36;1,36;1,36;1,36;1,36;1,36;1,34;1,31;1,28;1,20
91561;269;Krmítko DELPHIN Eco Splash bez olova;1,70;1;1,70;0,85;23;1;1,45;25;1,45;1,45;1,45;1,45;1,45;1,45;1,43;1,39;1,36;1,28
91562;269;Krmítko DELPHIN Eco Splash bez olova;1,80;1;1,80;0,85;23;1;1,53;25;1,53;1,53;1,53;1,53;1,53;1,53;1,51;1,48;1,44;1,35
91563;269;Krmítko DELPHIN Eco Splash bez olova;1,89;1;1,89;0,90;23;1;1,61;25;1,61;1,61;1,61;1,61;1,61;1,61;1,59;1,55;1,51;1,42
20368;;Rovnátka KORDA Combi Multi Kickers Green Medium, 10 ks;6,14;1;6,14;3,33;23;1;6,14;;5,89;5,77;5,65;5,53;5,40;5,28;5,16;5,03;4,91;4,61
10842;;Čln KOLIBRI KM-245 D nafukovací kýl, pevná podlaha;755,43;1;755,43;532,50;23;1;755,43;10;725,21;710,10;695,00;679,89;679,89;679,89;679,89;679,89;679,89;679,89
77873;270;Prút DAIWA Fuego Predator Travel Spin;107,00;1;107,00;55,50;23;1;107,00;;102,72;100,58;98,44;96,30;94,16;92,02;89,88;87,74;85,60;80,25
77874;270;Prút DAIWA Fuego Predator Travel Spin;114,00;1;114,00;59,25;23;1;114,00;;109,44;107,16;104,88;102,60;100,32;98,04;95,76;93,48;91,20;85,50
93301;271;Rukoväť DELPHIN TeleMaster;27,95;1;27,95;13,83;23;1;23,76;25;23,76;23,76;23,76;23,76;23,76;23,76;23,48;22,92;22,36;20,96
93302;271;Rukoväť DELPHIN TeleMaster;30,95;1;30,95;15,36;23;1;26,31;25;26,31;26,31;26,31;26,31;26,31;26,31;26,00;25,38;24,76;23,21
101639;;Náhradná cievka SHIMANO Stradic CI4+ 2500 RA;27,95;1;27,95;15,06;23;1;27,95;;26,83;26,27;25,71;25,16;24,60;24,04;23,48;22,92;22,36;20,96
38784;;Wolfrámový stoper DELPHIN The End;3,00;1;3,00;1,50;23;1;2,55;25;2,55;2,55;2,55;2,55;2,55;2,55;2,52;2,46;2,40;2,25
13600;272;Plavák EXPERT Waggler 6LD;9,50;1;9,50;5,76;23;1;9,50;;9,12;8,93;8,74;8,55;8,36;8,17;7,98;7,79;7,60;7,13
21478;272;Plavák EXPERT Waggler 6LD;9,50;1;9,50;5,76;23;1;9,50;;9,12;8,93;8,74;8,55;8,36;8,17;7,98;7,79;7,60;7,13
88323;273;Blyskáč DAM Effzett Standard Spinner;2,45;1;2,45;1,23;23;1;2,45;;2,35;2,30;2,25;2,21;2,16;2,11;2,06;2,01;1,96;1,84
88333;273;Blyskáč DAM Effzett Standard Spinner;2,55;1;2,55;1,33;23;1;2,55;;2,45;2,40;2,35;2,30;2,24;2,19;2,14;2,09;2,04;1,91
88582;273;Blyskáč DAM Effzett Standard Spinner;3,39;1;3,39;2,30;23;1;3,47;;3,25;3,19;3,12;3,05;2,98;2,92;2,85;2,78;2,71;2,54
93317;274;Bunda DELPHIN CruisAir Winter 5T;89,95;1;89,95;48,86;23;1;76,46;25;76,46;76,46;76,46;76,46;76,46;76,46;75,56;73,76;71,96;67,46
93318;274;Bunda DELPHIN CruisAir Winter 5T;89,95;1;89,95;48,86;23;1;76,46;25;76,46;76,46;76,46;76,46;76,46;76,46;75,56;73,76;71,96;67,46
93319;274;Bunda DELPHIN CruisAir Winter 5T;89,95;1;89,95;48,86;23;1;76,46;25;76,46;76,46;76,46;76,46;76,46;76,46;75,56;73,76;71,96;67,46
93320;274;Bunda DELPHIN CruisAir Winter 5T;89,95;1;89,95;51,99;23;1;76,46;25;76,46;76,46;76,46;76,46;76,46;76,46;75,56;73,76;71,96;67,46
93321;274;Bunda DELPHIN CruisAir Winter 5T;89,95;1;89,95;48,86;23;1;76,46;25;76,46;76,46;76,46;76,46;76,46;76,46;75,56;73,76;71,96;67,46
93322;274;Bunda DELPHIN CruisAir Winter 5T;89,95;1;89,95;48,86;23;1;76,46;25;76,46;76,46;76,46;76,46;76,46;76,46;75,56;73,76;71,96;67,46
93323;274;Bunda DELPHIN CruisAir Winter 5T;89,95;1;89,95;50,84;23;1;76,46;25;76,46;76,46;76,46;76,46;76,46;76,46;75,56;73,76;71,96;67,46
101657;275;Navijak SHIMANO Ultegra C2500S FD;154,96;1;154,96;85,64;23;1;154,96;;148,76;145,66;142,56;139,46;136,36;133,27;130,17;127,07;123,97;116,22
101658;275;Navijak SHIMANO Ultegra C2500S FD;164,96;1;164,96;91,17;23;1;164,96;;158,36;155,06;151,76;148,46;145,16;141,87;138,57;135,27;131,97;123,72
101767;275;Navijak SHIMANO Ultegra C2500S FD;182,95;1;182,95;103,18;23;1;182,95;;175,63;171,97;168,31;164,66;161,00;157,34;153,68;150,02;146,36;137,21
101779;275;Navijak SHIMANO Ultegra C2500S FD;172,95;1;172,95;95,59;23;1;172,95;;166,03;162,57;159,11;155,66;152,20;148,74;145,28;141,82;138,36;129,71
68542;276;Podberáková hlava MIKADO Landing Net Head Soft Mesh;15,17;1;15,17;6,16;23;1;13,80;25;13,80;13,80;13,80;13,65;13,35;13,05;12,74;12,44;12,14;11,38
68543;276;Podberáková hlava MIKADO Landing Net Head Soft Mesh;16,91;1;16,91;6,93;23;1;15,39;25;15,39;15,39;15,39;15,22;14,88;14,54;14,20;13,87;13,53;12,68
22250A;277;PPV lano polypropylenové pletené bez jadra;0,39;1;0,39;0,13;23;1;0,39;;0,37;0,37;0,36;0,35;0,34;0,34;0,33;0,32;0,31;0,29
22251;277;PPV lano polypropylenové pletené bez jadra;0,62;1;0,62;0,27;23;1;0,62;;0,60;0,58;0,57;0,56;0,55;0,53;0,52;0,51;0,50;0,47
22252;277;PPV lano polypropylenové pletené bez jadra;1,11;1;1,11;0,44;23;1;1,11;;1,07;1,04;1,02;1,00;0,98;0,95;0,93;0,91;0,89;0,83
22270;277;PPV lano polypropylenové pletené bez jadra;0,41;1;0,41;0,27;23;1;0,41;;0,39;0,39;0,38;0,37;0,36;0,35;0,34;0,34;0,33;0,31
22273;277;PPV lano polypropylenové pletené bez jadra;1,88;1;1,88;0,65;23;1;1,88;;1,80;1,77;1,73;1,69;1,65;1,62;1,58;1,54;1,50;1,41
88635;278;Jig SAVAGE GEAR Ball Jighead;0,53;1;0,53;0,24;23;1;0,53;;0,51;0,50;0,49;0,48;0,47;0,46;0,45;0,43;0,42;0,40
88661;278;Jig SAVAGE GEAR Ball Jighead;0,65;1;0,65;0,29;23;1;0,65;;0,62;0,61;0,60;0,59;0,57;0,56;0,55;0,53;0,52;0,49
88662;278;Jig SAVAGE GEAR Ball Jighead;0,66;1;0,66;0,32;23;1;0,66;;0,63;0,62;0,61;0,59;0,58;0,57;0,55;0,54;0,53;0,50
88663;278;Jig SAVAGE GEAR Ball Jighead;0,65;1;0,65;0,31;23;1;0,66;;0,62;0,61;0,60;0,59;0,57;0,56;0,55;0,53;0,52;0,49
88665;278;Jig SAVAGE GEAR Ball Jighead;0,57;1;0,57;0,27;23;1;0,57;;0,55;0,54;0,52;0,51;0,50;0,49;0,48;0,47;0,46;0,43
88719;278;Jig SAVAGE GEAR Ball Jighead;0,59;1;0,59;0,28;23;1;0,59;;0,57;0,55;0,54;0,53;0,52;0,51;0,50;0,48;0,47;0,44
88720;278;Jig SAVAGE GEAR Ball Jighead;0,58;1;0,58;0,26;23;1;0,58;;0,56;0,55;0,53;0,52;0,51;0,50;0,49;0,48;0,46;0,44
88830;278;Jig SAVAGE GEAR Ball Jighead;0,59;1;0,59;0,25;23;1;0,59;;0,57;0,55;0,54;0,53;0,52;0,51;0,50;0,48;0,47;0,44
88831;278;Jig SAVAGE GEAR Ball Jighead;0,53;1;0,53;0,24;23;1;0,53;;0,51;0,50;0,49;0,48;0,47;0,46;0,45;0,43;0,42;0,40
88832;278;Jig SAVAGE GEAR Ball Jighead;0,59;1;0,59;0,24;23;1;0,59;;0,57;0,55;0,54;0,53;0,52;0,51;0,50;0,48;0,47;0,44
108631;279;Závažie BALZER Shirasu Clip-On Lure Weight, 3 ks;1,80;1;1,80;0,96;23;1;1,80;;1,73;1,69;1,66;1,62;1,58;1,55;1,51;1,48;1,44;1,35
108632;279;Závažie BALZER Shirasu Clip-On Lure Weight, 3 ks;2,00;1;2,00;1,11;23;1;2,00;;1,92;1,88;1,84;1,80;1,76;1,72;1,68;1,64;1,60;1,50
108633;279;Závažie BALZER Shirasu Clip-On Lure Weight, 3 ks;2,30;1;2,30;1,27;23;1;2,30;;2,21;2,16;2,12;2,07;2,02;1,98;1,93;1,89;1,84;1,73
46870;280;"Nástraha FANATIK GIPNOZ 2,2""; 5,6 cm, 7 ks";4,26;1;4,26;1,09;23;1;2,56;;2,56;2,56;2,56;2,56;2,56;2,56;2,56;2,56;2,56;2,56
46871;280;"Nástraha FANATIK GIPNOZ 2,2""; 5,6 cm, 7 ks";4,26;1;4,26;2,60;23;1;2,56;;2,56;2,56;2,56;2,56;2,56;2,56;2,56;2,56;2,56;2,56
46872;280;"Nástraha FANATIK GIPNOZ 2,2""; 5,6 cm, 7 ks";4,26;1;4,26;1,09;23;1;2,56;;2,56;2,56;2,56;2,56;2,56;2,56;2,56;2,56;2,56;2,56
46874;280;"Nástraha FANATIK GIPNOZ 2,2""; 5,6 cm, 7 ks";4,26;1;4,26;1,09;23;1;2,56;;2,56;2,56;2,56;2,56;2,56;2,56;2,56;2,56;2,56;2,56
46875;280;"Nástraha FANATIK GIPNOZ 2,2""; 5,6 cm, 7 ks";4,26;1;4,26;2,60;23;1;2,56;;2,56;2,56;2,56;2,56;2,56;2,56;2,56;2,56;2,56;2,56
46877;280;"Nástraha FANATIK GIPNOZ 2,2""; 5,6 cm, 7 ks";4,26;1;4,26;2,60;23;1;2,56;;2,56;2,56;2,56;2,56;2,56;2,56;2,56;2,56;2,56;2,56
46878;280;"Nástraha FANATIK GIPNOZ 2,2""; 5,6 cm, 7 ks";4,26;1;4,26;1,09;23;1;2,56;;2,56;2,56;2,56;2,56;2,56;2,56;2,56;2,56;2,56;2,56
46882;280;"Nástraha FANATIK GIPNOZ 2,2""; 5,6 cm, 7 ks";4,26;1;4,26;1,09;23;1;2,56;;2,56;2,56;2,56;2,56;2,56;2,56;2,56;2,56;2,56;2,56
46883;280;"Nástraha FANATIK GIPNOZ 2,2""; 5,6 cm, 7 ks";4,26;1;4,26;2,60;23;1;2,56;;2,56;2,56;2,56;2,56;2,56;2,56;2,56;2,56;2,56;2,56
46884;280;"Nástraha FANATIK GIPNOZ 2,2""; 5,6 cm, 7 ks";4,26;1;4,26;2,60;23;1;2,56;;2,56;2,56;2,56;2,56;2,56;2,56;2,56;2,56;2,56;2,56
96993;280;"Nástraha FANATIK GIPNOZ 2,2""; 5,6 cm, 7 ks";4,26;1;4,26;2,60;23;1;2,56;;2,56;2,56;2,56;2,56;2,56;2,56;2,56;2,56;2,56;2,56
93335;;Čiapka DELPHIN Sailor;10,95;1;10,95;5,39;23;1;9,31;25;9,31;9,31;9,31;9,31;9,31;9,31;9,20;8,98;8,76;8,21
101672;;Okuliare SHIMANO Technium Matte Black & Blue Mirror;44,94;1;44,94;16,52;23;1;44,94;;43,14;42,24;41,34;40,45;39,55;38,65;37,75;36,85;35,95;33,71
68567;281;SET 3x krmítko + forma MIKADO Method Feeder Shot Q.M.F. L;11,00;1;11,00;5,04;23;1;10,01;25;10,01;10,01;10,01;9,90;9,68;9,46;9,24;9,02;8,80;8,25
68568;281;SET 3x krmítko + forma MIKADO Method Feeder Shot Q.M.F. L;11,59;1;11,59;5,36;23;1;10,55;25;10,55;10,55;10,55;10,43;10,20;9,97;9,74;9,50;9,27;8,69
68569;281;SET 3x krmítko + forma MIKADO Method Feeder Shot Q.M.F. L;12,15;1;12,15;5,33;23;1;11,06;25;11,06;11,06;11,06;10,94;10,69;10,45;10,21;9,96;9,72;9,11
91607;282;Prsačky DELPHIN Classa;59,95;1;59,95;32,41;23;1;50,96;25;50,96;50,96;50,96;50,96;50,96;50,96;50,36;49,16;47,96;44,96
91608;282;Prsačky DELPHIN Classa;59,95;1;59,95;32,41;23;1;50,96;25;50,96;50,96;50,96;50,96;50,96;50,96;50,36;49,16;47,96;44,96
91609;282;Prsačky DELPHIN Classa;59,95;1;59,95;31,33;23;1;50,96;25;50,96;50,96;50,96;50,96;50,96;50,96;50,36;49,16;47,96;44,96
91610;282;Prsačky DELPHIN Classa;59,95;1;59,95;32,41;23;1;50,96;25;50,96;50,96;50,96;50,96;50,96;50,96;50,36;49,16;47,96;44,96
91611;282;Prsačky DELPHIN Classa;59,95;1;59,95;32,41;23;1;50,96;25;50,96;50,96;50,96;50,96;50,96;50,96;50,36;49,16;47,96;44,96
91612;282;Prsačky DELPHIN Classa;59,95;1;59,95;32,41;23;1;50,96;25;50,96;50,96;50,96;50,96;50,96;50,96;50,36;49,16;47,96;44,96
91613;282;Prsačky DELPHIN Classa;59,95;1;59,95;31,33;23;1;50,96;25;50,96;50,96;50,96;50,96;50,96;50,96;50,36;49,16;47,96;44,96
91614;282;Prsačky DELPHIN Classa;59,95;1;59,95;32,41;23;1;50,96;25;50,96;50,96;50,96;50,96;50,96;50,96;50,36;49,16;47,96;44,96
91615;282;Prsačky DELPHIN Classa;59,95;1;59,95;31,33;23;1;50,96;25;50,96;50,96;50,96;50,96;50,96;50,96;50,36;49,16;47,96;44,96
91616;282;Prsačky DELPHIN Classa;59,95;1;59,95;32,41;23;1;50,96;25;50,96;50,96;50,96;50,96;50,96;50,96;50,36;49,16;47,96;44,96
91617;282;Prsačky DELPHIN Classa;59,95;1;59,95;32,41;23;1;50,96;25;50,96;50,96;50,96;50,96;50,96;50,96;50,36;49,16;47,96;44,96
91618;282;Prsačky DELPHIN Classa;59,95;1;59,95;32,41;23;1;50,96;25;50,96;50,96;50,96;50,96;50,96;50,96;50,36;49,16;47,96;44,96
22811;;Balachan block MK BAITS z morských kreviet;7,59;1;7,59;4,92;23;1;7,59;;7,29;7,13;6,98;6,83;6,68;6,53;6,38;6,22;6,07;5,69
59836;283;Plandavka MIKADO Spoon Trout Campione Mini 2,2cm;1,64;1;1,64;0,57;23;1;1,49;25;1,49;1,49;1,49;1,48;1,44;1,41;1,38;1,34;1,31;1,23
59838;283;Plandavka MIKADO Spoon Trout Campione Mini 2,2cm;1,54;1;1,54;0,61;23;1;1,40;25;1,40;1,40;1,40;1,39;1,36;1,32;1,29;1,26;1,23;1,16
59839;283;Plandavka MIKADO Spoon Trout Campione Mini 2,2cm;1,64;1;1,64;0,61;23;1;1,49;25;1,49;1,49;1,49;1,48;1,44;1,41;1,38;1,34;1,31;1,23
59840;283;Plandavka MIKADO Spoon Trout Campione Mini 2,2cm;1,64;1;1,64;0,61;23;1;1,49;25;1,49;1,49;1,49;1,48;1,44;1,41;1,38;1,34;1,31;1,23
101690;;Vobler SHIMANO Bantam BT World Diver 99SP FB, 002 Black Gold;21,96;1;21,96;8,87;23;1;21,96;;21,08;20,64;20,20;19,76;19,32;18,89;18,45;18,01;17,57;16,47
6852;284;Rotačka Mepps AGLIA zlatá;2,80;1;2,80;1,67;23;1;2,80;;2,69;2,63;2,58;2,52;2,46;2,41;2,35;2,30;2,24;2,10
6855;284;Rotačka Mepps AGLIA zlatá;2,80;1;2,80;1,70;23;1;2,80;;2,69;2,63;2,58;2,52;2,46;2,41;2,35;2,30;2,24;2,10
6859;284;Rotačka Mepps AGLIA zlatá;2,80;1;2,80;1,70;23;1;2,80;;2,69;2,63;2,58;2,52;2,46;2,41;2,35;2,30;2,24;2,10
6863;284;Rotačka Mepps AGLIA zlatá;2,80;1;2,80;1,70;23;1;2,80;;2,69;2,63;2,58;2,52;2,46;2,41;2,35;2,30;2,24;2,10
6972;284;Rotačka Mepps AGLIA zlatá;2,80;1;2,80;1,70;23;1;2,80;;2,69;2,63;2,58;2,52;2,46;2,41;2,35;2,30;2,24;2,10
79000;;Bivak ZFISH Deluxe King 2 Man;246,55;1;246,55;125,63;23;1;246,55;;236,69;231,76;226,83;221,90;216,96;212,03;207,10;202,17;197,24;184,91
101711;285;Nepremokavá bunda SHIMANO Rain Jacket Padded Black;139,95;1;139,95;56,57;23;1;139,95;;134,35;131,55;128,75;125,96;123,16;120,36;117,56;114,76;111,96;104,96
101712;285;Nepremokavá bunda SHIMANO Rain Jacket Padded Black;139,95;1;139,95;56,57;23;1;139,95;;134,35;131,55;128,75;125,96;123,16;120,36;117,56;114,76;111,96;104,96
68605;286;Elektronické svetlo MIKADO Lightstick Electronic Tip, Green;3,15;1;3,15;1,58;23;1;2,87;25;2,87;2,87;2,87;2,84;2,77;2,71;2,65;2,58;2,52;2,36
68607;286;Elektronické svetlo MIKADO Lightstick Electronic Tip, Green;3,05;1;3,05;1,58;23;1;2,78;25;2,78;2,78;2,78;2,75;2,68;2,62;2,56;2,50;2,44;2,29
88659;287;Jig SAVAGE GEAR Micro Jighead;3,06;1;3,06;1,39;23;1;3,06;;2,94;2,88;2,82;2,75;2,69;2,63;2,57;2,51;2,45;2,30
88660;287;Jig SAVAGE GEAR Micro Jighead;3,06;1;3,06;1,58;23;1;3,06;;2,94;2,88;2,82;2,75;2,69;2,63;2,57;2,51;2,45;2,30
108679;;Plandavka BALZER Torro Spoon 3,5 g, Rainbow Spots;4,19;1;4,19;2,32;23;1;4,19;;4,02;3,94;3,85;3,77;3,69;3,60;3,52;3,44;3,35;3,14
101727;288;Tričko SHIMANO Shorts Sleeve Polo Blue;24,94;1;24,94;10,08;23;1;24,94;;23,94;23,44;22,94;22,45;21,95;21,45;20,95;20,45;19,95;18,71
101728;288;Tričko SHIMANO Shorts Sleeve Polo Blue;24,94;1;24,94;10,08;23;1;24,94;;23,94;23,44;22,94;22,45;21,95;21,45;20,95;20,45;19,95;18,71
101729;288;Tričko SHIMANO Shorts Sleeve Polo Blue;24,94;1;24,94;10,08;23;1;24,94;;23,94;23,44;22,94;22,45;21,95;21,45;20,95;20,45;19,95;18,71
23205;;Boilie stoper CarpZoom;1,54;1;1,54;0,70;23;1;1,54;;1,48;1,45;1,42;1,39;1,36;1,32;1,29;1,26;1,23;1,16
88773;;Sada plandaviek DAM Slim Pack 1, 18g, 5ks;9,00;1;9,00;4,47;23;1;9,00;;8,64;8,46;8,28;8,10;7,92;7,74;7,56;7,38;7,20;6,75
108695;;Dumbells BALZER Method Feeder Dumbles, Halibut & Kalmár;7,29;1;7,29;3,99;23;1;7,29;;7,00;6,85;6,71;6,56;6,42;6,27;6,12;5,98;5,83;5,47
7905-10;289;Obratlík ROBINSON Rolling Swivel;0,84;1;0,84;0,46;23;1;0,84;;0,81;0,79;0,77;0,76;0,74;0,72;0,71;0,69;0,67;0,63
7905-12;289;Obratlík ROBINSON Rolling Swivel;0,91;1;0,91;0,46;23;1;0,91;;0,87;0,86;0,84;0,82;0,80;0,78;0,76;0,75;0,73;0,68
101747;290;Prút SHIMANO Aero X1A Carp Feeder;74,94;1;74,94;30,30;23;1;74,94;;71,94;70,44;68,94;67,45;65,95;64,45;62,95;61,45;59,95;56,21
101748;290;Prút SHIMANO Aero X1A Carp Feeder;84,96;1;84,96;34,34;23;1;84,96;;81,56;79,86;78,16;76,46;74,76;73,07;71,37;69,67;67,97;63,72
39044;;Púzdro DELPHIN Area RIG Carpath;16,95;1;16,95;9,41;23;1;14,41;25;14,41;14,41;14,41;14,41;14,41;14,41;14,24;13,90;13,56;12,71
23665;;SET = Kreslo - lehátko MIVARDI Recliner New Dynasty;159,99;1;159,99;82,64;23;1;143,99;10;143,99;143,99;143,99;143,99;143,99;143,99;143,99;143,99;143,99;143,99
62006;;Varič THUNDER v kufríku;33,86;1;33,86;30,13;23;1;33,86;10;32,51;31,83;31,15;30,47;30,47;30,47;30,47;30,47;30,47;30,47
108711;;Bukové piliny BALZER jemné;5,40;1;5,40;2,98;23;1;5,40;;5,18;5,08;4,97;4,86;4,75;4,64;4,54;4,43;4,32;4,05
79072;;Nožnice ZFISH;3,49;1;3,49;1,59;23;1;3,49;;3,35;3,28;3,21;3,14;3,07;3,00;2,93;2,86;2,79;2,62
93417;291;Outdoorové nepremokavé topánky DELPHIN Ixtera Rivez;55,95;1;55,95;30,25;23;1;47,56;25;47,56;47,56;47,56;47,56;47,56;47,56;47,00;45,88;44,76;41,96
93418;291;Outdoorové nepremokavé topánky DELPHIN Ixtera Rivez;55,95;1;55,95;30,25;23;1;47,56;25;47,56;47,56;47,56;47,56;47,56;47,56;47,00;45,88;44,76;41,96
93419;291;Outdoorové nepremokavé topánky DELPHIN Ixtera Rivez;55,95;1;55,95;30,25;23;1;47,56;25;47,56;47,56;47,56;47,56;47,56;47,56;47,00;45,88;44,76;41,96
93420;291;Outdoorové nepremokavé topánky DELPHIN Ixtera Rivez;55,95;1;55,95;30,25;23;1;47,56;25;47,56;47,56;47,56;47,56;47,56;47,56;47,00;45,88;44,76;41,96
93421;291;Outdoorové nepremokavé topánky DELPHIN Ixtera Rivez;55,95;1;55,95;30,25;23;1;47,56;25;47,56;47,56;47,56;47,56;47,56;47,56;47,00;45,88;44,76;41,96
93422;291;Outdoorové nepremokavé topánky DELPHIN Ixtera Rivez;55,95;1;55,95;30,25;23;1;47,56;25;47,56;47,56;47,56;47,56;47,56;47,56;47,00;45,88;44,76;41,96
101765;292;Šnúra SHIMANO Line Kairiki 8 Mantis Green, 150 m;19,95;1;19,95;8,06;23;1;19,95;;19,15;18,75;18,35;17,96;17,56;17,16;16,76;16,36;15,96;14,96
101766;292;Šnúra SHIMANO Line Kairiki 8 Mantis Green, 150 m;19,95;1;19,95;8,06;23;1;19,95;;19,15;18,75;18,35;17,96;17,56;17,16;16,76;16,36;15,96;14,96
68656;;SET - lehátko MIKADO Enclave Sleep System 8 Legs so spacákom;249,99;1;249,99;121,31;23;1;227,49;25;227,49;227,49;227,49;224,99;219,99;214,99;209,99;204,99;199,99;187,49
91696;;Obratlík DELPHIN The End Q-Cast s krúžkom a rýchloklipom;6,49;1;6,49;2,71;23;1;5,52;25;5,52;5,52;5,52;5,52;5,52;5,52;5,45;5,32;5,19;4,87
108727;;Polarizačné okuliare BALZER Ibiza;31,21;1;31,21;17,05;23;1;31,21;;29,96;29,34;28,71;28,09;27,46;26,84;26,22;25,59;24,97;23,41
101796;;Navijak SHIMANO Stella 2500S FK;759,96;1;759,96;500,05;23;1;759,96;;729,56;714,36;699,16;683,96;668,76;653,57;638,37;623,17;607,97;569,97
39204;;Krimpovacie kliešte DELPHIN Crimper;10,50;1;10,50;5,25;23;1;8,93;25;8,93;8,93;8,93;8,93;8,93;8,93;8,82;8,61;8,40;7,88
62361;293;Závesné olovo GB;1,09;1;1,09;0,65;23;1;1,09;;1,05;1,02;1,00;0,98;0,96;0,94;0,92;0,89;0,87;0,82
62365;293;Závesné olovo GB;1,55;1;1,55;0,92;23;1;1,55;;1,49;1,46;1,43;1,40;1,36;1,33;1,30;1,27;1,24;1,16
62366;293;Závesné olovo GB;1,66;1;1,66;1,16;23;1;1,66;;1,59;1,56;1,53;1,49;1,46;1,43;1,39;1,36;1,33;1,25
62367;293;Závesné olovo GB;1,78;1;1,78;1,25;23;1;1,78;;1,71;1,67;1,64;1,60;1,57;1,53;1,50;1,46;1,42;1,34
109010;294;Boilie TB Baits GLM Squid Strawbery, 250 g;5,99;1;5,99;2,92;23;1;5,99;15;5,75;5,63;5,51;5,39;5,27;5,15;5,09;5,09;5,09;5,09
109011;294;Boilie TB Baits GLM Squid Strawbery, 250 g;5,99;1;5,99;2,92;23;1;5,99;15;5,75;5,63;5,51;5,39;5,27;5,15;5,09;5,09;5,09;5,09
109012;294;Boilie TB Baits GLM Squid Strawbery, 250 g;5,60;1;5,60;2,92;23;1;5,60;15;5,38;5,26;5,15;5,04;4,93;4,82;4,76;4,76;4,76;4,76
47302;;Navijak OKUMA Aventa Baitfeeder 6000;87,02;1;87,02;52,74;23;1;87,02;;83,54;81,80;80,06;78,32;76,58;74,84;73,10;71,36;69,62;65,27
68689;;Rýchloobratlík MIKADO Carp Fine Line veľ. 8;2,60;1;2,60;0,89;23;1;2,37;25;2,37;2,37;2,37;2,34;2,29;2,24;2,18;2,13;2,08;1,95
91736;295;Obratlík DELPHIN Rolling Swivel with Japan Snap;3,39;1;3,39;1,49;23;1;2,88;25;2,88;2,88;2,88;2,88;2,88;2,88;2,85;2,78;2,71;2,54
91737;295;Obratlík DELPHIN Rolling Swivel with Japan Snap;3,20;1;3,20;1,40;23;1;2,72;25;2,72;2,72;2,72;2,72;2,72;2,72;2,69;2,62;2,56;2,40
91738;295;Obratlík DELPHIN Rolling Swivel with Japan Snap;2,90;1;2,90;1,27;23;1;2,47;25;2,47;2,47;2,47;2,47;2,47;2,47;2,44;2,38;2,32;2,18
91739;295;Obratlík DELPHIN Rolling Swivel with Japan Snap;2,71;1;2,71;1,18;23;1;2,30;25;2,30;2,30;2,30;2,30;2,30;2,30;2,28;2,22;2,17;2,03
24160;;Palivový konektor HONDA na nádrž Assy;51,24;1;51,24;45,38;23;1;51,24;3;49,70;49,70;49,70;49,70;49,70;49,70;49,70;49,70;49,70;49,70
88941;;Nymfa SAVAGE GEAR 3D TPE Mayfly Nymph Olive;6,14;1;6,14;2,74;23;1;6,14;;5,89;5,77;5,65;5,53;5,40;5,28;5,16;5,03;4,91;4,61
109026;296;Boilie TB Baits Red Crab, 250 g;5,19;1;5,19;2,53;23;1;5,19;15;4,98;4,88;4,77;4,67;4,57;4,46;4,41;4,41;4,41;4,41
109027;296;Boilie TB Baits Red Crab, 250 g;5,19;1;5,19;2,53;23;1;5,19;15;4,98;4,88;4,77;4,67;4,57;4,46;4,41;4,41;4,41;4,41
109028;296;Boilie TB Baits Red Crab, 250 g;5,19;1;5,19;2,53;23;1;5,19;15;4,98;4,88;4,77;4,67;4,57;4,46;4,41;4,41;4,41;4,41
93465;297;Volfrámový jig DELPHIN T-Area BL, 5 ks, fluo žltý;3,39;1;3,39;1,77;23;1;2,88;25;2,88;2,88;2,88;2,88;2,88;2,88;2,85;2,78;2,71;2,54
93466;297;Volfrámový jig DELPHIN T-Area BL, 5 ks, fluo žltý;3,90;1;3,90;2,03;23;1;3,32;25;3,32;3,32;3,32;3,32;3,32;3,32;3,28;3,20;3,12;2,93
93467;297;Volfrámový jig DELPHIN T-Area BL, 5 ks, fluo žltý;4,50;1;4,50;2,35;23;1;3,83;25;3,83;3,83;3,83;3,83;3,83;3,83;3,78;3,69;3,60;3,38
93468;297;Volfrámový jig DELPHIN T-Area BL, 5 ks, fluo žltý;5,50;1;5,50;2,87;23;1;4,68;25;4,68;4,68;4,68;4,68;4,68;4,68;4,62;4,51;4,40;4,13
103118;298;Boilie ABAITS Pop Up Fluo, Jahoda & Moruša;6,49;1;6,49;3,91;23;1;6,49;;6,23;6,10;5,97;5,84;5,71;5,58;5,45;5,32;5,19;4,87
103119;298;Boilie ABAITS Pop Up Fluo, Jahoda & Moruša;6,49;1;6,49;3,91;23;1;6,49;;6,23;6,10;5,97;5,84;5,71;5,58;5,45;5,32;5,19;4,87
39309;;Vrták DELPHIN The End Grip Drill;4,10;1;4,10;1,87;23;1;3,49;25;3,49;3,49;3,49;3,49;3,49;3,49;3,44;3,36;3,28;3,08
6872;299;Rotačka MEPPS Aglia Decore;3,28;1;3,28;1,94;23;1;3,28;;3,15;3,08;3,02;2,95;2,89;2,82;2,76;2,69;2,62;2,46
6873;299;Rotačka MEPPS Aglia Decore;3,17;1;3,17;1,89;23;1;3,17;;3,04;2,98;2,92;2,85;2,79;2,73;2,66;2,60;2,54;2,38
25322;;Oceľový náväzec MIKADO;0,46;1;0,46;0,20;23;1;0,42;25;0,42;0,42;0,42;0,41;0,40;0,40;0,39;0,38;0,37;0,35
63041;300;Rohlíkové boilie SPORTS Kaprí sen Fluo;3,48;1;3,48;2,08;23;1;3,48;;3,34;3,27;3,20;3,13;3,06;2,99;2,92;2,85;2,78;2,61
63042;300;Rohlíkové boilie SPORTS Kaprí sen Fluo;3,48;1;3,48;2,08;23;1;3,48;;3,34;3,27;3,20;3,13;3,06;2,99;2,92;2,85;2,78;2,61
63043;300;Rohlíkové boilie SPORTS Kaprí sen Fluo;3,48;1;3,48;2,08;23;1;3,48;;3,34;3,27;3,20;3,13;3,06;2,99;2,92;2,85;2,78;2,61
63044;300;Rohlíkové boilie SPORTS Kaprí sen Fluo;3,48;1;3,48;2,08;23;1;3,48;;3,34;3,27;3,20;3,13;3,06;2,99;2,92;2,85;2,78;2,61
63045;300;Rohlíkové boilie SPORTS Kaprí sen Fluo;3,48;1;3,48;2,08;23;1;3,48;;3,34;3,27;3,20;3,13;3,06;2,99;2,92;2,85;2,78;2,61
109042;301;Dipované boilie TB Baits Boosted Peach & Liver, 120 g;5,49;1;5,49;2,68;23;1;5,49;15;5,27;5,16;5,05;4,94;4,83;4,72;4,67;4,67;4,67;4,67
47380;;Náhradná cievka OKUMA Longbow 660 Regular;17,56;1;17,56;12,24;23;1;17,56;;16,86;16,51;16,16;15,80;15,45;15,10;14,75;14,40;14,05;13,17
79202;;Filetovacia rukavica FILFISHING Fillet Glove;7,23;1;7,23;3,32;23;1;7,23;;6,94;6,80;6,65;6,51;6,36;6,22;6,07;5,93;5,78;5,42
103149;302;Krmivo ABAITS Feeder Mix zmes, Med;3,51;1;3,51;1,61;23;1;3,51;;3,37;3,30;3,23;3,16;3,09;3,02;2,95;2,88;2,81;2,63
103150;302;Krmivo ABAITS Feeder Mix zmes, Med;7,00;1;7,00;3,93;23;1;7,00;;6,72;6,58;6,44;6,30;6,16;6,02;5,88;5,74;5,60;5,25
103151;302;Krmivo ABAITS Feeder Mix zmes, Med;13,90;1;13,90;8,00;23;1;13,90;;13,34;13,07;12,79;12,51;12,23;11,95;11,68;11,40;11,12;10,43
6365;;Náhradná guma do praku;3,10;1;3,10;1,66;23;1;3,10;;2,98;2,91;2,85;2,79;2,73;2,67;2,60;2,54;2,48;2,33
88983;303;Háčiky MADCAT A-Static Teaser Hooks;7,68;1;7,68;3,48;23;1;7,68;;7,37;7,22;7,07;6,91;6,76;6,60;6,45;6,30;6,14;5,76
88987;303;Háčiky MADCAT A-Static Teaser Hooks;7,49;1;7,49;3,67;23;1;7,49;;7,19;7,04;6,89;6,74;6,59;6,44;6,29;6,14;5,99;5,62
88988;303;Háčiky MADCAT A-Static Teaser Hooks;7,49;1;7,49;3,67;23;1;7,49;;7,19;7,04;6,89;6,74;6,59;6,44;6,29;6,14;5,99;5,62
103188;304;Mini boilie ABAITS Pop Up, 8 mm, Kreveta & Arašid;4,10;1;4,10;2,38;23;1;4,10;;3,94;3,85;3,77;3,69;3,61;3,53;3,44;3,36;3,28;3,08
39411;;Filetovací nôž DELPHIN B-Maxi;6,95;1;6,95;3,25;23;1;5,91;25;5,91;5,91;5,91;5,91;5,91;5,91;5,84;5,70;5,56;5,21
47429;;Vobler RAPALA X-Light Shad 04, PEL;9,95;1;9,95;5,03;23;1;9,95;;9,55;9,35;9,15;8,96;8,76;8,56;8,36;8,16;7,96;7,46
79244;;Vedro Plastilys 13 l;8,19;1;8,19;3,37;23;1;8,19;;7,86;7,70;7,53;7,37;7,21;7,04;6,88;6,72;6,55;6,14
103240;;Dip ABAITS Enzymatic Krab;8,00;1;8,00;4,93;23;1;8,00;;7,68;7,52;7,36;7,20;7,04;6,88;6,72;6,56;6,40;6,00
64520;;Varená kukurica SPORTS vákuová;3,01;1;3,01;2,12;23;1;3,01;;2,89;2,83;2,77;2,71;2,65;2,59;2,53;2,47;2,41;2,26
109092;305;Booster TB Baits Booster, Red Crab;7,79;1;7,79;3,80;23;1;7,79;15;7,48;7,32;7,17;7,01;6,86;6,70;6,62;6,62;6,62;6,62
109093;305;Booster TB Baits Booster, Red Crab;12,79;1;12,79;6,24;23;1;12,79;15;12,28;12,02;11,77;11,51;11,26;11,00;10,87;10,87;10,87;10,87
79264;;Spacák ZFISH Hardcore Sleeping Bag 5 Season;139,49;1;139,49;71,25;23;1;139,49;;133,91;131,12;128,33;125,54;122,75;119,96;117,17;114,38;111,59;104,62
93529;306;Klipy na červy DELPHIN TheEnd Maggot Trap;3,90;1;3,90;1,86;23;1;3,32;25;3,32;3,32;3,32;3,32;3,32;3,32;3,28;3,20;3,12;2,93
93530;306;Klipy na červy DELPHIN TheEnd Maggot Trap;3,90;1;3,90;1,86;23;1;3,32;25;3,32;3,32;3,32;3,32;3,32;3,32;3,28;3,20;3,12;2,93
103257;;Esencia ABAITS Dropper Enzymatic Krab;7,50;1;7,50;4,48;23;1;7,50;;7,20;7,05;6,90;6,75;6,60;6,45;6,30;6,15;6,00;5,63
68786;307;Prút MIKADO Ultraviolet II Heavy Feeder;81,00;1;81,00;35,09;23;1;73,71;25;73,71;73,71;73,71;72,90;71,28;69,66;68,04;66,42;64,80;60,75
68787;307;Prút MIKADO Ultraviolet II Heavy Feeder;84,99;1;84,99;36,88;23;1;77,34;25;77,34;77,34;77,34;76,49;74,79;73,09;71,39;69,69;67,99;63,74
26970;;Podvodný plavák ESOX Spartan Underwater Catfish Float Mini;2,71;1;2,71;1,54;23;1;2,71;;2,60;2,55;2,49;2,44;2,38;2,33;2,28;2,22;2,17;2,03
64698;;Set 3 signalizátorov SPORTS FlatHead Xs s príposluchom;111,13;1;111,13;79,00;23;1;111,13;;106,68;104,46;102,24;100,02;97,79;95,57;93,35;91,13;88,90;83,35
109109;;Obaľovacia pasta TB Baits, Strawberry;4,49;1;4,49;2,72;23;1;4,49;15;4,31;4,22;4,13;4,04;3,95;3,86;3,82;3,82;3,82;3,82
93545;;Krúžok DELPHIN TheEnd Ring, 30 ks;2,95;1;2,95;1,40;23;1;2,51;25;2,51;2,51;2,51;2,51;2,51;2,51;2,48;2,42;2,36;2,21
103610;;Podšitá košeľa KINETIC Insulated Shirt Red;51,24;1;51,24;22,72;23;1;51,24;;49,19;48,17;47,14;46,12;45,09;44,07;43,04;42,02;40,99;38,43
39643;308;Jigová hlava DELPHIN BOMB! Twisto Jiger Stinger;1,89;1;1,89;0,90;23;1;1,61;25;1,61;1,61;1,61;1,61;1,61;1,61;1,59;1,55;1,51;1,42
39645;308;Jigová hlava DELPHIN BOMB! Twisto Jiger Stinger;2,80;1;2,80;1,34;23;1;2,38;25;2,38;2,38;2,38;2,38;2,38;2,38;2,35;2,30;2,24;2,10
39647;308;Jigová hlava DELPHIN BOMB! Twisto Jiger Stinger;3,70;1;3,70;1,75;23;1;3,15;25;3,15;3,15;3,15;3,15;3,15;3,15;3,11;3,03;2,96;2,78
39648;308;Jigová hlava DELPHIN BOMB! Twisto Jiger Stinger;4,10;1;4,10;2,04;23;1;3,49;25;3,49;3,49;3,49;3,49;3,49;3,49;3,44;3,36;3,28;3,08
109140;309;Boilie TB Baits Grand Krill, 1 kg;15,20;1;15,20;7,42;23;1;15,20;15;14,59;14,29;13,98;13,68;13,38;13,07;12,92;12,92;12,92;12,92
109141;309;Boilie TB Baits Grand Krill, 1 kg;15,20;1;15,20;7,90;23;1;15,20;15;14,59;14,29;13,98;13,68;13,38;13,07;12,92;12,92;12,92;12,92
109142;309;Boilie TB Baits Grand Krill, 1 kg;15,20;1;15,20;7,61;23;1;15,20;15;14,59;14,29;13,98;13,68;13,38;13,07;12,92;12,92;12,92;12,92
79315;;Váha ZFISH Heavy Duty Scale, do 50 kg;28,50;1;28,50;13,59;23;1;28,50;;27,36;26,79;26,22;25,65;25,08;24,51;23,94;23,37;22,80;21,38
93578;;Set montáž DELPHIN TheEnd sCamo PinC + Swivel + Tube, 5 ks;3,70;1;3,70;1,77;23;1;3,15;25;3,15;3,15;3,15;3,15;3,15;3,15;3,11;3,03;2,96;2,78
39670;310;Karabínka DELPHIN Fastlock Micro Snap;2,50;1;2,50;0,90;23;1;2,13;25;2,13;2,13;2,13;2,13;2,13;2,13;2,10;2,05;2,00;1,88
39671;310;Karabínka DELPHIN Fastlock Micro Snap;2,50;1;2,50;1,17;23;1;2,13;25;2,13;2,13;2,13;2,13;2,13;2,13;2,10;2,05;2,00;1,88
39672;310;Karabínka DELPHIN Fastlock Micro Snap;2,50;1;2,50;1,17;23;1;2,13;25;2,13;2,13;2,13;2,13;2,13;2,13;2,10;2,05;2,00;1,88
39676;310;Karabínka DELPHIN Fastlock Micro Snap;2,50;1;2,50;1,17;23;1;2,13;25;2,13;2,13;2,13;2,13;2,13;2,13;2,10;2,05;2,00;1,88
65158;311;Nohavice GEOFF ANDERSON Urus 6 maskáč;379,20;1;379,20;257,86;23;1;379,20;;364,03;356,45;348,86;341,28;333,70;326,11;318,53;310,94;303,36;284,40
65159;311;Nohavice GEOFF ANDERSON Urus 6 maskáč;379,20;1;379,20;257,86;23;1;379,20;;364,03;356,45;348,86;341,28;333,70;326,11;318,53;310,94;303,36;284,40
65160;311;Nohavice GEOFF ANDERSON Urus 6 maskáč;379,20;1;379,20;263,93;23;1;379,20;;364,03;356,45;348,86;341,28;333,70;326,11;318,53;310,94;303,36;284,40
65161;311;Nohavice GEOFF ANDERSON Urus 6 maskáč;379,20;1;379,20;227,04;23;1;379,20;;364,03;356,45;348,86;341,28;333,70;326,11;318,53;310,94;303,36;284,40
65162;311;Nohavice GEOFF ANDERSON Urus 6 maskáč;379,20;1;379,20;257,86;23;1;379,20;;364,03;356,45;348,86;341,28;333,70;326,11;318,53;310,94;303,36;284,40
65163;311;Nohavice GEOFF ANDERSON Urus 6 maskáč;379,20;1;379,20;257,86;23;1;379,20;;364,03;356,45;348,86;341,28;333,70;326,11;318,53;310,94;303,36;284,40
65164;311;Nohavice GEOFF ANDERSON Urus 6 maskáč;461,20;1;461,20;306,27;23;1;461,20;;442,75;433,53;424,30;415,08;405,86;396,63;387,41;378,18;368,96;345,90
89221;312;Vlasec DELPHIN Etna Monofil bordový;9,95;1;9,95;5,01;23;1;8,46;25;8,46;8,46;8,46;8,46;8,46;8,46;8,36;8,16;7,96;7,46
89224;312;Vlasec DELPHIN Etna Monofil bordový;11,96;1;11,96;3,68;23;1;10,17;25;10,17;10,17;10,17;10,17;10,17;10,17;10,05;9,81;9,57;8,97
89225;312;Vlasec DELPHIN Etna Monofil bordový;13,51;1;13,51;7,11;23;1;11,48;25;11,48;11,48;11,48;11,48;11,48;11,48;11,35;11,08;10,81;10,13
89226;312;Vlasec DELPHIN Etna Monofil bordový;14,94;1;14,94;7,87;23;1;12,70;25;12,70;12,70;12,70;12,70;12,70;12,70;12,55;12,25;11,95;11,21
89228;312;Vlasec DELPHIN Etna Monofil bordový;16,95;1;16,95;8,92;23;1;14,41;25;14,41;14,41;14,41;14,41;14,41;14,41;14,24;13,90;13,56;12,71
89230;312;Vlasec DELPHIN Etna Monofil bordový;22,95;1;22,95;12,09;23;1;19,51;25;19,51;19,51;19,51;19,51;19,51;19,51;19,28;18,82;18,36;17,21
89231;312;Vlasec DELPHIN Etna Monofil bordový;22,95;1;22,95;12,09;23;1;19,51;25;19,51;19,51;19,51;19,51;19,51;19,51;19,28;18,82;18,36;17,21
89233;312;Vlasec DELPHIN Etna Monofil bordový;23,95;1;23,95;12,35;23;1;20,36;25;20,36;20,36;20,36;20,36;20,36;20,36;20,12;19,64;19,16;17,96
109156;;Obaľovacia pasta TB Baits, Grand Krill;6,49;1;6,49;3,16;23;1;6,49;15;6,23;6,10;5,97;5,84;5,71;5,58;5,52;5,52;5,52;5,52
5264;;Policajt špička PŠ 26 Ž;1,65;1;1,65;0,86;23;1;1,65;;1,58;1,55;1,52;1,49;1,45;1,42;1,39;1,35;1,32;1,24
103645;;Muška UNIQUE Flies Bitch Creek Nymph Black/ Yellow Daiichi;3,06;1;3,06;1,13;23;1;3,06;;2,94;2,88;2,82;2,75;2,69;2,63;2,57;2,51;2,45;2,30
39715;313;Trojháčiky CATKONG SuPower Treble;6,49;1;6,49;2,92;23;1;6,49;;6,23;6,10;5,97;5,84;5,71;5,58;5,45;5,32;5,19;4,87
39716;313;Trojháčiky CATKONG SuPower Treble;6,95;1;6,95;3,19;23;1;6,95;;6,67;6,53;6,39;6,26;6,12;5,98;5,84;5,70;5,56;5,21
39717;313;Trojháčiky CATKONG SuPower Treble;5,93;1;5,93;3,05;23;1;5,93;;5,69;5,57;5,46;5,34;5,22;5,10;4,98;4,86;4,74;4,45
69062;314;Boilie LK BAITS Nutrigo Monster Live Blood Woorm;11,30;1;11,30;6,30;23;1;11,30;;10,85;10,62;10,40;10,17;9,94;9,72;9,49;9,27;9,04;8,48
69063;314;Boilie LK BAITS Nutrigo Monster Live Blood Woorm;11,59;1;11,59;7,19;23;1;11,59;;11,13;10,89;10,66;10,43;10,20;9,97;9,74;9,50;9,27;8,69
27809;;Magnetický držiak PROLOGIC;5,99;1;5,99;3,39;23;1;5,99;;5,75;5,63;5,51;5,39;5,27;5,15;5,03;4,91;4,79;4,49
65219;315;Termo spodky GEOFF ANDERSON WizWool 210;143,50;1;143,50;86,10;23;1;143,50;;137,76;134,89;132,02;129,15;126,28;123,41;120,54;117,67;114,80;107,63
65224;315;Termo spodky GEOFF ANDERSON WizWool 210;143,50;1;143,50;86,10;23;1;143,50;;137,76;134,89;132,02;129,15;126,28;123,41;120,54;117,67;114,80;107,63
89324;;Nožnice DELPHIN Braidy;4,70;1;4,70;2,53;23;1;4,00;25;4,00;4,00;4,00;4,00;4,00;4,00;3,95;3,85;3,76;3,53
5306;;Rozvierač papúľ ZEBCO;3,33;1;3,33;1,39;23;1;3,33;;3,20;3,13;3,06;3,00;2,93;2,86;2,80;2,73;2,66;2,50
39763;316;Sada signalizátorov DELPHIN Totem s príposluchom;84,96;1;84,96;45,67;23;1;72,22;25;72,22;72,22;72,22;72,22;72,22;72,22;71,37;69,67;67,97;63,72
39764;316;Sada signalizátorov DELPHIN Totem s príposluchom;108,95;1;108,95;58,57;23;1;92,61;25;92,61;92,61;92,61;92,61;92,61;92,61;91,52;89,34;87,16;81,71
39765;316;Sada signalizátorov DELPHIN Totem s príposluchom;133,95;1;133,95;72,02;23;1;113,86;25;113,86;113,86;113,86;113,86;113,86;113,86;112,52;109,84;107,16;100,46
69090;;Nugety LK BAITS CUC! Nugget Carp Predátor;8,40;1;8,40;4,45;23;1;8,40;;8,06;7,90;7,73;7,56;7,39;7,22;7,06;6,89;6,72;6,30
89376;;Taška DELPHIN Area Carry Carpath 3XL;89,95;1;89,95;51,11;23;1;76,46;25;76,46;76,46;76,46;76,46;76,46;76,46;75,56;73,76;71,96;67,46
110010;317;Vobler TAPADO SZ, Chub;10,30;1;10,30;6,52;23;1;10,30;;9,89;9,68;9,48;9,27;9,06;8,86;8,65;8,45;8,24;7,73
110015;317;Vobler TAPADO SZ, Chub;10,30;1;10,30;6,52;23;1;10,30;;9,89;9,68;9,48;9,27;9,06;8,86;8,65;8,45;8,24;7,73
110020;317;Vobler TAPADO SZ, Chub;10,30;1;10,30;6,52;23;1;10,30;;9,89;9,68;9,48;9,27;9,06;8,86;8,65;8,45;8,24;7,73
110023;317;Vobler TAPADO SZ, Chub;10,30;1;10,30;6,52;23;1;10,30;;9,89;9,68;9,48;9,27;9,06;8,86;8,65;8,45;8,24;7,73
39825;318;Nadväzec DELPHIN The End Boilie Rig;4,90;1;4,90;2,56;23;1;4,17;25;4,17;4,17;4,17;4,17;4,17;4,17;4,12;4,02;3,92;3,68
39826;318;Nadväzec DELPHIN The End Boilie Rig;4,90;1;4,90;2,56;23;1;4,17;25;4,17;4,17;4,17;4,17;4,17;4,17;4,12;4,02;3,92;3,68
39827;318;Nadväzec DELPHIN The End Boilie Rig;4,90;1;4,90;2,56;23;1;4,17;25;4,17;4,17;4,17;4,17;4,17;4,17;4,12;4,02;3,92;3,68
92114;318;Nadväzec DELPHIN The End Boilie Rig;4,90;1;4,90;2,46;23;1;4,17;25;4,17;4,17;4,17;4,17;4,17;4,17;4,12;4,02;3,92;3,68
28104;;Kolíky MIVARDI do bivaku;23,98;1;23,98;12,02;23;1;21,58;10;21,58;21,58;21,58;21,58;21,58;21,58;21,58;21,58;21,58;21,58
110400;319;Jigy VMC Bullet Jighead, 3 ks;6,45;1;6,45;3,22;23;1;6,45;;6,19;6,06;5,93;5,81;5,68;5,55;5,42;5,29;5,16;4,84
110401;319;Jigy VMC Bullet Jighead, 3 ks;6,45;1;6,45;3,22;23;1;6,45;;6,19;6,06;5,93;5,81;5,68;5,55;5,42;5,29;5,16;4,84
93642;320;Prút DELPHIN PocketRocket;35,95;1;35,95;19,43;23;1;30,56;25;30,56;30,56;30,56;30,56;30,56;30,56;30,20;29,48;28,76;26,96
93643;320;Prút DELPHIN PocketRocket;40,95;1;40,95;22,14;23;1;34,81;25;34,81;34,81;34,81;34,81;34,81;34,81;34,40;33,58;32,76;30,71
103692;;Nástraha WESTIN Shadteez Hollow, Pearl Sand;5,12;1;5,12;1,50;23;1;5,12;;4,92;4,81;4,71;4,61;4,51;4,40;4,30;4,20;4,10;3,84
39847;;Krabička DELPHIN TBX Duo 298-12P Clip;13,51;1;13,51;7,18;23;1;11,48;25;11,48;11,48;11,48;11,48;11,48;11,48;11,35;11,08;10,81;10,13
69130;;Boilie LK BAITS RH Original Squid Octopus, 20 mm, 1 kg;13,90;1;13,90;7,46;23;1;13,90;;13,34;13,07;12,79;12,51;12,23;11,95;11,68;11,40;11,12;10,43
92080;321;Prívlačový nadväzec DELPHIN BOMB! D-Shot;4,19;1;4,19;1,91;23;1;3,56;25;3,56;3,56;3,56;3,56;3,56;3,56;3,52;3,44;3,35;3,14
92081;321;Prívlačový nadväzec DELPHIN BOMB! D-Shot;4,70;1;4,70;2,14;23;1;4,00;25;4,00;4,00;4,00;4,00;4,00;4,00;3,95;3,85;3,76;3,53
92082;321;Prívlačový nadväzec DELPHIN BOMB! D-Shot;5,95;1;5,95;2,62;23;1;5,06;25;5,06;5,06;5,06;5,06;5,06;5,06;5,00;4,88;4,76;4,46
28145;322;Pasta MIVARDI Rapid ProActive Boilie Paste;4,29;1;4,29;2,25;23;1;3,86;10;3,86;3,86;3,86;3,86;3,86;3,86;3,86;3,86;3,86;3,86
55242;322;Pasta MIVARDI Rapid ProActive Boilie Paste;4,29;1;4,29;2,25;23;1;3,86;10;3,86;3,86;3,86;3,86;3,86;3,86;3,86;3,86;3,86;3,86
55271;322;Pasta MIVARDI Rapid ProActive Boilie Paste;4,29;1;4,29;2,04;23;1;3,86;10;3,86;3,86;3,86;3,86;3,86;3,86;3,86;3,86;3,86;3,86
55752;322;Pasta MIVARDI Rapid ProActive Boilie Paste;4,29;1;4,29;2,04;23;1;3,86;10;3,86;3,86;3,86;3,86;3,86;3,86;3,86;3,86;3,86;3,86
55754;322;Pasta MIVARDI Rapid ProActive Boilie Paste;4,29;1;4,29;2,25;23;1;3,86;10;3,86;3,86;3,86;3,86;3,86;3,86;3,86;3,86;3,86;3,86
55755;322;Pasta MIVARDI Rapid ProActive Boilie Paste;4,29;1;4,29;2,25;23;1;3,86;10;3,86;3,86;3,86;3,86;3,86;3,86;3,86;3,86;3,86;3,86
55756;322;Pasta MIVARDI Rapid ProActive Boilie Paste;4,29;1;4,29;2,25;23;1;3,86;10;3,86;3,86;3,86;3,86;3,86;3,86;3,86;3,86;3,86;3,86
56195;322;Pasta MIVARDI Rapid ProActive Boilie Paste;4,29;1;4,29;2,25;23;1;3,86;10;3,86;3,86;3,86;3,86;3,86;3,86;3,86;3,86;3,86;3,86
56196;322;Pasta MIVARDI Rapid ProActive Boilie Paste;4,29;1;4,29;2,04;23;1;3,86;10;3,86;3,86;3,86;3,86;3,86;3,86;3,86;3,86;3,86;3,86
56197;322;Pasta MIVARDI Rapid ProActive Boilie Paste;4,29;1;4,29;2,04;23;1;3,86;10;3,86;3,86;3,86;3,86;3,86;3,86;3,86;3,86;3,86;3,86
110420;;Penová nástraha APS Jig Head 175 mm, Foam Lure, 216UV, bal. 3 ks;7,39;1;7,39;3,21;23;1;7,39;;7,09;6,95;6,80;6,65;6,50;6,36;6,21;6,06;5,91;5,54
79398;;SET = 2x krmítko ZFISH Method Feeder ZFX + silikónová forma;5,33;1;5,33;2,41;23;1;5,33;;5,12;5,01;4,90;4,80;4,69;4,58;4,48;4,37;4,26;4,00
93658;;Prívlačový podberák DELPHIN Shorx;10,95;1;10,95;5,92;23;1;9,31;25;9,31;9,31;9,31;9,31;9,31;9,31;9,20;8,98;8,76;8,21
103708;;Nástraha WESTIN Hypoteez ST 25 cm, Rainbow Trout;10,20;1;10,20;2,85;23;1;10,20;;9,79;9,59;9,38;9,18;8,98;8,77;8,57;8,36;8,16;7,65
39867;;Krabička DELPHIN TBX One 210-6P;3,80;1;3,80;1,93;23;1;3,23;25;3,23;3,23;3,23;3,23;3,23;3,23;3,19;3,12;3,04;2,85
69508;;Taška CARPZOOM na drobnosti s priehľadným vekom;5,69;1;5,69;2,75;23;1;5,69;;5,46;5,35;5,23;5,12;5,01;4,89;4,78;4,67;4,55;4,27
2823;323;Booster NIKL;7,02;1;7,02;3,71;23;1;7,02;;6,74;6,60;6,46;6,32;6,18;6,04;5,90;5,76;5,62;5,27
2954JA;323;Booster NIKL;7,02;1;7,02;3,77;23;1;7,02;;6,74;6,60;6,46;6,32;6,18;6,04;5,90;5,76;5,62;5,27
2954S-O;323;Booster NIKL;7,02;1;7,02;3,89;23;1;7,02;;6,74;6,60;6,46;6,32;6,18;6,04;5,90;5,76;5,62;5,27
2967;323;Booster NIKL;7,02;1;7,02;4,10;23;1;7,02;;6,74;6,60;6,46;6,32;6,18;6,04;5,90;5,76;5,62;5,27
49064;323;Booster NIKL;7,02;1;7,02;3,77;23;1;7,02;;6,74;6,60;6,46;6,32;6,18;6,04;5,90;5,76;5,62;5,27
49138;323;Booster NIKL;7,02;1;7,02;4,09;23;1;7,02;;6,74;6,60;6,46;6,32;6,18;6,04;5,90;5,76;5,62;5,27
49987;323;Booster NIKL;7,02;1;7,02;3,77;23;1;7,02;;6,74;6,60;6,46;6,32;6,18;6,04;5,90;5,76;5,62;5,27
80097;324;Šnúra VAGNER Braided Line Reflex Multicolor, 300 m;58,29;1;58,29;34,59;23;1;58,29;;55,96;54,79;53,63;52,46;51,30;50,13;48,96;47,80;46,63;43,72
80098;324;Šnúra VAGNER Braided Line Reflex Multicolor, 300 m;54,89;1;54,89;34,59;23;1;54,89;;52,69;51,60;50,50;49,40;48,30;47,21;46,11;45,01;43,91;41,17
80099;324;Šnúra VAGNER Braided Line Reflex Multicolor, 300 m;54,89;1;54,89;34,59;23;1;54,89;;52,69;51,60;50,50;49,40;48,30;47,21;46,11;45,01;43,91;41,17
103725;;Plandavka KINETIC Fax 10 g, Nose Powder;3,59;1;3,59;0,88;23;1;3,59;;3,45;3,37;3,30;3,23;3,16;3,09;3,02;2,94;2,87;2,69
39890;;Krabička DELPHIN TBX Duo 195-14P;4,60;1;4,60;2,47;23;1;3,91;25;3,91;3,91;3,91;3,91;3,91;3,91;3,86;3,77;3,68;3,45
92122;;Náhradná pančucha DELPHIN PVA n´tastic Quick, rýchlo rozpustná;10,50;1;10,50;5,68;23;1;8,93;25;8,93;8,93;8,93;8,93;8,93;8,93;8,82;8,61;8,40;7,88
89566;325;Koncové očko DELPHIN;1,80;1;1,80;0,85;23;1;1,53;25;1,53;1,53;1,53;1,53;1,53;1,53;1,51;1,48;1,44;1,35
89567;325;Koncové očko DELPHIN;1,80;1;1,80;0,85;23;1;1,53;25;1,53;1,53;1,53;1,53;1,53;1,53;1,51;1,48;1,44;1,35
89569;325;Koncové očko DELPHIN;1,80;1;1,80;0,85;23;1;1,53;25;1,53;1,53;1,53;1,53;1,53;1,53;1,51;1,48;1,44;1,35
90041;325;Koncové očko DELPHIN;1,80;1;1,80;0,85;23;1;1,53;25;1,53;1,53;1,53;1,53;1,53;1,53;1,51;1,48;1,44;1,35
90043;325;Koncové očko DELPHIN;1,80;1;1,80;0,85;23;1;1,53;25;1,53;1,53;1,53;1,53;1,53;1,53;1,51;1,48;1,44;1,35
90048;325;Koncové očko DELPHIN;1,80;1;1,80;0,85;23;1;1,53;25;1,53;1,53;1,53;1,53;1,53;1,53;1,51;1,48;1,44;1,35
90049;325;Koncové očko DELPHIN;2,00;1;2,00;0,84;23;1;1,70;25;1,70;1,70;1,70;1,70;1,70;1,70;1,68;1,64;1,60;1,50
90050;325;Koncové očko DELPHIN;2,00;1;2,00;0,93;23;1;1,70;25;1,70;1,70;1,70;1,70;1,70;1,70;1,68;1,64;1,60;1,50
90051;325;Koncové očko DELPHIN;2,00;1;2,00;0,93;23;1;1,70;25;1,70;1,70;1,70;1,70;1,70;1,70;1,68;1,64;1,60;1,50
90053;325;Koncové očko DELPHIN;2,00;1;2,00;0,93;23;1;1,70;25;1,70;1,70;1,70;1,70;1,70;1,70;1,68;1,64;1,60;1,50
90055;325;Koncové očko DELPHIN;2,00;1;2,00;0,93;23;1;1,70;25;1,70;1,70;1,70;1,70;1,70;1,70;1,68;1,64;1,60;1,50
90056;325;Koncové očko DELPHIN;2,00;1;2,00;0,93;23;1;1,70;25;1,70;1,70;1,70;1,70;1,70;1,70;1,68;1,64;1,60;1,50
90058;325;Koncové očko DELPHIN;2,00;1;2,00;0,84;23;1;1,70;25;1,70;1,70;1,70;1,70;1,70;1,70;1,68;1,64;1,60;1,50
90059;325;Koncové očko DELPHIN;2,00;1;2,00;0,93;23;1;1,70;25;1,70;1,70;1,70;1,70;1,70;1,70;1,68;1,64;1,60;1,50
90062;325;Koncové očko DELPHIN;2,50;1;2,50;1,03;23;1;2,13;25;2,13;2,13;2,13;2,13;2,13;2,13;2,10;2,05;2,00;1,88
111021;326;Nohavice Geoff Anderson Urus 7 Leaf, maskáč;399,00;1;399,00;271,31;23;1;399,00;;383,04;375,06;367,08;359,10;351,12;343,14;335,16;327,18;319,20;299,25
111022;326;Nohavice Geoff Anderson Urus 7 Leaf, maskáč;399,00;1;399,00;271,31;23;1;399,00;;383,04;375,06;367,08;359,10;351,12;343,14;335,16;327,18;319,20;299,25
111023;326;Nohavice Geoff Anderson Urus 7 Leaf, maskáč;399,00;1;399,00;271,31;23;1;399,00;;383,04;375,06;367,08;359,10;351,12;343,14;335,16;327,18;319,20;299,25
111024;326;Nohavice Geoff Anderson Urus 7 Leaf, maskáč;399,00;1;399,00;271,31;23;1;399,00;;383,04;375,06;367,08;359,10;351,12;343,14;335,16;327,18;319,20;299,25
111025;326;Nohavice Geoff Anderson Urus 7 Leaf, maskáč;399,00;1;399,00;271,31;23;1;399,00;;383,04;375,06;367,08;359,10;351,12;343,14;335,16;327,18;319,20;299,25
111026;326;Nohavice Geoff Anderson Urus 7 Leaf, maskáč;399,00;1;399,00;271,31;23;1;399,00;;383,04;375,06;367,08;359,10;351,12;343,14;335,16;327,18;319,20;299,25
54220;;Váha DELPHIN Ultra;14,94;1;14,94;7,48;23;1;12,70;25;12,70;12,70;12,70;12,70;12,70;12,70;12,55;12,25;11,95;11,21
89577;;Bivak DELPHIN Yurta Neo ClimaControl;439,95;1;439,95;229,92;23;1;373,96;25;373,96;373,96;373,96;373,96;373,96;373,96;369,56;360,76;351,96;329,96
54312;;PVA sieťka DELPHIN náhradná;12,29;1;12,29;4,58;23;1;10,45;25;10,45;10,45;10,45;10,45;10,45;10,45;10,32;10,08;9,83;9,22
103758;327;Prút KINETIC Scorpius Feeder CL;81,99;1;81,99;36,52;23;1;81,99;;78,71;77,07;75,43;73,79;72,15;70,51;68,87;67,23;65,59;61,49
103759;327;Prút KINETIC Scorpius Feeder CL;87,11;1;87,11;38,95;23;1;87,11;;83,63;81,88;80,14;78,40;76,66;74,91;73,17;71,43;69,69;65,33
69725;;Taška CARPZOOM na krmivo;8,20;1;8,20;5,29;23;1;8,20;;7,87;7,71;7,54;7,38;7,22;7,05;6,89;6,72;6,56;6,15
65584;328;Plávajúca nástraha SPORTS Kaprí sen Fluo 5 mm;2,32;1;2,32;1,39;23;1;2,32;;2,23;2,18;2,13;2,09;2,04;2,00;1,95;1,90;1,86;1,74
65585;328;Plávajúca nástraha SPORTS Kaprí sen Fluo 5 mm;2,32;1;2,32;1,39;23;1;2,32;;2,23;2,18;2,13;2,09;2,04;2,00;1,95;1,90;1,86;1,74
65586;328;Plávajúca nástraha SPORTS Kaprí sen Fluo 5 mm;2,32;1;2,32;1,21;23;1;2,32;;2,23;2,18;2,13;2,09;2,04;2,00;1,95;1,90;1,86;1,74
65587;328;Plávajúca nástraha SPORTS Kaprí sen Fluo 5 mm;2,32;1;2,32;1,21;23;1;2,32;;2,23;2,18;2,13;2,09;2,04;2,00;1,95;1,90;1,86;1,74
65588;328;Plávajúca nástraha SPORTS Kaprí sen Fluo 5 mm;2,32;1;2,32;1,39;23;1;2,32;;2,23;2,18;2,13;2,09;2,04;2,00;1,95;1,90;1,86;1,74
39989;329;Obratlík DELPHIN The End Ronnie + gumený stoper;2,80;1;2,80;1,29;23;1;2,38;25;2,38;2,38;2,38;2,38;2,38;2,38;2,35;2,30;2,24;2,10
39990;329;Obratlík DELPHIN The End Ronnie + gumený stoper;2,80;1;2,80;1,34;23;1;2,38;25;2,38;2,38;2,38;2,38;2,38;2,38;2,35;2,30;2,24;2,10
69757;;Prak CARPZOOM Dimension Particles na partikel;4,00;1;4,00;2,05;23;1;4,00;;3,84;3,76;3,68;3,60;3,52;3,44;3,36;3,28;3,20;3,00
28882;;Vážiaci sak MIVARDI Easy1;9,21;1;9,21;4,50;23;1;8,29;10;8,29;8,29;8,29;8,29;8,29;8,29;8,29;8,29;8,29;8,29
96596;330;Šnúra FANATIK Feeder PE x4;18,76;1;18,76;12,12;23;1;11,26;;11,26;11,26;11,26;11,26;11,26;11,26;11,26;11,26;11,26;11,26
96597;330;Šnúra FANATIK Feeder PE x4;18,76;1;18,76;12,12;23;1;11,26;;11,26;11,26;11,26;11,26;11,26;11,26;11,26;11,26;11,26;11,26
96598;330;Šnúra FANATIK Feeder PE x4;18,76;1;18,76;12,12;23;1;11,26;;11,26;11,26;11,26;11,26;11,26;11,26;11,26;11,26;11,26;11,26
96599;330;Šnúra FANATIK Feeder PE x4;18,76;1;18,76;12,12;23;1;11,26;;11,26;11,26;11,26;11,26;11,26;11,26;11,26;11,26;11,26;11,26
96600;330;Šnúra FANATIK Feeder PE x4;18,76;1;18,76;12,12;23;1;11,26;;11,26;11,26;11,26;11,26;11,26;11,26;11,26;11,26;11,26;11,26
96601;330;Šnúra FANATIK Feeder PE x4;18,76;1;18,76;12,12;23;1;11,26;;11,26;11,26;11,26;11,26;11,26;11,26;11,26;11,26;11,26;11,26
96602;330;Šnúra FANATIK Feeder PE x4;18,76;1;18,76;12,12;23;1;11,26;;11,26;11,26;11,26;11,26;11,26;11,26;11,26;11,26;11,26;11,26
103790;;Rotačky KINETIC UL Peewee 1,8 g, 5 ks;12,29;1;12,29;5,36;23;1;12,29;;11,80;11,55;11,31;11,06;10,82;10,57;10,32;10,08;9,83;9,22
40116;;Spacák Giants Fishing 4 Session Plus;95,26;1;95,26;48,44;23;1;95,26;;91,45;89,54;87,64;85,73;83,83;81,92;80,02;78,11;76,21;71,45
111086;331;Prút SPORTEX Beyond Spin;799,45;1;799,45;639,56;23;1;799,45;;767,47;751,48;735,49;719,51;703,52;687,53;671,54;655,55;639,56;599,59
111087;331;Prút SPORTEX Beyond Spin;819,95;1;819,95;655,96;23;1;819,95;;787,15;770,75;754,35;737,96;721,56;705,16;688,76;672,36;655,96;614,96
111088;331;Prút SPORTEX Beyond Spin;860,95;1;860,95;688,76;23;1;860,95;;826,51;809,29;792,07;774,86;757,64;740,42;723,20;705,98;688,76;645,71
111089;331;Prút SPORTEX Beyond Spin;912,20;1;912,20;729,76;23;1;912,20;;875,71;857,47;839,22;820,98;802,74;784,49;766,25;748,00;729,76;684,15
103808;332;Boilie STARBAITS Pro Red One;14,50;1;14,50;7,47;23;1;14,50;;13,92;13,63;13,34;13,05;12,76;12,47;12,18;11,89;11,60;10,88
103809;332;Boilie STARBAITS Pro Red One;14,50;1;14,50;7,14;23;1;14,50;;13,92;13,63;13,34;13,05;12,76;12,47;12,18;11,89;11,60;10,88
103810;332;Boilie STARBAITS Pro Red One;14,50;1;14,50;7,14;23;1;14,50;;13,92;13,63;13,34;13,05;12,76;12,47;12,18;11,89;11,60;10,88
104267;332;Boilie STARBAITS Pro Red One;14,50;1;14,50;7,47;23;1;14,50;;13,92;13,63;13,34;13,05;12,76;12,47;12,18;11,89;11,60;10,88
40274;;Bivak Monster Bivvy 2,5 Man + druhý plášť;453,66;1;453,66;261,24;23;1;453,66;;435,51;426,44;417,37;408,29;399,22;390,15;381,07;372,00;362,93;340,25
69808;;Prístrešok CarpZoom Pop Up W Stan;39,00;1;39,00;22,35;23;1;39,00;;37,44;36,66;35,88;35,10;34,32;33,54;32,76;31,98;31,20;29,25
01056;;Taktická taška NITECORE SLB01;27,68;1;27,68;20,76;23;1;27,68;10;26,57;26,02;25,47;24,91;24,91;24,91;24,91;24,91;24,91;24,91
89671;;Šatka DELPHIN Atak!;4,70;1;4,70;2,15;23;1;4,00;25;4,00;4,00;4,00;4,00;4,00;4,00;3,95;3,85;3,76;3,53
111102;;Vozík FEEL FREE C-TUG na kajak;149,90;1;149,90;125,92;23;1;149,90;;143,90;140,91;137,91;134,91;131,91;128,91;125,92;122,92;119,92;112,43
54884;;Vidlička DELPHIN s držiakom, zadná;3,39;1;3,39;1,82;23;1;2,88;25;2,88;2,88;2,88;2,88;2,88;2,88;2,85;2,78;2,71;2,54
81275;333;Háčiky FOX Edges Curve Shank Short;6,14;1;6,14;2,79;23;1;6,14;;5,89;5,77;5,65;5,53;5,40;5,28;5,16;5,03;4,91;4,61
81279;333;Háčiky FOX Edges Curve Shank Short;6,14;1;6,14;2,82;23;1;6,14;;5,89;5,77;5,65;5,53;5,40;5,28;5,16;5,03;4,91;4,61
40383;334;Prút HELL-CAT Kronos;138,95;1;138,95;70,66;23;1;138,95;;133,39;130,61;127,83;125,06;122,28;119,50;116,72;113,94;111,16;104,21
40384;334;Prút HELL-CAT Kronos;134,97;1;134,97;68,64;23;1;134,97;;129,57;126,87;124,17;121,47;118,77;116,07;113,37;110,68;107,98;101,23
7202;;Muškársky podberák ROBINSON;8,11;1;8,11;4,12;23;1;8,11;;7,79;7,62;7,46;7,30;7,14;6,97;6,81;6,65;6,49;6,08
100030;335;Vobler ROBINSON Wizzy F95;7,48;1;7,48;3,67;23;1;7,48;;7,18;7,03;6,88;6,73;6,58;6,43;6,28;6,13;5,98;5,61
100031;335;Vobler ROBINSON Wizzy F95;7,48;1;7,48;3,53;23;1;7,48;;7,18;7,03;6,88;6,73;6,58;6,43;6,28;6,13;5,98;5,61
100034;335;Vobler ROBINSON Wizzy F95;7,48;1;7,48;3,67;23;1;7,48;;7,18;7,03;6,88;6,73;6,58;6,43;6,28;6,13;5,98;5,61
89725;;Skladací stolík DELPHIN Campsta;50,95;1;50,95;29,31;23;1;43,31;25;43,31;43,31;43,31;43,31;43,31;43,31;42,80;41,78;40,76;38,21
103847;336;Boilie STARBAITS Pop Up Bright Hot Demon;6,49;1;6,49;3,19;23;1;6,49;;6,23;6,10;5,97;5,84;5,71;5,58;5,45;5,32;5,19;4,87
103848;336;Boilie STARBAITS Pop Up Bright Hot Demon;6,70;1;6,70;3,46;23;1;6,70;;6,43;6,30;6,16;6,03;5,90;5,76;5,63;5,49;5,36;5,03
103849;336;Boilie STARBAITS Pop Up Bright Hot Demon;6,70;1;6,70;3,16;23;1;6,70;;6,43;6,30;6,16;6,03;5,90;5,76;5,63;5,49;5,36;5,03
40584;;Náhradný kĺb na lehátko;16,90;1;16,90;10,00;23;1;16,90;;16,22;15,89;15,55;15,21;14,87;14,53;14,20;13,86;13,52;12,68
29876;;Ihla MIKBAITS Leadcore zelená;4,08;1;4,08;2,86;23;1;4,08;10;3,92;3,84;3,75;3,67;3,67;3,67;3,67;3,67;3,67;3,67
111134;;Sonar SIMRAD NSX 3012 Active Imaging sonda;3688,00;1;3688,00;2943,64;23;1;3688,00;4;3540,48;3540,48;3540,48;3540,48;3540,48;3540,48;3540,48;3540,48;3540,48;3540,48
55022;337;Rúčka MIVARDI Powerstick Net Handle;17,59;1;18,32;11,01;23;1;16,49;10;16,49;16,49;16,49;16,49;16,49;16,49;16,49;16,49;16,49;16,49
103870;338;Boilie STARBAITS Pop Up Bright Red Liver;6,67;1;6,67;3,01;23;1;6,67;;6,40;6,27;6,14;6,00;5,87;5,74;5,60;5,47;5,34;5,00
103871;338;Boilie STARBAITS Pop Up Bright Red Liver;6,70;1;6,70;3,16;23;1;6,70;;6,43;6,30;6,16;6,03;5,90;5,76;5,63;5,49;5,36;5,03
103872;338;Boilie STARBAITS Pop Up Bright Red Liver;6,70;1;6,70;3,46;23;1;6,70;;6,43;6,30;6,16;6,03;5,90;5,76;5,63;5,49;5,36;5,03
100138;;Skladací nôž ROBINSON 20,5cm;11,99;1;11,99;5,86;23;1;11,99;;11,51;11,27;11,03;10,79;10,55;10,31;10,07;9,83;9,59;8,99
65730;339;Prút SPORTEX Competition CS-5 Carp;174,20;1;174,20;103,39;23;1;174,20;;167,23;163,75;160,26;156,78;153,30;149,81;146,33;142,84;139,36;130,65
65731;339;Prút SPORTEX Competition CS-5 Carp;179,30;1;179,30;121,94;23;1;179,30;;172,13;168,54;164,96;161,37;157,78;154,20;150,61;147,03;143,44;134,48
65732;339;Prút SPORTEX Competition CS-5 Carp;184,45;1;184,45;125,42;23;1;184,45;;177,07;173,38;169,69;166,01;162,32;158,63;154,94;151,25;147,56;138,34
65733;339;Prút SPORTEX Competition CS-5 Carp;189,56;1;189,56;128,92;23;1;189,56;;181,98;178,19;174,40;170,60;166,81;163,02;159,23;155,44;151,65;142,17
65734;339;Prút SPORTEX Competition CS-5 Carp;199,44;1;199,44;135,63;23;1;199,44;;191,46;187,47;183,48;179,50;175,51;171,52;167,53;163,54;159,55;149,58
89857;;Nálepka DELPHIN CatchME! Ostriež;1,40;1;1,40;0,50;23;1;1,19;25;1,19;1,19;1,19;1,19;1,19;1,19;1,18;1,15;1,12;1,05
81822;;Vobler SALMO Perch Deep Runner;11,99;1;11,99;5,40;23;1;11,99;;11,51;11,27;11,03;10,79;10,55;10,31;10,07;9,83;9,59;8,99
103906;340;Kopyto GUNKI Bump Classic 6,5 cm;0,70;1;0,70;0,35;23;1;0,70;;0,67;0,66;0,64;0,63;0,62;0,60;0,59;0,57;0,56;0,53
103907;340;Kopyto GUNKI Bump Classic 6,5 cm;0,70;1;0,70;0,35;23;1;0,70;;0,67;0,66;0,64;0,63;0,62;0,60;0,59;0,57;0,56;0,53
103908;340;Kopyto GUNKI Bump Classic 6,5 cm;0,70;1;0,70;0,35;23;1;0,70;;0,67;0,66;0,64;0,63;0,62;0,60;0,59;0,57;0,56;0,53
103909;340;Kopyto GUNKI Bump Classic 6,5 cm;0,70;1;0,70;0,35;23;1;0,70;;0,67;0,66;0,64;0,63;0,62;0,60;0,59;0,57;0,56;0,53
103910;340;Kopyto GUNKI Bump Classic 6,5 cm;0,70;1;0,70;0,35;23;1;0,70;;0,67;0,66;0,64;0,63;0,62;0,60;0,59;0,57;0,56;0,53
103911;340;Kopyto GUNKI Bump Classic 6,5 cm;0,70;1;0,70;0,35;23;1;0,70;;0,67;0,66;0,64;0,63;0,62;0,60;0,59;0,57;0,56;0,53
103912;340;Kopyto GUNKI Bump Classic 6,5 cm;0,70;1;0,70;0,35;23;1;0,70;;0,67;0,66;0,64;0,63;0,62;0,60;0,59;0,57;0,56;0,53
40735;;Viazacia bobina GIANTS FISHING Thumb;2,74;1;2,74;1,42;23;1;2,74;;2,63;2,58;2,52;2,47;2,41;2,36;2,30;2,25;2,19;2,06
55266;;Podberák MIVARDI Hardcore;45,09;1;45,09;22,03;23;1;40,58;10;40,58;40,58;40,58;40,58;40,58;40,58;40,58;40,58;40,58;40,58
82358;;Nástraha FOX Rage Slick Shad 13cm;1,89;1;1,89;0,76;23;1;1,89;;1,81;1,78;1,74;1,70;1,66;1,63;1,59;1,55;1,51;1,42
40833;;Uťahovač uzlov GIANTS FISHING Knot Puller;1,55;1;1,55;0,70;23;1;1,55;;1,49;1,46;1,43;1,40;1,36;1,33;1,30;1,27;1,24;1,16
73938;;Vobler ILLEX Chubby Minnow SP, NF Ablette;19,95;1;19,95;9,86;23;1;19,95;;19,15;18,75;18,35;17,96;17,56;17,16;16,76;16,36;15,96;14,96
30239;;Práškový posilňovač VDE-Robinson Vanille;5,50;1;5,50;3,27;23;1;5,50;;5,28;5,17;5,06;4,95;4,84;4,73;4,62;4,51;4,40;4,13
65765;;Dipovaná umelá nástraha FishUp Pupa 3 cm, 10 ks, Hot Chartreuse;5,98;1;5,98;3,77;23;1;5,98;;5,74;5,62;5,50;5,38;5,26;5,14;5,02;4,90;4,78;4,49
111183;;Kopyto RELAX RK 1, 3,5 cm;0,37;1;0,37;0,22;23;1;0,37;;0,36;0,35;0,34;0,33;0,33;0,32;0,31;0,30;0,30;0,28
55443;;Náhradný košík MIVARDI Universal na prak;1,73;1;1,73;0,85;23;1;1,56;10;1,56;1,56;1,56;1,56;1,56;1,56;1,56;1,56;1,56;1,56
40862;;Zarážky GIANTS FISHING Pellet Holder S/L Green;1,55;1;1,55;0,80;23;1;1,55;;1,49;1,46;1,43;1,40;1,36;1,33;1,30;1,27;1,24;1,16
74299;;Krmivo SENSAS 3000 Carpes Fine Mouture (kapor jemný);5,30;1;5,30;2,62;23;1;5,30;;5,09;4,98;4,88;4,77;4,66;4,56;4,45;4,35;4,24;3,98
100252;;Silikónové bužírky VDE-ROBINSON na plaváky;5,02;1;5,02;2,33;23;1;5,02;;4,82;4,72;4,62;4,52;4,42;4,32;4,22;4,12;4,02;3,77
65783;;Sonar LOWRANCE HDS-10 Pro bez sondy ROW;2458,77;1;2458,77;1962,10;23;1;2458,77;4;2360,42;2360,42;2360,42;2360,42;2360,42;2360,42;2360,42;2360,42;2360,42;2360,42
40910;;Podložka GIANTS FISHING Unhooking Mat Gaube;63,50;1;63,50;33,54;23;1;63,50;;60,96;59,69;58,42;57,15;55,88;54,61;53,34;52,07;50,80;47,63
100293;341;Montáž CARPEX Lead Core System & Safety Clip, Green/Black with grass;7,12;1;7,12;3,32;23;1;7,12;;6,84;6,69;6,55;6,41;6,27;6,12;5,98;5,84;5,70;5,34
100295;341;Montáž CARPEX Lead Core System & Safety Clip, Green/Black with grass;7,12;1;7,12;2,53;23;1;7,12;;6,84;6,69;6,55;6,41;6,27;6,12;5,98;5,84;5,70;5,34
74525;;Krabička GUNKI Waterproof Box Lures S;8,79;1;8,79;3,97;23;1;8,79;;8,44;8,26;8,09;7,91;7,74;7,56;7,38;7,21;7,03;6,59
100319;342;Záťaž D&M ECO Sinkers Block;1,80;1;1,80;0,91;23;1;1,80;;1,73;1,69;1,66;1,62;1,58;1,55;1,51;1,48;1,44;1,35
100320;342;Záťaž D&M ECO Sinkers Block;1,88;1;1,88;1,02;23;1;1,88;;1,80;1,77;1,73;1,69;1,65;1,62;1,58;1,54;1,50;1,41
100321;342;Záťaž D&M ECO Sinkers Block;1,93;1;1,93;0,88;23;1;1,93;;1,85;1,81;1,78;1,74;1,70;1,66;1,62;1,58;1,54;1,45
55552;;SET krmítok MIVARDI Method Feeder Premium XL + forma;7,16;1;7,16;3,50;23;1;6,44;10;6,44;6,44;6,44;6,44;6,44;6,44;6,44;6,44;6,44;6,44
74549;;Stojan STARBAITS Barooda Pod 3 Rods;76,95;1;76,95;36,66;23;1;76,95;;73,87;72,33;70,79;69,26;67,72;66,18;64,64;63,10;61,56;57,71
92397;;Kreslo DELPHIN Yogeen TeleLUX;122,95;1;122,95;74,98;23;1;104,51;25;104,51;104,51;104,51;104,51;104,51;104,51;103,28;100,82;98,36;92,21
100340;343;Sprej CatFish;3,99;1;3,99;2,35;23;1;3,99;;3,83;3,75;3,67;3,59;3,51;3,43;3,35;3,27;3,19;2,99
100341;343;Sprej CatFish;3,99;1;3,99;2,35;23;1;3,99;;3,83;3,75;3,67;3,59;3,51;3,43;3,35;3,27;3,19;2,99
90090;;Držiak DELPHIN Feeder Atoma Multi;11,96;1;11,96;6,19;23;1;10,17;25;10,17;10,17;10,17;10,17;10,17;10,17;10,05;9,81;9,57;8,97
112312;344;Čln STARKBOAT DT-270S s kýlom, tmavo šedý;898,99;1;898,99;629,29;23;1;898,99;10;863,03;845,05;827,07;809,09;809,09;809,09;809,09;809,09;809,09;809,09
112314;344;Čln STARKBOAT DT-270S s kýlom, tmavo šedý;870,00;1;870,00;609,00;23;1;870,00;10;835,20;817,80;800,40;783,00;783,00;783,00;783,00;783,00;783,00;783,00
112316;344;Čln STARKBOAT DT-270S s kýlom, tmavo šedý;790,00;1;790,00;632,00;23;1;790,00;10;758,40;742,60;726,80;711,00;711,00;711,00;711,00;711,00;711,00;711,00
55584;;Krabička MIVARDI Box HS-309;11,27;1;11,27;5,50;23;1;10,14;10;10,14;10,14;10,14;10,14;10,14;10,14;10,14;10,14;10,14;10,14
104000;;Nožnice SENSAS Tripple XL na dážďovky;10,50;1;10,50;4,51;23;1;10,50;;10,08;9,87;9,66;9,45;9,24;9,03;8,82;8,61;8,40;7,88
74579;345;Nymfa GUNKI Naiad 10 cm;0,92;1;0,92;0,43;23;1;0,92;;0,88;0,86;0,85;0,83;0,81;0,79;0,77;0,75;0,74;0,69
74580;345;Nymfa GUNKI Naiad 10 cm;0,92;1;0,92;0,43;23;1;0,92;;0,88;0,86;0,85;0,83;0,81;0,79;0,77;0,75;0,74;0,69
74581;345;Nymfa GUNKI Naiad 10 cm;0,92;1;0,92;0,46;23;1;0,92;;0,88;0,86;0,85;0,83;0,81;0,79;0,77;0,75;0,74;0,69
74582;345;Nymfa GUNKI Naiad 10 cm;0,92;1;0,92;0,40;23;1;0,92;;0,88;0,86;0,85;0,83;0,81;0,79;0,77;0,75;0,74;0,69
74583;345;Nymfa GUNKI Naiad 10 cm;1,00;1;1,00;0,45;23;1;1,00;;0,96;0,94;0,92;0,90;0,88;0,86;0,84;0,82;0,80;0,75
74584;345;Nymfa GUNKI Naiad 10 cm;0,92;1;0,92;0,46;23;1;0,92;;0,88;0,86;0,85;0,83;0,81;0,79;0,77;0,75;0,74;0,69
55647;;Náhradná sieť MIVARDI Spare Mesh Landing Net Carp Specialist MK2;11,99;1;11,99;5,90;23;1;10,79;10;10,79;10,79;10,79;10,79;10,79;10,79;10,79;10,79;10,79;10,79
96983;346;Nástraha FANATIK Boxer 7,5 cm, bal. 8 ks;4,26;1;4,26;3,56;23;1;2,56;;2,56;2,56;2,56;2,56;2,56;2,56;2,56;2,56;2,56;2,56
96984;346;Nástraha FANATIK Boxer 7,5 cm, bal. 8 ks;4,26;1;4,26;3,56;23;1;2,56;;2,56;2,56;2,56;2,56;2,56;2,56;2,56;2,56;2,56;2,56
96985;346;Nástraha FANATIK Boxer 7,5 cm, bal. 8 ks;4,26;1;4,26;3,56;23;1;2,56;;2,56;2,56;2,56;2,56;2,56;2,56;2,56;2,56;2,56;2,56
30887;;Ihla KORDA Basix Baiting Needle;4,08;1;4,08;2,22;23;1;4,08;;3,92;3,84;3,75;3,67;3,59;3,51;3,43;3,35;3,26;3,06
112339;347;Čln STARKBOAT DT-230 bez kýlu, zelený;599,00;1;599,00;479,20;23;1;599,00;10;575,04;563,06;551,08;539,10;539,10;539,10;539,10;539,10;539,10;539,10
112340;347;Čln STARKBOAT DT-230 bez kýlu, zelený;539,99;1;539,99;432,00;23;1;539,99;10;518,39;507,59;496,79;485,99;485,99;485,99;485,99;485,99;485,99;485,99
112341;347;Čln STARKBOAT DT-230 bez kýlu, zelený;509,99;1;509,99;408,00;23;1;509,99;10;489,59;479,39;469,19;458,99;458,99;458,99;458,99;458,99;458,99;458,99
55668;348;Taška MIVARDI Carryall CamoCode Cube;24,59;1;24,59;12,02;23;1;22,13;10;22,13;22,13;22,13;22,13;22,13;22,13;22,13;22,13;22,13;22,13
55669;348;Taška MIVARDI Carryall CamoCode Cube;20,49;1;20,49;10,01;23;1;18,44;10;18,44;18,44;18,44;18,44;18,44;18,44;18,44;18,44;18,44;18,44
82940;349;Vobler SALMO Minnow Sinking 5S;9,99;1;9,99;4,50;23;1;9,99;;9,59;9,39;9,19;8,99;8,79;8,59;8,39;8,19;7,99;7,49
82942;349;Vobler SALMO Minnow Sinking 5S;9,99;1;9,99;4,50;23;1;9,99;;9,59;9,39;9,19;8,99;8,79;8,59;8,39;8,19;7,99;7,49
104058;350;Boilie STARBAITS Grab & Go Global Halibut, 2,5 kg;15,95;1;15,95;8,06;23;1;15,95;;15,31;14,99;14,67;14,36;14,04;13,72;13,40;13,08;12,76;11,96
74846;350;Boilie STARBAITS Grab & Go Global Halibut, 2,5 kg;16,35;1;16,35;7,82;23;1;16,35;;15,70;15,37;15,04;14,72;14,39;14,06;13,73;13,41;13,08;12,26
41442;;SET = Kreslo GIANTS FISHING Luxury XS Chair + prepravná taška;150,86;1;150,86;76,72;23;1;150,86;;144,83;141,81;138,79;135,77;132,76;129,74;126,72;123,71;120,69;113,15
74637;;Krmivo SENSAS 3000 Carp Tasty Strawberry (jahody);5,30;1;5,30;2,62;23;1;5,30;;5,09;4,98;4,88;4,77;4,66;4,56;4,45;4,35;4,24;3,98
92450;;Puzdro DELPHIN Classa HardCase na príslušenstvo;11,96;1;11,96;6,75;23;1;10,17;25;10,17;10,17;10,17;10,17;10,17;10,17;10,05;9,81;9,57;8,97
30945;;Pean ROBINSON zakrivený;7,16;1;7,16;2,93;23;1;7,16;;6,87;6,73;6,59;6,44;6,30;6,16;6,01;5,87;5,73;5,37
90140;351;Háčiky DELPHIN Thorn Poper 11x;4,94;1;4,94;2,15;23;1;4,20;25;4,20;4,20;4,20;4,20;4,20;4,20;4,15;4,05;3,95;3,71
90141;351;Háčiky DELPHIN Thorn Poper 11x;4,94;1;4,94;2,15;23;1;4,20;25;4,20;4,20;4,20;4,20;4,20;4,20;4,15;4,05;3,95;3,71
90142;351;Háčiky DELPHIN Thorn Poper 11x;4,94;1;4,94;2,08;23;1;4,20;25;4,20;4,20;4,20;4,20;4,20;4,20;4,15;4,05;3,95;3,71
55704;;Zarážky MIVARDI Boilie Stoppers Brown;2,04;1;2,04;0,91;23;1;1,84;10;1,84;1,84;1,84;1,84;1,84;1,84;1,84;1,84;1,84;1,84
83079;;Montáž FOX Edges Camo Lead Clip Kit;6,14;1;6,14;2,79;23;1;6,14;;5,89;5,77;5,65;5,53;5,40;5,28;5,16;5,03;4,91;4,61
97095;352;Nástraha KEITECH Swing Impact Fat 3,3 inch/ 8,38cm, bal. 7ks;7,69;1;7,69;3,26;23;1;7,69;;7,38;7,23;7,07;6,92;6,77;6,61;6,46;6,31;6,15;5,77
97097;352;Nástraha KEITECH Swing Impact Fat 3,3 inch/ 8,38cm, bal. 7ks;7,69;1;7,69;4,05;23;1;7,69;;7,38;7,23;7,07;6,92;6,77;6,61;6,46;6,31;6,15;5,77
104085;353;Boilie STARBAITS Pro Banana Nut, 2,kg;27,95;1;27,95;13,82;23;1;27,95;;26,83;26,27;25,71;25,16;24,60;24,04;23,48;22,92;22,36;20,96
104086;353;Boilie STARBAITS Pro Banana Nut, 2,kg;27,95;1;27,95;13,82;23;1;27,95;;26,83;26,27;25,71;25,16;24,60;24,04;23,48;22,92;22,36;20,96
92466;354;Prút DELPHIN Apollo GenerationX;66,95;1;66,95;34,92;23;1;56,91;25;56,91;56,91;56,91;56,91;56,91;56,91;56,24;54,90;53,56;50,21
92467;354;Prút DELPHIN Apollo GenerationX;71,96;1;71,96;37,07;23;1;61,17;25;61,17;61,17;61,17;61,17;61,17;61,17;60,45;59,01;57,57;53,97
31046;;Trojháčik 3FC s voľným ramienkom;0,50;1;0,50;0,19;23;1;0,50;;0,48;0,47;0,46;0,45;0,44;0,43;0,42;0,41;0,40;0,38
65912;;Navijak BLACK CAT Passion Pro FD 680;92,20;1;92,20;61,50;23;1;92,20;;88,51;86,67;84,82;82,98;81,14;79,29;77,45;75,60;73,76;69,15
74775;;"Kopyto ILLEX Magic Slim Shad 3"" 6,5 cm, Magic Chartreuse";1,33;1;1,33;0,62;23;1;1,33;;1,28;1,25;1,22;1,20;1,17;1,14;1,12;1,09;1,06;1,00
92482;;Taška DELPHIN Reaxe WerHead na podberákové hlavy;27,95;1;27,95;15,03;23;1;23,76;25;23,76;23,76;23,76;23,76;23,76;23,76;23,48;22,92;22,36;20,96
100488;;Vankúš BeCare Kapor Šupík L, 67 cm;18,35;1;18,35;11,18;23;1;18,35;;17,62;17,25;16,88;16,52;16,15;15,78;15,41;15,05;14,68;13,76
19256;355;Hotová montáž CARPEX Classic Boilie Rig;3,22;1;3,22;1,75;23;1;3,22;;3,09;3,03;2,96;2,90;2,83;2,77;2,70;2,64;2,58;2,42
31201;355;Hotová montáž CARPEX Classic Boilie Rig;3,95;1;3,95;2,58;23;1;3,95;;3,79;3,71;3,63;3,56;3,48;3,40;3,32;3,24;3,16;2,96
90182;;Taška DELPHIN Classa Crossbody;23,95;1;23,95;12,88;23;1;20,36;25;20,36;20,36;20,36;20,36;20,36;20,36;20,12;19,64;19,16;17,96
112387;;Náhradný ventil STARKBOAT, šedý;9,00;1;9,00;7,20;23;1;9,00;10;8,64;8,46;8,28;8,10;8,10;8,10;8,10;8,10;8,10;8,10
83194;356;Kopyto FOX Rage Zander Pro;1,00;1;1,00;0,30;23;1;1,00;;0,96;0,94;0,92;0,90;0,88;0,86;0,84;0,82;0,80;0,75
83218;356;Kopyto FOX Rage Zander Pro;1,60;1;1,60;0,68;23;1;1,60;;1,54;1,50;1,47;1,44;1,41;1,38;1,34;1,31;1,28;1,20
104118;;Method mix STARBAITS Grab&Go Global Mega Fish, 1,8 kg;7,29;1;7,29;3,75;23;1;7,29;;7,00;6,85;6,71;6,56;6,42;6,27;6,12;5,98;5,83;5,47
41493;;SET = panvica GIANTS FISHING Eazi Pan Large 32 cm + nerezový príbor;44,90;1;44,90;23,39;23;1;44,90;;43,10;42,21;41,31;40,41;39,51;38,61;37,72;36,82;35,92;33,68
112403;;Nafukovací vodný bicykel STARKBOAT SWC08;1549,80;1;1549,80;1239,84;23;1;1549,80;10;1487,81;1456,81;1425,82;1394,82;1394,82;1394,82;1394,82;1394,82;1394,82;1394,82
55874;;Púzdro MIVARDI Case For Bivvy Light New Dynasty RC na svetlo;9,21;1;9,21;4,50;23;1;8,29;10;8,29;8,29;8,29;8,29;8,29;8,29;8,29;8,29;8,29;8,29
41523;357;Háčiky GIANTS FISHING Medium Curve Shank;3,94;1;3,94;1,95;23;1;3,94;;3,78;3,70;3,62;3,55;3,47;3,39;3,31;3,23;3,15;2,96
41524;357;Háčiky GIANTS FISHING Medium Curve Shank;4,08;1;4,08;2,02;23;1;4,08;;3,92;3,84;3,75;3,67;3,59;3,51;3,43;3,35;3,26;3,06
41525;357;Háčiky GIANTS FISHING Medium Curve Shank;4,08;1;4,08;2,02;23;1;4,08;;3,92;3,84;3,75;3,67;3,59;3,51;3,43;3,35;3,26;3,06
74812;;Krmivo SENSAS 3000 Feeder Carp;5,30;1;5,30;2,89;23;1;5,30;;5,09;4,98;4,88;4,77;4,66;4,56;4,45;4,35;4,24;3,98
92518;358;Háčiky DELPHIN Reaxe MTD Angle, 11 ks;2,40;1;2,40;1,09;23;1;2,04;25;2,04;2,04;2,04;2,04;2,04;2,04;2,02;1,97;1,92;1,80
92519;358;Háčiky DELPHIN Reaxe MTD Angle, 11 ks;2,40;1;2,40;1,09;23;1;2,04;25;2,04;2,04;2,04;2,04;2,04;2,04;2,02;1,97;1,92;1,80
92520;358;Háčiky DELPHIN Reaxe MTD Angle, 11 ks;2,40;1;2,40;1,09;23;1;2,04;25;2,04;2,04;2,04;2,04;2,04;2,04;2,02;1,97;1,92;1,80
92521;358;Háčiky DELPHIN Reaxe MTD Angle, 11 ks;2,40;1;2,40;1,09;23;1;2,04;25;2,04;2,04;2,04;2,04;2,04;2,04;2,02;1,97;1,92;1,80
92522;358;Háčiky DELPHIN Reaxe MTD Angle, 11 ks;2,40;1;2,40;1,09;23;1;2,04;25;2,04;2,04;2,04;2,04;2,04;2,04;2,02;1,97;1,92;1,80
100016;359;Vobler ROBINSON Pop Star F65;6,41;1;6,41;2,70;23;1;6,41;;6,15;6,03;5,90;5,77;5,64;5,51;5,38;5,26;5,13;4,81
31361;359;Vobler ROBINSON Pop Star F65;6,41;1;6,41;3,28;23;1;6,41;;6,15;6,03;5,90;5,77;5,64;5,51;5,38;5,26;5,13;4,81
31362;359;Vobler ROBINSON Pop Star F65;6,41;1;6,41;3,28;23;1;6,41;;6,15;6,03;5,90;5,77;5,64;5,51;5,38;5,26;5,13;4,81
112814;360;Tričko FISHING POINT Carp Cartel Wanted;25,01;1;25,01;18,99;23;1;25,01;;24,01;23,51;23,01;22,51;22,01;21,51;21,01;20,51;20,01;18,76
112815;360;Tričko FISHING POINT Carp Cartel Wanted;25,01;1;25,01;18,99;23;1;25,01;;24,01;23,51;23,01;22,51;22,01;21,51;21,01;20,51;20,01;18,76
112816;360;Tričko FISHING POINT Carp Cartel Wanted;25,01;1;25,01;18,99;23;1;25,01;;24,01;23,51;23,01;22,51;22,01;21,51;21,01;20,51;20,01;18,76
112817;360;Tričko FISHING POINT Carp Cartel Wanted;25,01;1;25,01;18,99;23;1;25,01;;24,01;23,51;23,01;22,51;22,01;21,51;21,01;20,51;20,01;18,76
112818;360;Tričko FISHING POINT Carp Cartel Wanted;25,01;1;25,01;18,99;23;1;25,01;;24,01;23,51;23,01;22,51;22,01;21,51;21,01;20,51;20,01;18,76
55963;;Lehátko MIVARDI CamoCODE Flat6;174,99;1;174,99;90,18;23;1;157,49;10;157,49;157,49;157,49;157,49;157,49;157,49;157,49;157,49;157,49;157,49
83320;;Nástraha FOX Wobble Replicant 23 cm, 125 g;16,40;1;16,40;4,80;23;1;16,40;;15,74;15,42;15,09;14,76;14,43;14,10;13,78;13,45;13,12;12,30
104154;361;Boilie STARBAITS Pro Banana Nut v dipe;6,30;1;6,30;2,96;23;1;6,30;;6,05;5,92;5,80;5,67;5,54;5,42;5,29;5,17;5,04;4,73
104155;361;Boilie STARBAITS Pro Banana Nut v dipe;6,30;1;6,30;3,11;23;1;6,30;;6,05;5,92;5,80;5,67;5,54;5,42;5,29;5,17;5,04;4,73
41564;;Páska GIANTS FISHING PVA Tape;3,14;1;3,14;1,62;23;1;3,14;;3,01;2,95;2,89;2,83;2,76;2,70;2,64;2,57;2,51;2,36
31428;;Muškárska krabička ROBINSON MU 005;10,10;1;10,10;5,75;23;1;10,10;;9,70;9,49;9,29;9,09;8,89;8,69;8,48;8,28;8,08;7,58
65977;362;Nohavice GEOFF Anderson Roxxo Forest Green;153,75;1;153,75;104,55;23;1;153,75;;147,60;144,53;141,45;138,38;135,30;132,23;129,15;126,08;123,00;115,31
65978;362;Nohavice GEOFF Anderson Roxxo Forest Green;153,75;1;153,75;104,55;23;1;153,75;;147,60;144,53;141,45;138,38;135,30;132,23;129,15;126,08;123,00;115,31
65979;362;Nohavice GEOFF Anderson Roxxo Forest Green;153,75;1;153,75;104,55;23;1;153,75;;147,60;144,53;141,45;138,38;135,30;132,23;129,15;126,08;123,00;115,31
65980;362;Nohavice GEOFF Anderson Roxxo Forest Green;153,75;1;153,75;104,55;23;1;153,75;;147,60;144,53;141,45;138,38;135,30;132,23;129,15;126,08;123,00;115,31
65981;362;Nohavice GEOFF Anderson Roxxo Forest Green;153,75;1;153,75;104,55;23;1;153,75;;147,60;144,53;141,45;138,38;135,30;132,23;129,15;126,08;123,00;115,31
65982;362;Nohavice GEOFF Anderson Roxxo Forest Green;153,75;1;153,75;104,55;23;1;153,75;;147,60;144,53;141,45;138,38;135,30;132,23;129,15;126,08;123,00;115,31
65983;362;Nohavice GEOFF Anderson Roxxo Forest Green;153,75;1;153,75;104,55;23;1;153,75;;147,60;144,53;141,45;138,38;135,30;132,23;129,15;126,08;123,00;115,31
56001;;Peračník MIVARDI Single;6,99;1;6,99;3,40;23;1;6,29;10;6,29;6,29;6,29;6,29;6,29;6,29;6,29;6,29;6,29;6,29
83408;;Taška FOX Camolite Compact Rigid Lead & Bits Bag;28,68;1;28,68;14,46;23;1;28,68;;27,53;26,96;26,39;25,81;25,24;24,66;24,09;23,52;22,94;21,51
74883;;Spod mix STARBAITS Eazi Red Fog, 4,5 kg;21,50;1;21,50;9,52;23;1;21,50;;20,64;20,21;19,78;19,35;18,92;18,49;18,06;17,63;17,20;16,13
100570;363;Prút ROBINSON Carbonic Tele Spin;15,38;1;15,38;7,79;23;1;15,38;;14,76;14,46;14,15;13,84;13,53;13,23;12,92;12,61;12,30;11,54
100571;363;Prút ROBINSON Carbonic Tele Spin;18,71;1;18,71;8,39;23;1;18,71;;17,96;17,59;17,21;16,84;16,46;16,09;15,72;15,34;14,97;14,03
100572;363;Prút ROBINSON Carbonic Tele Spin;20,20;1;20,20;8,99;23;1;20,20;;19,39;18,99;18,58;18,18;17,78;17,37;16,97;16,56;16,16;15,15
100574;363;Prút ROBINSON Carbonic Tele Spin;20,20;1;20,20;8,99;23;1;20,20;;19,39;18,99;18,58;18,18;17,78;17,37;16,97;16,56;16,16;15,15
31572;364;Naviják ROBINSON Dakota FD;31,67;1;31,67;11,19;23;1;31,67;;30,40;29,77;29,14;28,50;27,87;27,24;26,60;25,97;25,34;23,75
31574;364;Naviják ROBINSON Dakota FD;34,65;1;34,65;14,64;23;1;34,65;;33,26;32,57;31,88;31,19;30,49;29,80;29,11;28,41;27,72;25,99
65993;365;Zateplené nohavice GEOFF Anderson Barbarus Asimi, šedé;307,45;1;307,45;209,05;23;1;307,45;;295,15;289,00;282,85;276,71;270,56;264,41;258,26;252,11;245,96;230,59
65994;365;Zateplené nohavice GEOFF Anderson Barbarus Asimi, šedé;307,45;1;307,45;209,05;23;1;307,45;;295,15;289,00;282,85;276,71;270,56;264,41;258,26;252,11;245,96;230,59
65995;365;Zateplené nohavice GEOFF Anderson Barbarus Asimi, šedé;307,45;1;307,45;209,05;23;1;307,45;;295,15;289,00;282,85;276,71;270,56;264,41;258,26;252,11;245,96;230,59
65996;365;Zateplené nohavice GEOFF Anderson Barbarus Asimi, šedé;307,45;1;307,45;209,05;23;1;307,45;;295,15;289,00;282,85;276,71;270,56;264,41;258,26;252,11;245,96;230,59
65997;365;Zateplené nohavice GEOFF Anderson Barbarus Asimi, šedé;307,45;1;307,45;209,05;23;1;307,45;;295,15;289,00;282,85;276,71;270,56;264,41;258,26;252,11;245,96;230,59
65998;365;Zateplené nohavice GEOFF Anderson Barbarus Asimi, šedé;307,45;1;307,45;209,05;23;1;307,45;;295,15;289,00;282,85;276,71;270,56;264,41;258,26;252,11;245,96;230,59
12626;;Vobler ILLEX Chubby Minnow SP, Truitelle;19,95;1;19,95;9,41;23;1;19,95;;19,15;18,75;18,35;17,96;17,56;17,16;16,76;16,36;15,96;14,96
74918;;Kliešte GUNKI Multi, 18 cm;12,95;1;12,95;5,80;23;1;12,95;;12,43;12,17;11,91;11,66;11,40;11,14;10,88;10,62;10,36;9,71
104217;;Krabička ILLEX Tackle Box 138 VC;4,70;1;4,70;2,22;23;1;4,70;;4,51;4,42;4,32;4,23;4,14;4,04;3,95;3,85;3,76;3,53
90387;366;Nohavice DELPHIN Winter Cruiser 5T;67,95;1;67,95;43,97;23;1;57,76;25;57,76;57,76;57,76;57,76;57,76;57,76;57,08;55,72;54,36;50,96
90388;366;Nohavice DELPHIN Winter Cruiser 5T;67,95;1;67,95;43,97;23;1;57,76;25;57,76;57,76;57,76;57,76;57,76;57,76;57,08;55,72;54,36;50,96
90389;366;Nohavice DELPHIN Winter Cruiser 5T;67,95;1;67,95;43,97;23;1;57,76;25;57,76;57,76;57,76;57,76;57,76;57,76;57,08;55,72;54,36;50,96
90390;366;Nohavice DELPHIN Winter Cruiser 5T;67,95;1;67,95;43,97;23;1;57,76;25;57,76;57,76;57,76;57,76;57,76;57,76;57,08;55,72;54,36;50,96
90391;366;Nohavice DELPHIN Winter Cruiser 5T;67,95;1;67,95;43,97;23;1;57,76;25;57,76;57,76;57,76;57,76;57,76;57,76;57,08;55,72;54,36;50,96
90392;366;Nohavice DELPHIN Winter Cruiser 5T;67,95;1;67,95;43,97;23;1;57,76;25;57,76;57,76;57,76;57,76;57,76;57,76;57,08;55,72;54,36;50,96
13361;;Batéria BC alkaline;0,92;1;0,92;0,48;23;1;0,92;15;0,88;0,86;0,85;0,83;0,81;0,79;0,78;0,78;0,78;0,78
56071;367;Booster MIVARDI Rapid 500 ml;6,14;1;6,14;3,06;23;1;5,53;10;5,53;5,53;5,53;5,53;5,53;5,53;5,53;5,53;5,53;5,53
56072;367;Booster MIVARDI Rapid 500 ml;5,99;1;5,99;3,15;23;1;5,39;10;5,39;5,39;5,39;5,39;5,39;5,39;5,39;5,39;5,39;5,39
56073;367;Booster MIVARDI Rapid 500 ml;6,14;1;6,14;3,06;23;1;5,53;10;5,53;5,53;5,53;5,53;5,53;5,53;5,53;5,53;5,53;5,53
56074;367;Booster MIVARDI Rapid 500 ml;5,99;1;5,99;3,15;23;1;5,39;10;5,39;5,39;5,39;5,39;5,39;5,39;5,39;5,39;5,39;5,39
56075;367;Booster MIVARDI Rapid 500 ml;5,99;1;5,99;3,15;23;1;5,39;10;5,39;5,39;5,39;5,39;5,39;5,39;5,39;5,39;5,39;5,39
56077;367;Booster MIVARDI Rapid 500 ml;5,99;1;5,99;3,15;23;1;5,39;10;5,39;5,39;5,39;5,39;5,39;5,39;5,39;5,39;5,39;5,39
56078;367;Booster MIVARDI Rapid 500 ml;6,14;1;6,14;3,06;23;1;5,53;10;5,53;5,53;5,53;5,53;5,53;5,53;5,53;5,53;5,53;5,53
56079;367;Booster MIVARDI Rapid 500 ml;5,99;1;5,99;3,15;23;1;5,53;10;5,53;5,53;5,51;5,39;5,39;5,39;5,39;5,39;5,39;5,39
56080;367;Booster MIVARDI Rapid 500 ml;5,99;1;5,99;3,15;23;1;5,39;10;5,39;5,39;5,39;5,39;5,39;5,39;5,39;5,39;5,39;5,39
56169;367;Booster MIVARDI Rapid 500 ml;5,99;1;5,99;3,15;23;1;5,39;10;5,39;5,39;5,39;5,39;5,39;5,39;5,39;5,39;5,39;5,39
56170;367;Booster MIVARDI Rapid 500 ml;5,99;1;5,99;3,15;23;1;5,39;10;5,39;5,39;5,39;5,39;5,39;5,39;5,39;5,39;5,39;5,39
56171;367;Booster MIVARDI Rapid 500 ml;5,99;1;5,99;3,15;23;1;5,39;10;5,39;5,39;5,39;5,39;5,39;5,39;5,39;5,39;5,39;5,39
99502;;Elektromotor HASWING W-20;101,40;1;101,40;69,27;23;1;101,40;10;97,34;95,32;93,29;91,26;91,26;91,26;91,26;91,26;91,26;91,26
104235;;Nepremokavá taška ILLEX Safe Slim Bag L Blue;18,99;1;18,99;8,33;23;1;18,99;;18,23;17,85;17,47;17,09;16,71;16,33;15,95;15,57;15,19;14,24
41697;;Puzdro WYCHWOOD Tactical HD Quiver Foldall;79,38;1;79,38;41,88;23;1;79,38;;76,20;74,62;73,03;71,44;69,85;68,27;66,68;65,09;63,50;59,54
74982;;Bivak STARBAITS QG DLX;559,95;1;559,95;288,88;23;1;559,95;;537,55;526,35;515,15;503,96;492,76;481,56;470,36;459,16;447,96;419,96
100612;368;Nadväzec METHOD FEEDER FANS Ready Tieg Rig Sting, s tŕňom, 2 ks;2,48;1;2,48;1,66;23;1;2,48;;2,38;2,33;2,28;2,23;2,18;2,13;2,08;2,03;1,98;1,86
100613;368;Nadväzec METHOD FEEDER FANS Ready Tieg Rig Sting, s tŕňom, 2 ks;2,35;1;2,35;1,43;23;1;2,35;;2,26;2,21;2,16;2,12;2,07;2,02;1,97;1,93;1,88;1,76
33177;369;Boilie MIKBAITS ManiaQ Slaneček;47,80;1;47,80;34,85;23;1;47,80;10;45,89;44,93;43,98;43,02;43,02;43,02;43,02;43,02;43,02;43,02
33179;369;Boilie MIKBAITS ManiaQ Slaneček;16,60;1;16,60;11,88;23;1;16,60;10;15,94;15,60;15,27;14,94;14,94;14,94;14,94;14,94;14,94;14,94
33180;369;Boilie MIKBAITS ManiaQ Slaneček;15,97;1;15,97;11,88;23;1;15,97;10;15,33;15,01;14,69;14,37;14,37;14,37;14,37;14,37;14,37;14,37
90415;;Montáž DELPHIN The End Leadcore Heli;8,50;1;8,50;4,58;23;1;7,23;25;7,23;7,23;7,23;7,23;7,23;7,23;7,14;6,97;6,80;6,38
13430;;Hadička PVC;1,28;1;1,28;0,76;23;1;1,28;;1,23;1,20;1,18;1,15;1,13;1,10;1,08;1,05;1,02;0,96
99531;;Kotviaci naviják STRONGER Steel Hands 10;193,72;1;193,72;134,93;23;1;193,72;10;185,97;182,10;178,22;174,35;174,35;174,35;174,35;174,35;174,35;174,35
104251;;Navijak SENSAS Pro Match 3500 FV;71,96;1;71,96;36,74;23;1;71,96;;69,08;67,64;66,20;64,76;63,32;61,89;60,45;59,01;57,57;53,97
75001;;Vobler ILLEX RV Minnow 11 cm, SP SG Ayu;31,96;1;31,96;16,11;23;1;31,96;;30,68;30,04;29,40;28,76;28,12;27,49;26,85;26,21;25,57;23,97
33222;;Tekutá potrava MIKBAITS Red Fish Amino, 300ml;12,26;1;12,26;9,11;23;1;12,26;10;11,77;11,52;11,28;11,03;11,03;11,03;11,03;11,03;11,03;11,03
66644;370;Prút BLACK CAT Perfect Passion XH-S;101,48;1;101,48;49,45;23;1;101,48;;97,42;95,39;93,36;91,33;89,30;87,27;85,24;83,21;81,18;76,11
66645;370;Prút BLACK CAT Perfect Passion XH-S;97,38;1;97,38;49,45;23;1;97,38;;93,48;91,54;89,59;87,64;85,69;83,75;81,80;79,85;77,90;73,04
66646;370;Prút BLACK CAT Perfect Passion XH-S;99,99;1;99,99;55,55;23;1;99,99;;95,99;93,99;91,99;89,99;87,99;85,99;83,99;81,99;79,99;74,99
90508;371;Náhradná cievka pre navijak DELPHIN Inox;19,95;1;19,95;10,73;23;1;16,96;25;16,96;16,96;16,96;16,96;16,96;16,96;16,76;16,36;15,96;14,96
90511;371;Náhradná cievka pre navijak DELPHIN Inox;21,96;1;21,96;11,27;23;1;18,67;25;18,67;18,67;18,67;18,67;18,67;18,67;18,45;18,01;17,57;16,47
83556;;Set nástrah FOX Rage Slick Shad UV Mixed Colour 11cm, 4ks;6,49;1;6,49;2,70;23;1;6,49;;6,23;6,10;5,97;5,84;5,71;5,58;5,45;5,32;5,19;4,87
100654;372;Prút ROBINSON Kinetik RS Tele Feeder;59,90;1;59,90;28,50;23;1;59,90;;57,50;56,31;55,11;53,91;52,71;51,51;50,32;49,12;47,92;44,93
100655;372;Prút ROBINSON Kinetik RS Tele Feeder;62,00;1;62,00;29,39;23;1;62,00;;59,52;58,28;57,04;55,80;54,56;53,32;52,08;50,84;49,60;46,50
90541;373;Nástraha DELPHIN BOMB! Rippa 10 cm, 5 ks;4,40;1;4,40;2,19;23;1;3,74;25;3,74;3,74;3,74;3,74;3,74;3,74;3,70;3,61;3,52;3,30
90544;373;Nástraha DELPHIN BOMB! Rippa 10 cm, 5 ks;6,49;1;6,49;3,09;23;1;5,52;25;5,52;5,52;5,52;5,52;5,52;5,52;5,45;5,32;5,19;4,87
90545;373;Nástraha DELPHIN BOMB! Rippa 10 cm, 5 ks;6,49;1;6,49;3,09;23;1;5,52;25;5,52;5,52;5,52;5,52;5,52;5,52;5,45;5,32;5,19;4,87
90546;373;Nástraha DELPHIN BOMB! Rippa 10 cm, 5 ks;6,49;1;6,49;3,37;23;1;5,52;25;5,52;5,52;5,52;5,52;5,52;5,52;5,45;5,32;5,19;4,87
90548;373;Nástraha DELPHIN BOMB! Rippa 10 cm, 5 ks;6,49;1;6,49;3,09;23;1;5,52;25;5,52;5,52;5,52;5,52;5,52;5,52;5,45;5,32;5,19;4,87
83561;374;Set nástrah FOX Rage Slick Shad Ultra UV Green Pumpkin;5,49;1;5,49;2,03;23;1;5,49;;5,27;5,16;5,05;4,94;4,83;4,72;4,61;4,50;4,39;4,12
83562;374;Set nástrah FOX Rage Slick Shad Ultra UV Green Pumpkin;5,99;1;5,99;2,47;23;1;5,99;;5,75;5,63;5,51;5,39;5,27;5,15;5,03;4,91;4,79;4,49
83563;374;Set nástrah FOX Rage Slick Shad Ultra UV Green Pumpkin;6,99;1;6,99;2,93;23;1;6,99;;6,71;6,57;6,43;6,29;6,15;6,01;5,87;5,73;5,59;5,24
83564;374;Set nástrah FOX Rage Slick Shad Ultra UV Green Pumpkin;7,49;1;7,49;3,15;23;1;7,49;;7,19;7,04;6,89;6,74;6,59;6,44;6,29;6,14;5,99;5,62
33260;;Plávajúca kukurica MIKBAITS Amur Range v dipe;7,20;1;7,20;5,36;23;1;7,20;10;6,91;6,77;6,62;6,48;6,48;6,48;6,48;6,48;6,48;6,48
90580;375;Háčiky DELPHIN Bomb! ZanderPoint;2,76;1;2,76;0,83;23;1;2,35;25;2,35;2,35;2,35;2,35;2,35;2,35;2,32;2,26;2,21;2,07
90581;375;Háčiky DELPHIN Bomb! ZanderPoint;2,85;1;2,85;0,83;23;1;2,42;25;2,42;2,42;2,42;2,42;2,42;2,42;2,39;2,34;2,28;2,14
10825;376;Čln KOLIBRI Profi - pevná podlaha + držiak motora;490,00;1;490,00;383,54;23;1;490,00;10;470,40;460,60;450,80;441,00;441,00;441,00;441,00;441,00;441,00;441,00
10826;376;Čln KOLIBRI Profi - pevná podlaha + držiak motora;494,00;1;494,00;422,05;23;1;494,00;10;474,24;464,36;454,48;444,60;444,60;444,60;444,60;444,60;444,60;444,60
14399;376;Čln KOLIBRI Profi - pevná podlaha + držiak motora;546,33;1;546,33;399,75;23;1;546,33;10;524,48;513,55;502,62;491,70;491,70;491,70;491,70;491,70;491,70;491,70
14433;376;Čln KOLIBRI Profi - pevná podlaha + držiak motora;544,00;1;544,00;344,40;23;1;544,00;10;522,24;511,36;500,48;489,60;489,60;489,60;489,60;489,60;489,60;489,60
14434;376;Čln KOLIBRI Profi - pevná podlaha + držiak motora;549,99;1;549,99;409,75;23;1;549,99;10;527,99;516,99;505,99;494,99;494,99;494,99;494,99;494,99;494,99;494,99
14451;376;Čln KOLIBRI Profi - pevná podlaha + držiak motora;487,90;1;487,90;346,50;23;1;487,90;10;468,38;458,63;448,87;439,11;439,11;439,11;439,11;439,11;439,11;439,11
14475;376;Čln KOLIBRI Profi - pevná podlaha + držiak motora;449,97;1;449,97;329,25;23;1;449,97;10;431,97;422,97;413,97;404,97;404,97;404,97;404,97;404,97;404,97;404,97
14493;376;Čln KOLIBRI Profi - pevná podlaha + držiak motora;487,90;1;487,90;346,50;23;1;487,90;10;468,38;458,63;448,87;439,11;439,11;439,11;439,11;439,11;439,11;439,11
56160;;Prístrešok MIVARDI Shelter Base Station MK2;279,98;1;279,98;144,99;23;1;251,98;10;251,98;251,98;251,98;251,98;251,98;251,98;251,98;251,98;251,98;251,98
104303;;Dip STARBAITS Crayzi Fruit (rak a ovocie);12,30;1;12,30;5,71;23;1;12,30;;11,81;11,56;11,32;11,07;10,82;10,58;10,33;10,09;9,84;9,23
33294;;Liquid MIKBAITS Predator, 250 ml;16,36;1;16,36;11,73;23;1;16,36;10;15,71;15,38;15,05;14,72;14,72;14,72;14,72;14,72;14,72;14,72
66815;377;Hrkajúca vrtuľka Black Cat Propeller Rattles;3,03;1;3,03;0,34;23;1;3,03;;2,91;2,85;2,79;2,73;2,67;2,61;2,55;2,48;2,42;2,27
66816;377;Hrkajúca vrtuľka Black Cat Propeller Rattles;3,06;1;3,06;0,35;23;1;3,06;;2,94;2,88;2,82;2,75;2,69;2,63;2,57;2,51;2,45;2,30
83604;378;Krimpovacie spojky FOX Edges Crimps;4,99;1;4,99;2,42;23;1;4,99;;4,79;4,69;4,59;4,49;4,39;4,29;4,19;4,09;3,99;3,74
83605;378;Krimpovacie spojky FOX Edges Crimps;4,99;1;4,99;2,55;23;1;4,99;;4,79;4,69;4,59;4,49;4,39;4,29;4,19;4,09;3,99;3,74
99671;;Minikultivátor HONDA FG 201;624,22;1;624,22;;23;1;624,22;3;605,49;605,49;605,49;605,49;605,49;605,49;605,49;605,49;605,49;605,49
104324;;Kreslo STARBAITS Chair DLX;169,95;1;169,95;101,54;23;1;169,95;;163,15;159,75;156,35;152,96;149,56;146,16;142,76;139,36;135,96;127,46
41816;379;Háčiky GIANTS FISHING Short Curve Shank s očkom;4,33;1;4,33;2,22;23;1;4,33;;4,16;4,07;3,98;3,90;3,81;3,72;3,64;3,55;3,46;3,25
41817;379;Háčiky GIANTS FISHING Short Curve Shank s očkom;4,33;1;4,33;2,18;23;1;4,33;;4,16;4,07;3,98;3,90;3,81;3,72;3,64;3,55;3,46;3,25
41818;379;Háčiky GIANTS FISHING Short Curve Shank s očkom;4,50;1;4,50;2,27;23;1;4,50;;4,32;4,23;4,14;4,05;3,96;3,87;3,78;3,69;3,60;3,38
100708;;Čelovka Smart Head Light Premium;19,99;1;19,99;10,85;23;1;19,99;;19,19;18,79;18,39;17,99;17,59;17,19;16,79;16,39;15,99;14,99
66862;380;Nástraha QUANTUM 4Street Rubber Jig, Firetiger;3,20;1;3,20;1,30;23;1;3,20;;3,07;3,01;2,94;2,88;2,82;2,75;2,69;2,62;2,56;2,40
66864;380;Nástraha QUANTUM 4Street Rubber Jig, Firetiger;6,61;1;6,61;1,30;23;1;6,61;;6,35;6,21;6,08;5,95;5,82;5,68;5,55;5,42;5,29;4,96
56208;;Podberák MIVARDI Metal 220;19,46;1;19,46;9,34;23;1;17,51;10;17,51;17,51;17,51;17,51;17,51;17,51;17,51;17,51;17,51;17,51
83623;381;Háčiky FOX Edges Super Wide Gape Long Shank;6,49;1;6,49;3,02;23;1;6,49;;6,23;6,10;5,97;5,84;5,71;5,58;5,45;5,32;5,19;4,87
83624;381;Háčiky FOX Edges Super Wide Gape Long Shank;6,49;1;6,49;3,02;23;1;6,49;;6,23;6,10;5,97;5,84;5,71;5,58;5,45;5,32;5,19;4,87
83625;381;Háčiky FOX Edges Super Wide Gape Long Shank;6,49;1;6,49;3,02;23;1;6,49;;6,23;6,10;5,97;5,84;5,71;5,58;5,45;5,32;5,19;4,87
83626;381;Háčiky FOX Edges Super Wide Gape Long Shank;6,49;1;6,49;3,02;23;1;6,49;;6,23;6,10;5,97;5,84;5,71;5,58;5,45;5,32;5,19;4,87
104342;;Bivak STARBAITS Base Camp Pack;579,94;1;579,94;311,80;23;1;579,94;;556,74;545,14;533,54;521,95;510,35;498,75;487,15;475,55;463,95;434,96
66887;;Elektromotor RHINO VX 50 Eco Electric Outboard Motor;307,48;1;307,48;199,00;23;1;307,48;;295,18;289,03;282,88;276,73;270,58;264,43;258,28;252,13;245,98;230,61
56224;;Vyvážené boilie MIVARDI Method Balanced Wafters, Scopex & Vanilka;4,29;1;4,29;2,19;23;1;3,86;10;3,86;3,86;3,86;3,86;3,86;3,86;3,86;3,86;3,86;3,86
83670;;Šiltovka FOX Collection Trucker Cap Black & Orange;13,99;1;13,99;8,37;23;1;13,99;;13,43;13,15;12,87;12,59;12,31;12,03;11,75;11,47;11,19;10,49
104363;;Stojan STARBAITS Fast Pod 2 Rods;63,95;1;63,95;29,27;23;1;63,95;;61,39;60,11;58,83;57,56;56,28;55,00;53,72;52,44;51,16;47,96
75445;382;Plandavka MISTRALL Vibro Cast;3,03;1;3,03;1,60;23;1;3,03;;2,91;2,85;2,79;2,73;2,67;2,61;2,55;2,48;2,42;2,27
75568;382;Plandavka MISTRALL Vibro Cast;2,71;1;2,71;1,46;23;1;2,71;;2,60;2,55;2,49;2,44;2,38;2,33;2,28;2,22;2,17;2,03
100744;383;Prút ROBINSON Stinger X-Cross Tele Tele Spin;22,90;1;22,90;10,63;23;1;22,90;;21,98;21,53;21,07;20,61;20,15;19,69;19,24;18,78;18,32;17,18
100746;383;Prút ROBINSON Stinger X-Cross Tele Tele Spin;25,90;1;25,90;12,01;23;1;25,90;;24,86;24,35;23,83;23,31;22,79;22,27;21,76;21,24;20,72;19,43
3535;384;Zapichovací tŕň CRALUSSO Plastic Bait Spike;1,73;1;1,73;1,13;23;1;1,73;;1,66;1,63;1,59;1,56;1,52;1,49;1,45;1,42;1,38;1,30
3536;384;Zapichovací tŕň CRALUSSO Plastic Bait Spike;1,73;1;1,73;1,13;23;1;1,73;;1,66;1,63;1,59;1,56;1,52;1,49;1,45;1,42;1,38;1,30
14811;385;Štít KOLIBRI Dodger vysoký, čierny;113,00;1;113,00;84,75;23;1;113,00;10;108,48;106,22;103,96;101,70;101,70;101,70;101,70;101,70;101,70;101,70
14812;385;Štít KOLIBRI Dodger vysoký, čierny;95,01;1;95,01;71,25;23;1;95,01;10;91,21;89,31;87,41;85,51;85,51;85,51;85,51;85,51;85,51;85,51
56243;;Partikel MIVARDI Mix, 1 kg;3,69;1;3,69;1,92;23;1;3,32;10;3,32;3,32;3,32;3,32;3,32;3,32;3,32;3,32;3,32;3,32
83692;;Box FOX Edges Loaded Medium;84,99;1;84,99;41,33;23;1;84,99;;81,59;79,89;78,19;76,49;74,79;73,09;71,39;69,69;67,99;63,74
101174;386;Rozpustné boilie NIKL Calanus & Krill, 250 ml;7,40;1;7,40;3,98;23;1;7,40;;7,10;6,96;6,81;6,66;6,51;6,36;6,22;6,07;5,92;5,55
101175;386;Rozpustné boilie NIKL Calanus & Krill, 250 ml;7,40;1;7,40;3,98;23;1;7,40;;7,10;6,96;6,81;6,66;6,51;6,36;6,22;6,07;5,92;5,55
101176;386;Rozpustné boilie NIKL Calanus & Krill, 250 ml;7,40;1;7,40;3,92;23;1;7,40;;7,10;6,96;6,81;6,66;6,51;6,36;6,22;6,07;5,92;5,55
104381;;Taška GUNKI Overtake Walker;39,95;1;39,95;18,50;23;1;39,95;;38,35;37,55;36,75;35,96;35,16;34,36;33,56;32,76;31,96;29,96
41882;387;Montáž GIANTS FISHING Leadcore Leadclip;3,14;1;3,14;1,59;23;1;3,14;;3,01;2,95;2,89;2,83;2,76;2,70;2,64;2,57;2,51;2,36
41883;387;Montáž GIANTS FISHING Leadcore Leadclip;3,14;1;3,14;1,59;23;1;3,14;;3,01;2,95;2,89;2,83;2,76;2,70;2,64;2,57;2,51;2,36
100762;;Nástraha Method Feeder Fans Micro Wafter 4x5 mm, Krill;4,99;1;4,99;2,03;23;1;4,99;;4,79;4,69;4,59;4,49;4,39;4,29;4,19;4,09;3,99;3,74
90802;;Pančucha náhradná Delphin PVA n´tastic / 10m - 25mm;8,50;1;8,50;4,62;23;1;7,23;25;7,23;7,23;7,23;7,23;7,23;7,23;7,14;6,97;6,80;6,38
14828;;Držiak vesla s havlenkou m. 2021;27,00;1;27,00;20,25;23;1;27,00;10;25,92;25,38;24,84;24,30;24,30;24,30;24,30;24,30;24,30;24,30
56265;388;Krmítko MIVARDI Method Feeder Zinc L;1,99;1;1,99;1,25;23;1;1,79;10;1,79;1,79;1,79;1,79;1,79;1,79;1,79;1,79;1,79;1,79
56266;388;Krmítko MIVARDI Method Feeder Zinc L;1,99;1;1,99;1,25;23;1;1,79;10;1,79;1,79;1,79;1,79;1,79;1,79;1,79;1,79;1,79;1,79
56267;388;Krmítko MIVARDI Method Feeder Zinc L;1,99;1;1,99;1,00;23;1;1,79;10;1,79;1,79;1,79;1,79;1,79;1,79;1,79;1,79;1,79;1,79
104397;;Vobler GUNKI Rodan 40 SHW, Orange Tag Trout;9,59;1;9,59;4,37;23;1;9,59;;9,21;9,01;8,82;8,63;8,44;8,25;8,06;7,86;7,67;7,19
92798;;Elektricky vyhrievaná podložka DELPHIN WarmPad;14,94;1;14,94;7,84;23;1;12,70;25;12,70;12,70;12,70;12,70;12,70;12,70;12,55;12,25;11,95;11,21
67108;389;Zavŕtavacia vidlička MIKADO Cam-Lock Drill Bank Stick;5,58;1;5,58;2,64;23;1;5,08;25;5,08;5,08;5,08;5,02;4,91;4,80;4,69;4,58;4,46;4,19
67109;389;Zavŕtavacia vidlička MIKADO Cam-Lock Drill Bank Stick;7,90;1;7,90;3,21;23;1;7,19;25;7,19;7,19;7,19;7,11;6,95;6,79;6,64;6,48;6,32;5,93
8374;390;Plavák Sports PL 007;1,35;1;1,35;0,74;23;1;1,35;;1,30;1,27;1,24;1,22;1,19;1,16;1,13;1,11;1,08;1,01
104414;;Vobler ILLEX Deep Diving Chubby 3,8 cm, Agressive Perch;21,96;1;21,96;10,23;23;1;21,96;;21,08;20,64;20,20;19,76;19,32;18,89;18,45;18,01;17,57;16,47
100800;391;Krmítko Method Feeder Fans Arrow;4,99;1;4,99;2,77;23;1;4,99;;4,79;4,69;4,59;4,49;4,39;4,29;4,19;4,09;3,99;3,74
100801;391;Krmítko Method Feeder Fans Arrow;4,99;1;4,99;2,74;23;1;4,99;;4,79;4,69;4,59;4,49;4,39;4,29;4,19;4,09;3,99;3,74
100802;391;Krmítko Method Feeder Fans Arrow;4,99;1;4,99;2,54;23;1;4,99;;4,79;4,69;4,59;4,49;4,39;4,29;4,19;4,09;3,99;3,74
100803;391;Krmítko Method Feeder Fans Arrow;4,99;1;4,99;2,71;23;1;4,99;;4,79;4,69;4,59;4,49;4,39;4,29;4,19;4,09;3,99;3,74
67178;392;Plandavka MIKADO Ice Spoon With Tassel 2,4cm;1,40;1;1,40;0,54;23;1;1,27;25;1,27;1,27;1,27;1,26;1,23;1,20;1,18;1,15;1,12;1,05
67179;392;Plandavka MIKADO Ice Spoon With Tassel 2,4cm;1,30;1;1,30;0,54;23;1;1,18;25;1,18;1,18;1,18;1,17;1,14;1,12;1,09;1,07;1,04;0,98
15036;393;Pean DELPHIN zakrivený;6,95;1;6,95;3,73;23;1;5,91;25;5,91;5,91;5,91;5,91;5,91;5,91;5,84;5,70;5,56;5,21
15112;393;Pean DELPHIN zakrivený;5,95;1;5,95;3,19;23;1;5,06;25;5,06;5,06;5,06;5,06;5,06;5,06;5,00;4,88;4,76;4,46
15552;393;Pean DELPHIN zakrivený;5,50;1;5,50;2,93;23;1;4,68;25;4,68;4,68;4,68;4,68;4,68;4,68;4,62;4,51;4,40;4,13
56293;;Pevné púzdro MIVARDI TMX Xtra Safe Multi;58,99;1;58,99;29,55;23;1;53,09;10;53,09;53,09;53,09;53,09;53,09;53,09;53,09;53,09;53,09;53,09
104430;;Vobler ILLEX Speed Vib, 4,2 cm, SG Ayu;18,30;1;18,30;8,59;23;1;18,30;;17,57;17,20;16,84;16,47;16,10;15,74;15,37;15,01;14,64;13,73
75608;;Vobler NOMURA Okaido TA 4 cm, f.922;7,95;1;7,95;4,41;23;1;7,95;;7,63;7,47;7,31;7,16;7,00;6,84;6,68;6,52;6,36;5,96
92842;;Dipovací sprej DELPHIN AromaX, Čokoláda - Banán;3,90;1;3,90;2,09;23;1;3,32;25;3,32;3,32;3,32;3,32;3,32;3,32;3,28;3,20;3,12;2,93
100827;394;Hotový nadväzec CGT Hair Rigs;5,90;1;5,90;3,08;23;1;5,90;;5,66;5,55;5,43;5,31;5,19;5,07;4,96;4,84;4,72;4,43
100828;394;Hotový nadväzec CGT Hair Rigs;5,90;1;5,90;3,08;23;1;5,90;;5,66;5,55;5,43;5,31;5,19;5,07;4,96;4,84;4,72;4,43
100829;394;Hotový nadväzec CGT Hair Rigs;5,90;1;5,90;3,08;23;1;5,90;;5,66;5,55;5,43;5,31;5,19;5,07;4,96;4,84;4,72;4,43
100830;394;Hotový nadväzec CGT Hair Rigs;5,90;1;5,90;3,08;23;1;5,90;;5,66;5,55;5,43;5,31;5,19;5,07;4,96;4,84;4,72;4,43
36242;;Vobler OWNER ZZ-80;12,82;1;12,82;5,67;23;1;12,82;;12,31;12,05;11,79;11,54;11,28;11,03;10,77;10,51;10,26;9,62
15874-1;395;Rotačný blyskáč MIKADO Stream;1,69;1;1,69;0,66;23;1;1,54;25;1,54;1,54;1,54;1,52;1,49;1,45;1,42;1,39;1,35;1,27
15874-2;395;Rotačný blyskáč MIKADO Stream;1,96;1;1,96;0,77;23;1;1,78;25;1,78;1,78;1,78;1,76;1,72;1,69;1,65;1,61;1,57;1,47
56310;;Stolík MIVARDI Profesional XL;39,99;1;39,99;20,66;23;1;35,99;10;35,99;35,99;35,99;35,99;35,99;35,99;35,99;35,99;35,99;35,99
104446;;Pelety SENSAS AAL Lockfutter (úhor), 700 g;5,40;1;5,40;2,66;23;1;5,40;;5,18;5,08;4,97;4,86;4,75;4,64;4,54;4,43;4,32;4,05
41961;396;Boilie Carp Inferno Boosted Nutra Line;3,94;1;3,94;2,27;23;1;3,94;;3,78;3,70;3,62;3,55;3,47;3,39;3,31;3,23;3,15;2,96
41962;396;Boilie Carp Inferno Boosted Nutra Line;3,94;1;3,94;2,27;23;1;3,94;;3,78;3,70;3,62;3,55;3,47;3,39;3,31;3,23;3,15;2,96
41964;396;Boilie Carp Inferno Boosted Nutra Line;4,08;1;4,08;2,27;23;1;4,08;;3,92;3,84;3,75;3,67;3,59;3,51;3,43;3,35;3,26;3,06
76466;;Systém ESOX Quick Change Beads;2,10;1;2,10;1,20;23;1;2,10;;2,02;1,97;1,93;1,89;1,85;1,81;1,76;1,72;1,68;1,58
92858;397;Nástraha DELPHIN D Snax Shell Wafters, Kukurica - Ananás;4,94;1;4,94;2,18;23;1;4,20;25;4,20;4,20;4,20;4,20;4,20;4,20;4,15;4,05;3,95;3,71
92859;397;Nástraha DELPHIN D Snax Shell Wafters, Kukurica - Ananás;4,94;1;4,94;2,66;23;1;4,20;25;4,20;4,20;4,20;4,20;4,20;4,20;4,15;4,05;3,95;3,71
92860;397;Nástraha DELPHIN D Snax Shell Wafters, Kukurica - Ananás;4,94;1;4,94;2,66;23;1;4,20;25;4,20;4,20;4,20;4,20;4,20;4,20;4,15;4,05;3,95;3,71
101020;;Plávajúce boilies NIKL Pop Up Sweet Honey 14mm, 50g;8,40;1;8,40;4,53;23;1;8,40;;8,06;7,90;7,73;7,56;7,39;7,22;7,06;6,89;6,72;6,30
36292;398;Háčiky OWNER C-3 s očkom;3,57;1;3,57;1,66;23;1;3,57;;3,43;3,36;3,28;3,21;3,14;3,07;3,00;2,93;2,86;2,68
36293;398;Háčiky OWNER C-3 s očkom;3,57;1;3,57;1,66;23;1;3,57;;3,43;3,36;3,28;3,21;3,14;3,07;3,00;2,93;2,86;2,68
36295;398;Háčiky OWNER C-3 s očkom;3,57;1;3,57;1,66;23;1;3,57;;3,43;3,36;3,28;3,21;3,14;3,07;3,00;2,93;2,86;2,68
90901;;Set tašiek DELPHIN 4x Bokz Space C2G;45,95;1;45,95;25,85;23;1;39,06;25;39,06;39,06;39,06;39,06;39,06;39,06;38,60;37,68;36,76;34,46
76535;;Naviják TICA Feeder Mentor FM 3000;62,00;1;62,00;38,38;23;1;62,00;;59,52;58,28;57,04;55,80;54,56;53,32;52,08;50,84;49,60;46,50
92874;;LED šiltovka DELPHIN OutLine Camo;9,95;1;9,95;5,38;23;1;8,46;25;8,46;8,46;8,46;8,46;8,46;8,46;8,36;8,16;7,96;7,46
101053;399;Boilie NIKL Criticals Giga Squid;10,42;1;10,42;6,17;23;1;10,42;;10,00;9,79;9,59;9,38;9,17;8,96;8,75;8,54;8,34;7,82
101054;399;Boilie NIKL Criticals Giga Squid;10,97;1;10,97;6,30;23;1;10,97;;10,53;10,31;10,09;9,87;9,65;9,43;9,21;9,00;8,78;8,23
101055;399;Boilie NIKL Criticals Giga Squid;10,16;1;10,16;6,28;23;1;10,16;;9,75;9,55;9,35;9,14;8,94;8,74;8,53;8,33;8,13;7,62
56345;;Pelety MIVARDI Soft Extruded Pellets, Jahoda;2,48;1;2,48;1,26;23;1;2,23;10;2,23;2,23;2,23;2,23;2,23;2,23;2,23;2,23;2,23;2,23
83796;;Vodotesný batoh FOX Rage Pro Series Waterproof Chest Pack;83,98;1;83,98;41,99;23;1;83,98;;80,62;78,94;77,26;75,58;73,90;72,22;70,54;68,86;67,18;62,99
104478;400;Boilie STARBAITS Grab & Go Global Jahoda;5,60;1;5,60;3,18;23;1;5,60;;5,38;5,26;5,15;5,04;4,93;4,82;4,70;4,59;4,48;4,20
104479;400;Boilie STARBAITS Grab & Go Global Jahoda;5,60;1;5,60;2,75;23;1;5,60;;5,38;5,26;5,15;5,04;4,93;4,82;4,70;4,59;4,48;4,20
104480;400;Boilie STARBAITS Grab & Go Global Jahoda;5,60;1;5,60;2,75;23;1;5,60;;5,38;5,26;5,15;5,04;4,93;4,82;4,70;4,59;4,48;4,20
42002;;Polarizačné okuliare SHIMANO Sunglass Aero;51,36;1;51,36;29,02;23;1;51,36;;49,31;48,28;47,25;46,22;45,20;44,17;43,14;42,12;41,09;38,52
76573;;Sada 3 signalizátorov ESOX Pro X 020 s príposluchom;104,00;1;104,00;59,52;23;1;104,00;;99,84;97,76;95,68;93,60;91,52;89,44;87,36;85,28;83,20;78,00
92890;401;Háčiky DELPHIN B! Neo ZanderPoint BN, 10 ks;2,90;1;2,90;1,40;23;1;2,47;25;2,47;2,47;2,47;2,47;2,47;2,47;2,44;2,38;2,32;2,18
92891;401;Háčiky DELPHIN B! Neo ZanderPoint BN, 10 ks;2,90;1;2,90;1,40;23;1;2,47;25;2,47;2,47;2,47;2,47;2,47;2,47;2,44;2,38;2,32;2,18
92892;401;Háčiky DELPHIN B! Neo ZanderPoint BN, 10 ks;3,20;1;3,20;1,55;23;1;2,72;25;2,72;2,72;2,72;2,72;2,72;2,72;2,69;2,62;2,56;2,40
92893;401;Háčiky DELPHIN B! Neo ZanderPoint BN, 10 ks;3,20;1;3,20;1,55;23;1;2,72;25;2,72;2,72;2,72;2,72;2,72;2,72;2,69;2,62;2,56;2,40
101080;;CSL Mixer NIKL Devill Krill, 500 ml;5,45;1;5,45;2,94;23;1;5,45;;5,23;5,12;5,01;4,91;4,80;4,69;4,58;4,47;4,36;4,09
36356;402;Policajt ZICO na špičku;0,84;1;0,84;0,35;23;1;0,84;;0,81;0,79;0,77;0,76;0,74;0,72;0,71;0,69;0,67;0,63
36357;402;Policajt ZICO na špičku;0,86;1;0,86;0,36;23;1;0,86;;0,83;0,81;0,79;0,77;0,76;0,74;0,72;0,71;0,69;0,65
67462;;Rotačka MIKADO Stream Silver 10;2,35;1;2,35;1,03;23;1;2,14;25;2,14;2,14;2,14;2,12;2,07;2,02;1,97;1,93;1,88;1,76
90971;;Taška DELPHIN Light Space C2G na svietidlá;22,95;1;22,95;11,81;23;1;19,51;25;19,51;19,51;19,51;19,51;19,51;19,51;19,28;18,82;18,36;17,21
56361;;Extra odolná podlaha pre prístrešok MIVARDI Base Camp XXL;67,99;1;67,99;35,56;23;1;61,19;10;61,19;61,19;61,19;61,19;61,19;61,19;61,19;61,19;61,19;61,19
83809;403;Bunda FOX Collection Sherpa Jacket;79,99;1;79,99;43,11;23;1;79,99;;76,79;75,19;73,59;71,99;70,39;68,79;67,19;65,59;63,99;59,99
83810;403;Bunda FOX Collection Sherpa Jacket;79,99;1;79,99;43,11;23;1;79,99;;76,79;75,19;73,59;71,99;70,39;68,79;67,19;65,59;63,99;59,99
83811;403;Bunda FOX Collection Sherpa Jacket;79,99;1;79,99;43,11;23;1;79,99;;76,79;75,19;73,59;71,99;70,39;68,79;67,19;65,59;63,99;59,99
76660;;Krmítko ESOX AT Feeder River;0,89;1;0,89;0,49;23;1;0,89;;0,85;0,84;0,82;0,80;0,78;0,77;0,75;0,73;0,71;0,67
101111;;Kukurica NIKL Puffa Jahody;1,97;1;1,97;1,15;23;1;1,97;;1,89;1,85;1,81;1,77;1,73;1,69;1,65;1,62;1,58;1,48
36374;;SET 2x swinger ZICO Unicarp MC LED magnetickým klipom;48,29;1;48,29;21,38;23;1;48,29;;46,36;45,39;44,43;43,46;42,50;41,53;40,56;39,60;38,63;36,22
67512;404;Zapichovací tŕň MIKADO Needle For Method Feeder;1,94;1;1,94;0,65;23;1;1,77;25;1,77;1,77;1,77;1,75;1,71;1,67;1,63;1,59;1,55;1,46
67513;404;Zapichovací tŕň MIKADO Needle For Method Feeder;2,50;1;2,50;0,95;23;1;2,28;25;2,28;2,28;2,28;2,25;2,20;2,15;2,10;2,05;2,00;1,88
17503;;Háčiky AWA´S Cutting Blade 1001 Black Nickel;2,07;1;2,07;1,16;23;1;2,07;;1,99;1,95;1,90;1,86;1,82;1,78;1,74;1,70;1,66;1,55
57605;405;Šnúra FANATIK Super JIG Power x8;15,78;1;15,78;6,78;23;1;9,47;;9,47;9,47;9,47;9,47;9,47;9,47;9,47;9,47;9,47;9,47
57606;405;Šnúra FANATIK Super JIG Power x8;15,78;1;15,78;6,78;23;1;9,47;;9,47;9,47;9,47;9,47;9,47;9,47;9,47;9,47;9,47;9,47
57607;405;Šnúra FANATIK Super JIG Power x8;15,78;1;15,78;6,78;23;1;9,47;;9,47;9,47;9,47;9,47;9,47;9,47;9,47;9,47;9,47;9,47
57608;405;Šnúra FANATIK Super JIG Power x8;22,40;1;22,40;9,19;23;1;13,44;;13,44;13,44;13,44;13,44;13,44;13,44;13,44;13,44;13,44;13,44
57610;405;Šnúra FANATIK Super JIG Power x8;24,81;1;24,81;13,63;23;1;14,89;;14,89;14,89;14,89;14,89;14,89;14,89;14,89;14,89;14,89;14,89
42940;406;Vlasec SHIMANO Technium Invisitec;35,95;1;35,95;16,26;23;1;35,95;;34,51;33,79;33,07;32,36;31,64;30,92;30,20;29,48;28,76;26,96
42943;406;Vlasec SHIMANO Technium Invisitec;31,72;1;31,72;13,66;23;1;31,72;;30,45;29,82;29,18;28,55;27,91;27,28;26,64;26,01;25,38;23,79
42944;406;Vlasec SHIMANO Technium Invisitec;34,80;1;34,80;14,98;23;1;34,80;;33,41;32,71;32,02;31,32;30,62;29,93;29,23;28,54;27,84;26,10
76702;407;Krúžky ESOX Raptor Power Split Ring;1,00;1;1,00;0,58;23;1;1,00;;0,96;0,94;0,92;0,90;0,88;0,86;0,84;0,82;0,80;0,75
76703;407;Krúžky ESOX Raptor Power Split Ring;1,00;1;1,00;0,58;23;1;1,00;;0,96;0,94;0,92;0,90;0,88;0,86;0,84;0,82;0,80;0,75
36390;408;Nadväzec OWNER FDB-01, bal. 6 ks;6,70;1;6,70;2,65;23;1;6,70;;6,43;6,30;6,16;6,03;5,90;5,76;5,63;5,49;5,36;5,03
36391;408;Nadväzec OWNER FDB-01, bal. 6 ks;6,70;1;6,70;2,65;23;1;6,70;;6,43;6,30;6,16;6,03;5,90;5,76;5,63;5,49;5,36;5,03
36392;408;Nadväzec OWNER FDB-01, bal. 6 ks;6,70;1;6,70;2,65;23;1;6,70;;6,43;6,30;6,16;6,03;5,90;5,76;5,63;5,49;5,36;5,03
36393;408;Nadväzec OWNER FDB-01, bal. 6 ks;6,70;1;6,70;2,65;23;1;6,70;;6,43;6,30;6,16;6,03;5,90;5,76;5,63;5,49;5,36;5,03
36394;408;Nadväzec OWNER FDB-01, bal. 6 ks;6,70;1;6,70;2,65;23;1;6,70;;6,43;6,30;6,16;6,03;5,90;5,76;5,63;5,49;5,36;5,03
18532;;Rýchloupínací obratlík StarBAITS Quick Change s krúžkom;5,60;1;5,60;2,22;23;1;5,60;;5,38;5,26;5,15;5,04;4,93;4,82;4,70;4,59;4,48;4,20
104528;409;Pelety SENSAS Carp Super Feed Pellets, 650 g, Natural Corn;5,60;1;5,60;2,63;23;1;5,60;;5,38;5,26;5,15;5,04;4,93;4,82;4,70;4,59;4,48;4,20
104529;409;Pelety SENSAS Carp Super Feed Pellets, 650 g, Natural Corn;5,60;1;5,60;2,76;23;1;5,60;;5,38;5,26;5,15;5,04;4,93;4,82;4,70;4,59;4,48;4,20
36548;;Deliaca kotúčová píla na kov Ryoby ECO 2335 HG;237,00;1;237,00;141,30;23;1;237,00;;227,52;222,78;218,04;213,30;208,56;203,82;199,08;194,34;189,60;177,75
91039;;Meracia podložka DELPHIN Atak! Roller;13,95;1;13,95;7,50;23;1;11,86;25;11,86;11,86;11,86;11,86;11,86;11,86;11,72;11,44;11,16;10,46
19178;;Škrabka ROBINSON na ryby;5,07;1;5,07;2,52;23;1;5,07;;4,87;4,77;4,66;4,56;4,46;4,36;4,26;4,16;4,06;3,80
57740;410;Systém Drop Shot FANATIK Tokyo;2,98;1;2,98;2,02;23;1;1,79;;1,79;1,79;1,79;1,79;1,79;1,79;1,79;1,79;1,79;1,79
57741;410;Systém Drop Shot FANATIK Tokyo;2,98;1;2,98;1,09;23;1;1,79;;1,79;1,79;1,79;1,79;1,79;1,79;1,79;1,79;1,79;1,79
57742;410;Systém Drop Shot FANATIK Tokyo;2,98;1;2,98;1,20;23;1;1,79;;1,79;1,79;1,79;1,79;1,79;1,79;1,79;1,79;1,79;1,79
57743;410;Systém Drop Shot FANATIK Tokyo;2,98;1;2,98;1,58;23;1;1,79;;1,79;1,79;1,79;1,79;1,79;1,79;1,79;1,79;1,79;1,79
57744;410;Systém Drop Shot FANATIK Tokyo;2,98;1;2,98;2,02;23;1;1,79;;1,79;1,79;1,79;1,79;1,79;1,79;1,79;1,79;1,79;1,79
57745;410;Systém Drop Shot FANATIK Tokyo;2,98;1;2,98;2,02;23;1;1,79;;1,79;1,79;1,79;1,79;1,79;1,79;1,79;1,79;1,79;1,79
57746;410;Systém Drop Shot FANATIK Tokyo;3,53;1;3,53;2,43;23;1;2,12;;2,12;2,12;2,12;2,12;2,12;2,12;2,12;2,12;2,12;2,12
57747;410;Systém Drop Shot FANATIK Tokyo;3,53;1;3,53;2,43;23;1;2,12;;2,12;2,12;2,12;2,12;2,12;2,12;2,12;2,12;2,12;2,12
57748;410;Systém Drop Shot FANATIK Tokyo;3,53;1;3,53;1,09;23;1;2,12;;2,12;2,12;2,12;2,12;2,12;2,12;2,12;2,12;2,12;2,12
57749;410;Systém Drop Shot FANATIK Tokyo;3,53;1;3,53;1,09;23;1;2,12;;2,12;2,12;2,12;2,12;2,12;2,12;2,12;2,12;2,12;2,12
57750;410;Systém Drop Shot FANATIK Tokyo;3,53;1;3,53;1,09;23;1;2,12;;2,12;2,12;2,12;2,12;2,12;2,12;2,12;2,12;2,12;2,12
57751;410;Systém Drop Shot FANATIK Tokyo;3,90;1;3,90;2,09;23;1;2,34;;2,34;2,34;2,34;2,34;2,34;2,34;2,34;2,34;2,34;2,34
57752;410;Systém Drop Shot FANATIK Tokyo;3,90;1;3,90;1,09;23;1;2,34;;2,34;2,34;2,34;2,34;2,34;2,34;2,34;2,34;2,34;2,34
57753;410;Systém Drop Shot FANATIK Tokyo;3,90;1;3,90;1,09;23;1;2,34;;2,34;2,34;2,34;2,34;2,34;2,34;2,34;2,34;2,34;2,34
57754;410;Systém Drop Shot FANATIK Tokyo;3,90;1;3,90;1,09;23;1;2,34;;2,34;2,34;2,34;2,34;2,34;2,34;2,34;2,34;2,34;2,34
57755;410;Systém Drop Shot FANATIK Tokyo;3,90;1;3,90;1,09;23;1;2,34;;2,34;2,34;2,34;2,34;2,34;2,34;2,34;2,34;2,34;2,34
57756;410;Systém Drop Shot FANATIK Tokyo;3,90;1;3,90;1,09;23;1;2,34;;2,34;2,34;2,34;2,34;2,34;2,34;2,34;2,34;2,34;2,34
92983;;Pohybové čidlo DELPHIN AreaX;28,95;1;28,95;15,65;23;1;24,61;25;24,61;24,61;24,61;24,61;24,61;24,61;24,32;23,74;23,16;21,71
101164;;Booster NIKL Calanus & Krill, 250 ml;7,02;1;7,02;3,77;23;1;7,02;;6,74;6,60;6,46;6,32;6,18;6,04;5,90;5,76;5,62;5,27
19302;411;Náhradná cievka pre naviják CARPEX Hulk QD;18,45;1;18,45;6,70;23;1;18,45;;17,71;17,34;16,97;16,61;16,24;15,87;15,50;15,13;14,76;13,84
19303;411;Náhradná cievka pre naviják CARPEX Hulk QD;18,45;1;18,45;8,47;23;1;18,45;;17,71;17,34;16,97;16,61;16,24;15,87;15,50;15,13;14,76;13,84
105020;;Puzdro DRAGON Rod Case MegaBaits, 130 cm;62,79;1;62,79;25,52;23;1;62,79;;60,28;59,02;57,77;56,51;55,26;54,00;52,74;51,49;50,23;47,09
77293;;Váha CORMORAN Scale;24,60;1;24,60;8,95;23;1;22,14;25;22,14;22,14;22,14;22,14;21,65;21,16;20,66;20,17;19,68;18,45
36649;;Pílový kotúč SCHEPPACH TCT 216 rezanie dreva;17,42;1;17,42;;23;1;17,42;;16,72;16,37;16,03;15,68;15,33;14,98;14,63;14,28;13,94;13,07
100112;412;Naviják ROBINSON Harami FD;78,92;1;78,92;51,32;23;1;78,92;;75,76;74,18;72,61;71,03;69,45;67,87;66,29;64,71;63,14;59,19
19392;412;Naviják ROBINSON Harami FD;123,00;1;123,00;72,54;23;1;123,00;;118,08;115,62;113,16;110,70;108,24;105,78;103,32;100,86;98,40;92,25
19393;412;Naviják ROBINSON Harami FD;106,60;1;106,60;60,47;23;1;106,60;;102,34;100,20;98,07;95,94;93,81;91,68;89,54;87,41;85,28;79,95
105037;;Polarizačné okuliare DRAGON;32,75;1;32,75;12,42;23;1;32,75;;31,44;30,79;30,13;29,48;28,82;28,17;27,51;26,86;26,20;24,56
43831;;Taška RAPALA Urban Messenger Bag;67,95;1;67,95;42,50;23;1;67,95;;65,23;63,87;62,51;61,16;59,80;58,44;57,08;55,72;54,36;50,96
77341;;Naviják CORMORAN VeyCor Feeder 4PiF 6000;51,25;1;51,25;20,02;23;1;46,13;25;46,13;46,13;46,13;46,13;45,10;44,08;43,05;42,03;41,00;38,44
36677;;Pílový pás SCHEPPACH drevo a plasty;30,74;1;30,74;15,40;23;1;30,74;;29,51;28,90;28,28;27,67;27,05;26,44;25,82;25,21;24,59;23,06
19478;413;Háčiky ROBINSON Titanium Offset Worm;1,60;1;1,60;0,46;23;1;1,60;;1,54;1,50;1,47;1,44;1,41;1,38;1,34;1,31;1,28;1,20
19479;413;Háčiky ROBINSON Titanium Offset Worm;1,60;1;1,60;0,74;23;1;1,60;;1,54;1,50;1,47;1,44;1,41;1,38;1,34;1,31;1,28;1,20
19480;413;Háčiky ROBINSON Titanium Offset Worm;1,60;1;1,60;0,74;23;1;1,60;;1,54;1,50;1,47;1,44;1,41;1,38;1,34;1,31;1,28;1,20
19481;413;Háčiky ROBINSON Titanium Offset Worm;1,60;1;1,60;0,80;23;1;1,60;;1,54;1,50;1,47;1,44;1,41;1,38;1,34;1,31;1,28;1,20
19482;413;Háčiky ROBINSON Titanium Offset Worm;1,60;1;1,60;0,46;23;1;1,60;;1,54;1,50;1,47;1,44;1,41;1,38;1,34;1,31;1,28;1,20
19483;413;Háčiky ROBINSON Titanium Offset Worm;1,60;1;1,60;0,74;23;1;1,60;;1,54;1,50;1,47;1,44;1,41;1,38;1,34;1,31;1,28;1,20
85633;414;C&F Extend Body Inner Foam;9,13;1;9,13;4,40;23;1;9,13;;8,76;8,58;8,40;8,22;8,03;7,85;7,67;7,49;7,30;6,85
85634;414;C&F Extend Body Inner Foam;9,13;1;9,13;4,40;23;1;9,13;;8,76;8,58;8,40;8,22;8,03;7,85;7,67;7,49;7,30;6,85
85635;414;C&F Extend Body Inner Foam;9,13;1;9,13;4,40;23;1;9,13;;8,76;8,58;8,40;8,22;8,03;7,85;7,67;7,49;7,30;6,85
93033;;Vozík DELPHIN Moove;65,95;1;65,95;3,63;23;1;56,06;25;56,06;56,06;56,06;56,06;56,06;56,06;55,40;54,08;52,76;49,46
68067;;Stoper MIKADO Tungsten Hook Beads 15 ks;2,44;1;2,44;0,92;23;1;2,22;25;2,22;2,22;2,22;2,20;2,15;2,10;2,05;2,00;1,95;1,83
19505;;Navijk ROBINSON Fireball RD;19,37;1;19,37;8,70;23;1;19,37;;18,60;18,21;17,82;17,43;17,05;16,66;16,27;15,88;15,50;14,53
36714;;"Pneumatická račňa SCHEPPACH 1/2""";52,28;1;52,28;;23;1;52,28;;50,19;49,14;48,10;47,05;46,01;44,96;43,92;42,87;41,82;39,21
68147;;Rolnička MIKADO Catfish Bang! Bells;4,30;1;4,30;1,70;23;1;3,91;25;3,91;3,91;3,91;3,87;3,78;3,70;3,61;3,53;3,44;3,23
44915;415;Jig BERKLEY Flex Head Foot;0,41;1;0,41;0,16;23;1;0,41;;0,39;0,39;0,38;0,37;0,36;0,35;0,34;0,34;0,33;0,31
36734;;Brúsny kotúč SCHEPPACH;10,25;1;10,25;7,06;23;1;10,25;;9,84;9,64;9,43;9,23;9,02;8,82;8,61;8,41;8,20;7,69
19627;;Navijak VDE-ROBINSON Contest Match FD 3510;107,99;1;107,99;72,31;23;1;107,99;;103,67;101,51;99,35;97,19;95,03;92,87;90,71;88,55;86,39;80,99
45316;;Podberák MITCHELL Pole Kit Net;35,77;1;35,77;11,64;23;1;35,77;;34,34;33,62;32,91;32,19;31,48;30,76;30,05;29,33;28,62;26,83
77623;;Filetovací nôž CORMORAN model 3002;7,16;1;7,16;2,50;23;1;6,44;25;6,44;6,44;6,44;6,44;6,30;6,16;6,01;5,87;5,73;5,37
93088;416;Prút DELPHIN Bang Darx;35,95;1;35,95;19,43;23;1;30,56;25;30,56;30,56;30,56;30,56;30,56;30,56;30,20;29,48;28,76;26,96
93089;416;Prút DELPHIN Bang Darx;38,95;1;38,95;21,06;23;1;33,11;25;33,11;33,11;33,11;33,11;33,11;33,11;32,72;31,94;31,16;29,21
93090;416;Prút DELPHIN Bang Darx;41,96;1;41,96;22,67;23;1;35,67;25;35,67;35,67;35,67;35,67;35,67;35,67;35,25;34,41;33,57;31,47
93091;416;Prút DELPHIN Bang Darx;44,94;1;44,94;23,22;23;1;38,20;25;38,20;38,20;38,20;38,20;38,20;38,20;37,75;36,85;35,95;33,71
93698;416;Prút DELPHIN Bang Darx;0,00;1;0,00;0,00;;;0,00;0;0,00;0,00;0,00;0,00;0,00;0,00;0,00;0,00;0,00;0,00
36774;;Hobľovacie nože PT 86 ku hobľovačke HMS 850 vyrobenej po roku 2017;37,99;1;37,99;24,00;23;1;37,99;;36,47;35,71;34,95;34,19;33,43;32,67;31,91;31,15;30,39;28,49
68231;;Set 2 signalizátorov MIKADO Carp CFL II s príposluchom;89,79;1;89,79;35,99;23;1;81,71;25;81,71;81,71;81,71;80,81;79,02;77,22;75,42;73,63;71,83;67,34
45390;417;Nástraha BERKLEY Pulse Spintail 2,5 cm, 9 g;7,68;1;7,68;3,79;23;1;7,68;;7,37;7,22;7,07;6,91;6,76;6,60;6,45;6,30;6,14;5,76
45394;417;Nástraha BERKLEY Pulse Spintail 2,5 cm, 9 g;7,68;1;7,68;3,79;23;1;7,68;;7,37;7,22;7,07;6,91;6,76;6,60;6,45;6,30;6,14;5,76
45421;417;Nástraha BERKLEY Pulse Spintail 2,5 cm, 9 g;7,68;1;7,68;3,79;23;1;7,68;;7,37;7,22;7,07;6,91;6,76;6,60;6,45;6,30;6,14;5,76
45424;417;Nástraha BERKLEY Pulse Spintail 2,5 cm, 9 g;7,68;1;7,68;3,79;23;1;7,68;;7,37;7,22;7,07;6,91;6,76;6,60;6,45;6,30;6,14;5,76
101386;418;Vobler SHIMANO Cardiff Folletta 50SS, 5 cm, 3,3 g;12,80;1;12,80;3,40;23;1;12,80;;12,29;12,03;11,78;11,52;11,26;11,01;10,75;10,50;10,24;9,60
101387;418;Vobler SHIMANO Cardiff Folletta 50SS, 5 cm, 3,3 g;12,80;1;12,80;3,40;23;1;12,80;;12,29;12,03;11,78;11,52;11,26;11,01;10,75;10,50;10,24;9,60
36825;;Vertikálny štiepač SCHEPPACH Compact 15 f;1159,00;1;1159,00;742,00;23;1;1159,00;;1112,64;1089,46;1066,28;1043,10;1019,92;996,74;973,56;950,38;927,20;869,25
68274;419;Hadička MIKADO Silicone Tube;2,20;1;2,20;1,01;23;1;2,00;25;2,00;2,00;2,00;1,98;1,94;1,89;1,85;1,80;1,76;1,65
68275;419;Hadička MIKADO Silicone Tube;2,20;1;2,20;1,01;23;1;2,00;25;2,00;2,00;2,00;1,98;1,94;1,89;1,85;1,80;1,76;1,65
91237;;Náprstok DELPHIN Protex C2G na hádzanie;8,95;1;8,95;4,83;23;1;7,61;25;7,61;7,61;7,61;7,61;7,61;7,61;7,52;7,34;7,16;6,71
45520;;Prút SHAKESPEARE Oracle 2 River Fly Rod 3,00m, AFTMA 3;81,89;1;81,89;42,49;23;1;81,89;;78,61;76,98;75,34;73,70;72,06;70,43;68,79;67,15;65,51;61,42
37034;;Repelentné samolepky TRIXLINE TR 624 proti komárom;1,21;1;1,21;0,49;23;1;1,21;;1,16;1,14;1,11;1,09;1,06;1,04;1,02;0,99;0,97;0,91
100399;420;Prút ROBINSON Diaflex Speeder Zander Spin;190,65;1;190,65;76,48;23;1;190,65;;183,02;179,21;175,40;171,59;167,77;163,96;160,15;156,33;152,52;142,99
19888;420;Prút ROBINSON Diaflex Speeder Zander Spin;156,00;1;156,00;88,90;23;1;156,00;;149,76;146,64;143,52;140,40;137,28;134,16;131,04;127,92;124,80;117,00
19889;420;Prút ROBINSON Diaflex Speeder Zander Spin;131,12;1;131,12;74,62;23;1;131,12;;125,88;123,25;120,63;118,01;115,39;112,76;110,14;107,52;104,90;98,34
19890;420;Prút ROBINSON Diaflex Speeder Zander Spin;188,55;1;188,55;98,95;23;1;188,55;;181,01;177,24;173,47;169,70;165,92;162,15;158,38;154,61;150,84;141,41
88156;;Sieťka MADCAT Floating Bait Station;71,65;1;71,65;37,18;23;1;71,65;;68,78;67,35;65,92;64,49;63,05;61,62;60,19;58,75;57,32;53,74
45579;;Cesto BERKLEY PowerBait Extra Scent Glitter Trout Bait, Rainbow;8,00;1;8,00;4,25;23;1;8,00;;7,68;7,52;7,36;7,20;7,04;6,88;6,72;6,56;6,40;6,00
38012;421;Olovená záťaž MIKADO OMC-01106;0,42;1;0,42;0,22;23;1;0,38;25;0,38;0,38;0,38;0,38;0,37;0,36;0,35;0,34;0,34;0,32
38013;421;Olovená záťaž MIKADO OMC-01106;0,41;1;0,41;0,18;23;1;0,37;25;0,37;0,37;0,37;0,37;0,36;0,35;0,34;0,34;0,33;0,31
38014;421;Olovená záťaž MIKADO OMC-01106;0,41;1;0,41;0,22;23;1;0,37;25;0,37;0,37;0,37;0,37;0,36;0,35;0,34;0,34;0,33;0,31
38015;421;Olovená záťaž MIKADO OMC-01106;0,47;1;0,47;0,23;23;1;0,43;25;0,43;0,43;0,43;0,42;0,41;0,40;0,39;0,39;0,38;0,35
38016;421;Olovená záťaž MIKADO OMC-01106;0,49;1;0,49;0,22;23;1;0,45;25;0,45;0,45;0,45;0,44;0,43;0,42;0,41;0,40;0,39;0,37
38017;421;Olovená záťaž MIKADO OMC-01106;0,49;1;0,49;0,24;23;1;0,45;25;0,45;0,45;0,45;0,44;0,43;0,42;0,41;0,40;0,39;0,37
38018;421;Olovená záťaž MIKADO OMC-01106;0,53;1;0,53;0,26;23;1;0,48;25;0,48;0,48;0,48;0,48;0,47;0,46;0,45;0,43;0,42;0,40
38019;421;Olovená záťaž MIKADO OMC-01106;0,98;1;0,98;0,35;23;1;0,89;25;0,89;0,89;0,89;0,88;0,86;0,84;0,82;0,80;0,78;0,74
53033;421;Olovená záťaž MIKADO OMC-01106;0,69;1;0,69;0,29;23;1;0,63;25;0,63;0,63;0,63;0,62;0,61;0,59;0,58;0,57;0,55;0,52
59772;421;Olovená záťaž MIKADO OMC-01106;0,41;1;0,41;0,18;23;1;0,37;25;0,37;0,37;0,37;0,37;0,36;0,35;0,34;0,34;0,33;0,31
59774;421;Olovená záťaž MIKADO OMC-01106;0,87;1;0,87;0,42;23;1;0,79;25;0,79;0,79;0,79;0,78;0,77;0,75;0,73;0,71;0,70;0,65
59776;421;Olovená záťaž MIKADO OMC-01106;1,25;1;1,25;0,59;23;1;1,14;25;1,14;1,14;1,14;1,13;1,10;1,08;1,05;1,03;1,00;0,94
59777;421;Olovená záťaž MIKADO OMC-01106;1,29;1;1,29;0,65;23;1;1,17;25;1,17;1,17;1,17;1,16;1,14;1,11;1,08;1,06;1,03;0,97
59779;421;Olovená záťaž MIKADO OMC-01106;1,70;1;1,70;0,83;23;1;1,55;25;1,55;1,55;1,55;1,53;1,50;1,46;1,43;1,39;1,36;1,28
68334;;Taška MIKADO Capax Territory;57,29;1;57,29;25,17;23;1;52,13;25;52,13;52,13;52,13;51,56;50,42;49,27;48,12;46,98;45,83;42,97
91277;422;Bič DELPHIN SoftContact;32,95;1;32,95;17,81;23;1;28,01;25;28,01;28,01;28,01;28,01;28,01;28,01;27,68;27,02;26,36;24,71
91278;422;Bič DELPHIN SoftContact;43,95;1;43,95;22,67;23;1;37,36;25;37,36;37,36;37,36;37,36;37,36;37,36;36,92;36,04;35,16;32,96
19958;423;Prút GOODFISH Mirage Bolognes;42,03;1;42,03;16,02;23;1;42,03;;40,35;39,51;38,67;37,83;36,99;36,15;35,31;34,46;33,62;31,52
19959;423;Prút GOODFISH Mirage Bolognes;51,19;1;51,19;18,40;23;1;51,19;;49,14;48,12;47,09;46,07;45,05;44,02;43,00;41,98;40,95;38,39
88175;;Váha DAM Digital Scale;30,65;1;30,65;13,41;23;1;30,65;;29,42;28,81;28,20;27,59;26,97;26,36;25,75;25,13;24,52;22,99
45595;424;Nástraha SAVAGE GEAR 3D Line Thru Whitefish Moderate Sinking, Whitefish;15,99;1;15,99;7,35;23;1;15,99;;15,35;15,03;14,71;14,39;14,07;13,75;13,43;13,11;12,79;11,99
45600;424;Nástraha SAVAGE GEAR 3D Line Thru Whitefish Moderate Sinking, Whitefish;0,00;1;0,00;0,00;;;0,00;0;0,00;0,00;0,00;0,00;0,00;0,00;0,00;0,00;0,00;0,00
93154;;Kľúčenka DELPHIN Pikener čierna, s otváračom na fľaše;2,90;1;2,90;1,51;23;1;2,47;25;2,47;2,47;2,47;2,47;2,47;2,47;2,44;2,38;2,32;2,18
91299;;Vrták DELPHIN T-End GripX Drill;3,39;1;3,39;1,70;23;1;2,88;25;2,88;2,88;2,88;2,88;2,88;2,88;2,85;2,78;2,71;2,54
106672;;Vobler WESTIN Spot-On Popper 6,5 cm, 7 g, W. Ayu;11,99;1;11,99;5,59;23;1;11,99;;11,51;11,27;11,03;10,79;10,55;10,31;10,07;9,83;9,59;8,99
77728;;Navijak DAIWA 23 Ninja Feeder LT 6000 SS;120,00;1;120,00;57,67;23;1;120,00;;115,20;112,80;110,40;108,00;105,60;103,20;100,80;98,40;96,00;90,00
101500;425;Boilie SHIMANO TX1 Pop Up Strawberry, Fluo Red;6,65;1;6,65;3,19;23;1;6,65;;6,38;6,25;6,12;5,99;5,85;5,72;5,59;5,45;5,32;4,99
101543;425;Boilie SHIMANO TX1 Pop Up Strawberry, Fluo Red;7,68;1;7,68;3,68;23;1;7,68;;7,37;7,22;7,07;6,91;6,76;6,60;6,45;6,30;6,14;5,76
68370;;Držiak MIKADO Feeder Butt Rest;5,90;1;5,90;2,21;23;1;5,37;25;5,37;5,37;5,37;5,31;5,19;5,07;4,96;4,84;4,72;4,43
91320;;Digitálna váha DELPHIN Minio do 25kg;9,50;1;9,50;5,14;23;1;8,08;25;8,08;8,08;8,08;8,08;8,08;8,08;7,98;7,79;7,60;7,13
5855;;Krmivo SENSAS 3000 GROS GARDONS;5,30;1;5,30;2,62;23;1;5,30;;5,09;4,98;4,88;4,77;4,66;4,56;4,45;4,35;4,24;3,98
101521;;Sirup SHIMANO TX1 Food Syrup 500ml, Squid & Octopus;10,49;1;10,49;5,15;23;1;10,49;;10,07;9,86;9,65;9,44;9,23;9,02;8,81;8,60;8,39;7,87
106709;;Hroty KINETIC Spike Kit Stainless, 30 ks;4,99;1;4,99;2,75;23;1;4,99;;4,79;4,69;4,59;4,49;4,39;4,29;4,19;4,09;3,99;3,74
38415;426;Prút DELPHIN Drama Match;60,95;1;60,95;31,51;23;1;51,81;25;51,81;51,81;51,81;51,81;51,81;51,81;51,20;49,98;48,76;45,71
38416;426;Prút DELPHIN Drama Match;62,95;1;62,95;32,77;23;1;53,51;25;53,51;53,51;53,51;53,51;53,51;53,51;52,88;51,62;50,36;47,21
68411;427;Krmítko MIKADO Method Feeder Shot Q.M.F. System L;3,28;1;3,28;1,46;23;1;2,98;25;2,98;2,98;2,98;2,95;2,89;2,82;2,76;2,69;2,62;2,46
68412;427;Krmítko MIKADO Method Feeder Shot Q.M.F. System L;3,94;1;3,94;1,66;23;1;3,59;25;3,59;3,59;3,59;3,55;3,47;3,39;3,31;3,23;3,15;2,96
58787;428;Ovocné pelety LK BAITS Fruitberry;6,05;1;6,05;3,40;23;1;6,05;;5,81;5,69;5,57;5,45;5,32;5,20;5,08;4,96;4,84;4,54
58789;428;Ovocné pelety LK BAITS Fruitberry;5,50;1;5,50;2,90;23;1;5,50;;5,28;5,17;5,06;4,95;4,84;4,73;4,62;4,51;4,40;4,13
88340;;Plandavka DAM Effzett Standard Spoon;3,27;1;3,27;1,46;23;1;3,27;;3,14;3,07;3,01;2,94;2,88;2,81;2,75;2,68;2,62;2,45
101561;;Náhradná cievka pre naviják SHIMANO Vanquis 4000 HG C;102,45;1;102,45;53,87;23;1;102,45;;98,35;96,30;94,25;92,21;90,16;88,11;86,06;84,01;81,96;76,84
38463;;Taška sak DELPHIN Golem na váženie;59,95;1;59,95;33,31;23;1;50,96;25;50,96;50,96;50,96;50,96;50,96;50,96;50,36;49,16;47,96;44,96
91446;;Nástraha DELPHIN D Snax Waft Čokoláda - Banán;4,70;1;4,70;2,37;23;1;4,00;25;4,00;4,00;4,00;4,00;4,00;4,00;3,95;3,85;3,76;3,53
20182;429;Dip KORDA The Goo;17,06;1;17,06;10,27;23;1;17,06;;16,38;16,04;15,70;15,35;15,01;14,67;14,33;13,99;13,65;12,80
20184;429;Dip KORDA The Goo;17,06;1;17,06;10,27;23;1;17,06;;16,38;16,04;15,70;15,35;15,01;14,67;14,33;13,99;13,65;12,80
20186;429;Dip KORDA The Goo;17,06;1;17,06;10,27;23;1;17,06;;16,38;16,04;15,70;15,35;15,01;14,67;14,33;13,99;13,65;12,80
20297;429;Dip KORDA The Goo;18,95;1;18,95;10,27;23;1;18,95;;18,19;17,81;17,43;17,06;16,68;16,30;15,92;15,54;15,16;14,21
20312;429;Dip KORDA The Goo;18,95;1;18,95;10,27;23;1;18,95;;18,19;17,81;17,43;17,06;16,68;16,30;15,92;15,54;15,16;14,21
30773;429;Dip KORDA The Goo;17,06;1;17,06;10,27;23;1;17,06;;16,38;16,04;15,70;15,35;15,01;14,67;14,33;13,99;13,65;12,80
30821;429;Dip KORDA The Goo;18,95;1;18,95;10,27;23;1;18,95;;18,19;17,81;17,43;17,06;16,68;16,30;15,92;15,54;15,16;14,21
88361;;Sada blyskáčov DAM Trout Pack 1;8,60;1;8,60;4,82;23;1;8,60;;8,26;8,08;7,91;7,74;7,57;7,40;7,22;7,05;6,88;6,45
10802;430;Plávacia vesta Aquarius Kajak červeno čierna;27,68;1;27,68;20,25;23;1;27,68;10;26,57;26,02;25,47;24,91;24,91;24,91;24,91;24,91;24,91;24,91
10803;430;Plávacia vesta Aquarius Kajak červeno čierna;27,00;1;27,00;21,75;23;1;27,00;10;25,92;25,38;24,84;24,30;24,30;24,30;24,30;24,30;24,30;24,30
10805;430;Plávacia vesta Aquarius Kajak červeno čierna;27,68;1;27,68;20,25;23;1;27,68;10;26,57;26,02;25,47;24,91;24,91;24,91;24,91;24,91;24,91;24,91
10806;430;Plávacia vesta Aquarius Kajak červeno čierna;27,68;1;27,68;20,25;23;1;27,68;10;26,57;26,02;25,47;24,91;24,91;24,91;24,91;24,91;24,91;24,91
93241;;Ventilátor so svetlom DELPHIN Ventix;25,95;1;25,95;14,02;23;1;22,06;25;22,06;22,06;22,06;22,06;22,06;22,06;21,80;21,28;20,76;19,46
91463;;Fluo dip DELPHIN D Snax LiquiX, Cesnak - Butyric;7,80;1;7,80;4,12;23;1;6,63;25;6,63;6,63;6,63;6,63;6,63;6,63;6,55;6,40;6,24;5,85
59000;;Booster LK BAITS Predator;13,51;1;13,51;6,74;23;1;13,51;;12,97;12,70;12,43;12,16;11,89;11,62;11,35;11,08;10,81;10,13
88399;;Šiltovka DAM Wool Cap Sedona Grey;14,97;1;14,97;6,57;23;1;14,97;;14,37;14,07;13,77;13,47;13,17;12,87;12,57;12,28;11,98;11,23
108033;;"Podberák Karpfenkescher Tele ""Big Fish";19,99;1;19,99;7,31;23;1;19,99;;19,19;18,79;18,39;17,99;17,59;17,19;16,79;16,39;15,99;14,99
46663;431;"Nástraha FANATIK X-Larva 2,0&quot;; 5,0 cm, 8 ks";4,26;1;4,26;2,60;23;1;2,56;;2,56;2,56;2,56;2,56;2,56;2,56;2,56;2,56;2,56;2,56
77835;;Chemické svetlo CORMORAN Light Sticks, 2 ks;0,71;1;0,71;0,20;23;1;0,64;25;0,64;0,64;0,64;0,64;0,62;0,61;0,60;0,58;0,57;0,53
93260;;Navijak DELPHIN Irox 7T DP 7000;102,95;1;102,95;55,52;23;1;87,51;25;87,51;87,51;87,51;87,51;87,51;87,51;86,48;84,42;82,36;77,21
101605;;Navijak SHIMANO Spheros 3000 SW XG;143,45;1;143,45;77,35;23;1;143,45;;137,71;134,84;131,97;129,11;126,24;123,37;120,50;117,63;114,76;107,59
38594;432;Šnúra DELPHIN Leadcore 45lb;6,95;1;6,95;3,43;23;1;5,91;25;5,91;5,91;5,91;5,91;5,91;5,91;5,84;5,70;5,56;5,21
38807;432;Šnúra DELPHIN Leadcore 45lb;6,95;1;6,95;3,21;23;1;5,91;25;5,91;5,91;5,91;5,91;5,91;5,91;5,84;5,70;5,56;5,21
91243;432;Šnúra DELPHIN Leadcore 45lb;6,95;1;6,95;3,43;23;1;5,91;25;5,91;5,91;5,91;5,91;5,91;5,91;5,84;5,70;5,56;5,21
91244;432;Šnúra DELPHIN Leadcore 45lb;8,50;1;8,50;3,97;23;1;7,23;25;7,23;7,23;7,23;7,23;7,23;7,23;7,14;6,97;6,80;6,38
91245;432;Šnúra DELPHIN Leadcore 45lb;8,50;1;8,50;3,97;23;1;7,23;25;7,23;7,23;7,23;7,23;7,23;7,23;7,14;6,97;6,80;6,38
91246;432;Šnúra DELPHIN Leadcore 45lb;8,50;1;8,50;4,24;23;1;7,23;25;7,23;7,23;7,23;7,23;7,23;7,23;7,14;6,97;6,80;6,38
59210;;Brúska MIKADO na háčiky;3,51;1;3,51;1,61;23;1;3,19;25;3,19;3,19;3,19;3,16;3,09;3,02;2,95;2,88;2,81;2,63
10814;;Prepravný vozík TR260-B-LU čierno/ červený;225,50;1;225,50;165,00;23;1;225,50;10;216,48;211,97;207,46;202,95;202,95;202,95;202,95;202,95;202,95;202,95
20362;;Háčiky KORDA Kamakura Wide Gape Barbless;9,21;1;9,21;5,00;23;1;9,21;;8,84;8,66;8,47;8,29;8,10;7,92;7,74;7,55;7,37;6,91
77868;433;Prút DAIWA Fuego Predator Spin;74,00;1;74,00;38,25;23;1;74,00;;71,04;69,56;68,08;66,60;65,12;63,64;62,16;60,68;59,20;55,50
77869;433;Prút DAIWA Fuego Predator Spin;77,00;1;77,00;39,75;23;1;77,00;;73,92;72,38;70,84;69,30;67,76;66,22;64,68;63,14;61,60;57,75
77870;433;Prút DAIWA Fuego Predator Spin;82,00;1;82,00;42,75;23;1;82,00;;78,72;77,08;75,44;73,80;72,16;70,52;68,88;67,24;65,60;61,50
77871;433;Prút DAIWA Fuego Predator Spin;97,00;1;97,00;50,25;23;1;97,00;;93,12;91,18;89,24;87,30;85,36;83,42;81,48;79,54;77,60;72,75
77872;433;Prút DAIWA Fuego Predator Spin;104,00;1;104,00;54,00;23;1;104,00;;99,84;97,76;95,68;93,60;91,52;89,44;87,36;85,28;83,20;78,00
38772;434;Nohy DELPHIN RPX 4 BlackWay;38,95;1;38,95;21,64;23;1;33,11;25;33,11;33,11;33,11;33,11;33,11;33,11;32,72;31,94;31,16;29,21
38773;434;Nohy DELPHIN RPX 4 BlackWay;25,95;1;25,95;14,10;23;1;22,06;25;22,06;22,06;22,06;22,06;22,06;22,06;21,80;21,28;20,76;19,46
20833;435;Šnúra Power Pro Green;19,99;1;19,99;9,98;23;1;19,99;;19,19;18,79;18,39;17,99;17,59;17,19;16,79;16,39;15,99;14,99
20864;435;Šnúra Power Pro Green;20,39;1;20,39;9,98;23;1;20,39;;19,57;19,17;18,76;18,35;17,94;17,54;17,13;16,72;16,31;15,29
20878;435;Šnúra Power Pro Green;20,39;1;20,39;9,98;23;1;20,39;;19,57;19,17;18,76;18,35;17,94;17,54;17,13;16,72;16,31;15,29
20879;435;Šnúra Power Pro Green;20,49;1;20,49;9,98;23;1;20,49;;19,67;19,26;18,85;18,44;18,03;17,62;17,21;16,80;16,39;15,37
59449;436;Sťahovacia páska MIKADO;0,69;1;0,69;0,15;23;1;0,63;25;0,63;0,63;0,63;0,62;0,61;0,59;0,58;0,57;0,55;0,52
59450;436;Sťahovacia páska MIKADO;0,98;1;0,98;0,19;23;1;0,89;25;0,89;0,89;0,89;0,88;0,86;0,84;0,82;0,80;0,78;0,74
59451;436;Sťahovacia páska MIKADO;0,98;1;0,98;0,28;23;1;0,89;25;0,89;0,89;0,89;0,88;0,86;0,84;0,82;0,80;0,78;0,74
88542;;Kliešte DAM Stainless Steel Pliers;7,16;1;7,16;3,72;23;1;7,16;;6,87;6,73;6,59;6,44;6,30;6,16;6,01;5,87;5,73;5,37
108609;;Nástraha BALZER Ripper Kauli 12,5 cm, HighLight;2,30;1;2,30;1,23;23;1;2,30;;2,21;2,16;2,12;2,07;2,02;1,98;1,93;1,89;1,84;1,73
46824;437;"Nástraha FANATIK Classic 4,0&quot;; 10,1 cm, 4 ks";4,61;1;4,61;1,28;23;1;2,77;;2,77;2,77;2,77;2,77;2,77;2,77;2,77;2,77;2,77;2,77
38805;;Zarážky DELPHIN The End Boilie Stopper Simple;2,76;1;2,76;0,95;23;1;2,35;25;2,35;2,35;2,35;2,35;2,35;2,35;2,32;2,26;2,21;2,07
68536;438;Prút MIKADO Sensual N.G. Ultra Light Spin;27,50;1;27,50;12,65;23;1;25,03;25;25,03;25,03;25,03;24,75;24,20;23,65;23,10;22,55;22,00;20,63
68537;438;Prút MIKADO Sensual N.G. Ultra Light Spin;26,94;1;26,94;12,82;23;1;24,52;25;24,52;24,52;24,52;24,25;23,71;23,17;22,63;22,09;21,55;20,21
21932;;Naviják BH 3000;12,92;1;12,92;9,18;23;1;12,92;;12,40;12,14;11,89;11,63;11,37;11,11;10,85;10,59;10,34;9,69
59654;439;Jigová hlava MIKADO;0,60;1;0,60;;23;1;0,55;25;0,55;0,55;0,55;0,54;0,53;0,52;0,50;0,49;0,48;0,45
59655;439;Jigová hlava MIKADO;0,57;1;0,57;;23;1;0,52;25;0,52;0,52;0,52;0,51;0,50;0,49;0,48;0,47;0,46;0,43
59664;439;Jigová hlava MIKADO;0,62;1;0,62;;23;1;0,56;25;0,56;0,56;0,56;0,56;0,55;0,53;0,52;0,51;0,50;0,47
59665;439;Jigová hlava MIKADO;0,64;1;0,64;;23;1;0,58;25;0,58;0,58;0,58;0,58;0,56;0,55;0,54;0,52;0,51;0,48
88614;440;Vlasec DAM Tectan Superior Carp Yellow;22,87;1;;;23;1;;;21,96;21,50;21,04;20,58;20,13;19,67;19,21;18,75;18,30;17,15
38918;;Magnetická krabička DELPHIN Magbox;6,95;1;6,95;3,48;23;1;5,91;25;5,91;5,91;5,91;5,91;5,91;5,91;5,84;5,70;5,56;5,21
68557;;Peračník MIKADO Wallet;15,99;1;15,99;7,68;23;1;14,55;25;14,55;14,55;14,55;14,39;14,07;13,75;13,43;13,11;12,79;11,99
108642;441;Montáž BALZER Stinger Rig mit Baitholder Drilling 1x7, 3 ks;7,20;1;7,20;3,94;23;1;7,20;;6,91;6,77;6,62;6,48;6,34;6,19;6,05;5,90;5,76;5,40
108643;441;Montáž BALZER Stinger Rig mit Baitholder Drilling 1x7, 3 ks;7,00;1;7,00;3,84;23;1;7,00;;6,72;6,58;6,44;6,30;6,16;6,02;5,88;5,74;5,60;5,25
108644;441;Montáž BALZER Stinger Rig mit Baitholder Drilling 1x7, 3 ks;6,80;1;6,80;3,73;23;1;6,80;;6,53;6,39;6,26;6,12;5,98;5,85;5,71;5,58;5,44;5,10
108645;441;Montáž BALZER Stinger Rig mit Baitholder Drilling 1x7, 3 ks;6,61;1;6,61;3,63;23;1;6,61;;6,35;6,21;6,08;5,95;5,82;5,68;5,55;5,42;5,29;4,96
46886;442;"Nástraha FANATIK GIPNOZ 3,3""; 8,3 cm, 4 ks";4,61;1;4,61;2,83;23;1;2,77;;2,77;2,77;2,77;2,77;2,77;2,77;2,77;2,77;2,77;2,77
46887;442;"Nástraha FANATIK GIPNOZ 3,3""; 8,3 cm, 4 ks";4,61;1;4,61;1,09;23;1;2,77;;2,77;2,77;2,77;2,77;2,77;2,77;2,77;2,77;2,77;2,77
46888;442;"Nástraha FANATIK GIPNOZ 3,3""; 8,3 cm, 4 ks";4,61;1;4,61;1,09;23;1;2,77;;2,77;2,77;2,77;2,77;2,77;2,77;2,77;2,77;2,77;2,77
46889;442;"Nástraha FANATIK GIPNOZ 3,3""; 8,3 cm, 4 ks";4,61;1;4,61;2,83;23;1;2,77;;2,77;2,77;2,77;2,77;2,77;2,77;2,77;2,77;2,77;2,77
46890;442;"Nástraha FANATIK GIPNOZ 3,3""; 8,3 cm, 4 ks";4,61;1;4,61;1,09;23;1;2,77;;2,77;2,77;2,77;2,77;2,77;2,77;2,77;2,77;2,77;2,77
46892;442;"Nástraha FANATIK GIPNOZ 3,3""; 8,3 cm, 4 ks";4,61;1;4,61;1,09;23;1;2,77;;2,77;2,77;2,77;2,77;2,77;2,77;2,77;2,77;2,77;2,77
46893;442;"Nástraha FANATIK GIPNOZ 3,3""; 8,3 cm, 4 ks";4,61;1;4,61;1,09;23;1;2,77;;2,77;2,77;2,77;2,77;2,77;2,77;2,77;2,77;2,77;2,77
46895;442;"Nástraha FANATIK GIPNOZ 3,3""; 8,3 cm, 4 ks";4,61;1;4,61;2,83;23;1;2,77;;2,77;2,77;2,77;2,77;2,77;2,77;2,77;2,77;2,77;2,77
46897;442;"Nástraha FANATIK GIPNOZ 3,3""; 8,3 cm, 4 ks";4,61;1;4,61;2,83;23;1;2,77;;2,77;2,77;2,77;2,77;2,77;2,77;2,77;2,77;2,77;2,77
46899;442;"Nástraha FANATIK GIPNOZ 3,3""; 8,3 cm, 4 ks";4,61;1;4,61;2,83;23;1;2,77;;2,77;2,77;2,77;2,77;2,77;2,77;2,77;2,77;2,77;2,77
77916;443;Prút DAIWA Tournament XT Titanium Spin;382,00;1;382,00;220,50;23;1;382,00;;366,72;359,08;351,44;343,80;336,16;328,52;320,88;313,24;305,60;286,50
77917;443;Prút DAIWA Tournament XT Titanium Spin;398,00;1;398,00;229,50;23;1;398,00;;382,08;374,12;366,16;358,20;350,24;342,28;334,32;326,36;318,40;298,50
93346;;Lehátko DELPHIN ErgoCarp;153,95;1;153,95;102,63;23;1;130,86;25;130,86;130,86;130,86;130,86;130,86;130,86;129,32;126,24;123,16;115,46
68587;;Kliešte MIKADO Alien 28 cm;9,68;1;9,68;2,70;23;1;8,81;25;8,81;8,81;8,81;8,71;8,52;8,32;8,13;7,94;7,74;7,26
108658;;Puzdro BALZER AD Cat Container Set;73,60;1;73,60;40,25;23;1;73,60;;70,66;69,18;67,71;66,24;64,77;63,30;61,82;60,35;58,88;55,20
101706;;Vobler SHIMANO Bantam BT World Diver 99SP FB, 009 T Smelt;21,96;1;21,96;8,87;23;1;21,96;;21,08;20,64;20,20;19,76;19,32;18,89;18,45;18,01;17,57;16,47
91636;444;Swinger DELPHIN Cubix Light;10,95;1;10,95;5,67;23;1;9,31;25;9,31;9,31;9,31;9,31;9,31;9,31;9,20;8,98;8,76;8,21
91637;444;Swinger DELPHIN Cubix Light;10,95;1;10,95;5,67;23;1;9,31;25;9,31;9,31;9,31;9,31;9,31;9,31;9,20;8,98;8,76;8,21
91638;444;Swinger DELPHIN Cubix Light;10,95;1;10,95;5,92;23;1;9,31;25;9,31;9,31;9,31;9,31;9,31;9,31;9,20;8,98;8,76;8,21
91639;444;Swinger DELPHIN Cubix Light;10,95;1;10,95;5,67;23;1;9,31;25;9,31;9,31;9,31;9,31;9,31;9,31;9,20;8,98;8,76;8,21
91640;444;Swinger DELPHIN Cubix Light;10,95;1;10,95;5,67;23;1;9,31;25;9,31;9,31;9,31;9,31;9,31;9,31;9,20;8,98;8,76;8,21
91641;444;Swinger DELPHIN Cubix Light;10,95;1;10,95;5,67;23;1;9,31;25;9,31;9,31;9,31;9,31;9,31;9,31;9,20;8,98;8,76;8,21
91642;444;Swinger DELPHIN Cubix Light;10,95;1;10,95;5,92;23;1;9,31;25;9,31;9,31;9,31;9,31;9,31;9,31;9,20;8,98;8,76;8,21
61625;445;Čižmy Artic Termo;53,27;1;53,27;41,20;23;1;53,27;;51,14;50,07;49,01;47,94;46,88;45,81;44,75;43,68;42,62;39,95
61626;445;Čižmy Artic Termo;53,27;1;53,27;38,04;23;1;53,27;;51,14;50,07;49,01;47,94;46,88;45,81;44,75;43,68;42,62;39,95
61628;445;Čižmy Artic Termo;53,27;1;53,27;38,04;23;1;53,27;;51,14;50,07;49,01;47,94;46,88;45,81;44,75;43,68;42,62;39,95
61629;445;Čižmy Artic Termo;53,27;1;53,27;35,68;23;1;53,27;;51,14;50,07;49,01;47,94;46,88;45,81;44,75;43,68;42,62;39,95
46956;446;Háčiky FANATIK OFFSET F0-3315R;3,43;1;3,43;0,94;23;1;2,06;;2,06;2,06;2,06;2,06;2,06;2,06;2,06;2,06;2,06;2,06
46957;446;Háčiky FANATIK OFFSET F0-3315R;3,43;1;3,43;0,94;23;1;2,06;;2,06;2,06;2,06;2,06;2,06;2,06;2,06;2,06;2,06;2,06
46959;446;Háčiky FANATIK OFFSET F0-3315R;3,43;1;3,43;0,94;23;1;2,06;;2,06;2,06;2,06;2,06;2,06;2,06;2,06;2,06;2,06;2,06
46960;446;Háčiky FANATIK OFFSET F0-3315R;3,43;1;3,43;0,94;23;1;2,06;;2,06;2,06;2,06;2,06;2,06;2,06;2,06;2,06;2,06;2,06
46961;446;Háčiky FANATIK OFFSET F0-3315R;3,43;1;3,43;0,94;23;1;2,06;;2,06;2,06;2,06;2,06;2,06;2,06;2,06;2,06;2,06;2,06
46962;446;Háčiky FANATIK OFFSET F0-3315R;3,43;1;3,43;0,94;23;1;2,06;;2,06;2,06;2,06;2,06;2,06;2,06;2,06;2,06;2,06;2,06
46963;446;Háčiky FANATIK OFFSET F0-3315R;3,43;1;3,43;0,94;23;1;2,06;;2,06;2,06;2,06;2,06;2,06;2,06;2,06;2,06;2,06;2,06
93378;447;Termo set DELPHIN Ixtera UltraX;29,95;1;29,95;14,85;23;1;25,46;25;25,46;25,46;25,46;25,46;25,46;25,46;25,16;24,56;23,96;22,46
93379;447;Termo set DELPHIN Ixtera UltraX;29,95;1;29,95;14,85;23;1;25,46;25;25,46;25,46;25,46;25,46;25,46;25,46;25,16;24,56;23,96;22,46
93380;447;Termo set DELPHIN Ixtera UltraX;29,95;1;29,95;14,46;23;1;25,46;25;25,46;25,46;25,46;25,46;25,46;25,46;25,16;24,56;23,96;22,46
93381;447;Termo set DELPHIN Ixtera UltraX;29,95;1;29,95;15,60;23;1;25,46;25;25,46;25,46;25,46;25,46;25,46;25,46;25,16;24,56;23,96;22,46
93382;447;Termo set DELPHIN Ixtera UltraX;29,95;1;29,95;14,85;23;1;25,46;25;25,46;25,46;25,46;25,46;25,46;25,46;25,16;24,56;23,96;22,46
93383;447;Termo set DELPHIN Ixtera UltraX;29,95;1;29,95;14,85;23;1;25,46;25;25,46;25,46;25,46;25,46;25,46;25,46;25,16;24,56;23,96;22,46
38986;448;Čereň DELPHIN PE s bočnicami;15,95;1;15,95;8,52;23;1;13,56;25;13,56;13,56;13,56;13,56;13,56;13,56;13,40;13,08;12,76;11,96
38987;448;Čereň DELPHIN PE s bočnicami;8,95;1;8,95;4,80;23;1;7,61;25;7,61;7,61;7,61;7,61;7,61;7,61;7,52;7,34;7,16;6,71
61864;449;Priebežný plavák EXPERT na stojaté vody;2,00;1;2,00;1,19;23;1;2,00;;1,92;1,88;1,84;1,80;1,76;1,72;1,68;1,64;1,60;1,50
61865;449;Priebežný plavák EXPERT na stojaté vody;1,96;1;1,96;1,39;23;1;1,96;;1,88;1,84;1,80;1,76;1,72;1,69;1,65;1,61;1,57;1,47
61866;449;Priebežný plavák EXPERT na stojaté vody;2,66;1;2,66;1,62;23;1;2,66;;2,55;2,50;2,45;2,39;2,34;2,29;2,23;2,18;2,13;2,00
61867;449;Priebežný plavák EXPERT na stojaté vody;2,31;1;2,31;1,37;23;1;2,31;;2,22;2,17;2,13;2,08;2,03;1,99;1,94;1,89;1,85;1,73
108690;;Plandavka BALZER Abalone Spoon, 2,3 g, Orange;4,40;1;4,40;2,42;23;1;4,40;;4,22;4,14;4,05;3,96;3,87;3,78;3,70;3,61;3,52;3,30
79044;;SET - 2x signalizátor NGT Bite Alarm JHA;16,40;1;16,40;7,66;23;1;16,40;;15,74;15,42;15,09;14,76;14,43;14,10;13,78;13,45;13,12;12,30
101742;;Vobler SHIMANO Bantam BT World Minnow Flash Boost;24,94;1;24,94;10,08;23;1;24,94;;23,94;23,44;22,94;22,45;21,95;21,45;20,95;20,45;19,95;18,71
61980;;Varič MEVA SOLO na propán -bután;33,95;1;33,95;25,81;23;1;33,95;10;32,59;31,91;31,23;30,56;30,56;30,56;30,56;30,56;30,56;30,56
108706;;Krabička BALZER Shirasu Box Nr.1;12,71;1;12,71;6,96;23;1;12,71;;12,20;11,95;11,69;11,44;11,18;10,93;10,68;10,42;10,17;9,53
79063;450;Olovo ZFISH Paste Bomb In-Line Lead;2,12;1;2,12;0,92;23;1;2,12;;2,04;1,99;1,95;1,91;1,87;1,82;1,78;1,74;1,70;1,59
39067;;Digitálna váha DELPHIN Handy;13,95;1;13,95;6,76;23;1;11,86;25;11,86;11,86;11,86;11,86;11,86;11,86;11,72;11,44;11,16;10,46
23705;;Vozík MIVARDI Trolley Executive;149,99;1;149,99;74,89;23;1;134,99;10;134,99;134,99;134,99;134,99;134,99;134,99;134,99;134,99;134,99;134,99
108722;;Kliešte BALZER Cutter;18,30;1;18,30;9,99;23;1;18,30;;17,57;17,20;16,84;16,47;16,10;15,74;15,37;15,01;14,64;13,73
68667;;Nástraha MIKADO Sicario Pike Tail 18 cm, 2 ks, Orange Perch;8,70;1;8,70;3,79;23;1;7,92;25;7,92;7,92;7,92;7,83;7,66;7,48;7,31;7,13;6,96;6,53
23887;;Puzdro MIVARDI Pouch For Swing Arms;16,99;1;16,99;8,51;23;1;15,29;10;15,29;15,29;15,29;15,29;15,29;15,29;15,29;15,29;15,29;15,29
47275;451;Vobler RAPALA Flat Rap 08;10,95;1;10,95;6,14;23;1;10,95;;10,51;10,29;10,07;9,86;9,64;9,42;9,20;8,98;8,76;8,21
47276;451;Vobler RAPALA Flat Rap 08;10,95;1;10,95;6,14;23;1;10,95;;10,51;10,29;10,07;9,86;9,64;9,42;9,20;8,98;8,76;8,21
79156;;Montáž EXTRA CARPLead Clip with Quick Change set;6,65;1;6,65;2,95;23;1;6,65;;6,38;6,25;6,12;5,99;5,85;5,72;5,59;5,45;5,32;4,99
103067;;Obaľovacia pasta ABAITS R2 Kreveta / Krill;9,22;1;9,22;5,44;23;1;9,22;;8,85;8,67;8,48;8,30;8,11;7,93;7,74;7,56;7,38;6,92
39238;;Signalizátor DELPHIN iTON;22,95;1;22,95;12,26;23;1;19,51;25;19,51;19,51;19,51;19,51;19,51;19,51;19,28;18,82;18,36;17,21
68683;;Kopyto MIKADO Fishunter 5 cm, farba 09T;0,57;1;0,57;0,25;23;1;0,52;25;0,52;0,52;0,52;0,51;0,50;0,49;0,48;0,47;0,46;0,43
88930;;Set 2 signalizátorov PROLOGIC C-Series Pro Alarm s príposluchom + svetlo;117,87;1;117,87;61,09;23;1;117,87;;113,16;110,80;108,44;106,08;103,73;101,37;99,01;96,65;94,30;88,40
109021;452;Boilie TB Baits Garlic Liver, 1 kg;12,99;1;12,99;7,06;23;1;12,99;15;12,47;12,21;11,95;11,69;11,43;11,17;11,04;11,04;11,04;11,04
109022;452;Boilie TB Baits Garlic Liver, 1 kg;12,99;1;12,99;7,06;23;1;12,99;15;12,47;12,21;11,95;11,69;11,43;11,17;11,04;11,04;11,04;11,04
109023;452;Boilie TB Baits Garlic Liver, 1 kg;12,99;1;12,99;6,58;23;1;12,99;15;12,47;12,21;11,95;11,69;11,43;11,17;11,04;11,04;11,04;11,04
103112;453;Boilie ABAITS Pop Up Fluo, Cesnak;6,67;1;6,67;3,90;23;1;6,67;;6,40;6,27;6,14;6,00;5,87;5,74;5,60;5,47;5,34;5,00
103113;453;Boilie ABAITS Pop Up Fluo, Cesnak;6,67;1;6,67;4,06;23;1;6,67;;6,40;6,27;6,14;6,00;5,87;5,74;5,60;5,47;5,34;5,00
91750;454;Karabínka DELPHIN Safety Snap;1,30;1;1,30;0,55;23;1;1,11;25;1,11;1,11;1,11;1,11;1,11;1,11;1,09;1,07;1,04;0,98
91751;454;Karabínka DELPHIN Safety Snap;1,50;1;1,50;0,64;23;1;1,28;25;1,28;1,28;1,28;1,28;1,28;1,28;1,26;1,23;1,20;1,13
91752;454;Karabínka DELPHIN Safety Snap;1,60;1;1,60;0,69;23;1;1,36;25;1,36;1,36;1,36;1,36;1,36;1,36;1,34;1,31;1,28;1,20
88959;455;Nástraha SAVAGE GEAR Cannibal Shad, 5 ks;3,48;1;3,48;1,65;23;1;3,48;;3,34;3,27;3,20;3,13;3,06;2,99;2,92;2,85;2,78;2,61
88960;455;Nástraha SAVAGE GEAR Cannibal Shad, 5 ks;3,48;1;3,48;1,65;23;1;3,48;;3,34;3,27;3,20;3,13;3,06;2,99;2,92;2,85;2,78;2,61
88961;455;Nástraha SAVAGE GEAR Cannibal Shad, 5 ks;3,48;1;3,48;1,65;23;1;3,48;;3,34;3,27;3,20;3,13;3,06;2,99;2,92;2,85;2,78;2,61
88962;455;Nástraha SAVAGE GEAR Cannibal Shad, 5 ks;3,48;1;3,48;1,65;23;1;3,48;;3,34;3,27;3,20;3,13;3,06;2,99;2,92;2,85;2,78;2,61
88963;455;Nástraha SAVAGE GEAR Cannibal Shad, 5 ks;3,48;1;3,48;1,65;23;1;3,48;;3,34;3,27;3,20;3,13;3,06;2,99;2,92;2,85;2,78;2,61
88964;455;Nástraha SAVAGE GEAR Cannibal Shad, 5 ks;3,48;1;3,48;1,65;23;1;3,48;;3,34;3,27;3,20;3,13;3,06;2,99;2,92;2,85;2,78;2,61
88965;455;Nástraha SAVAGE GEAR Cannibal Shad, 5 ks;3,48;1;3,48;1,65;23;1;3,48;;3,34;3,27;3,20;3,13;3,06;2,99;2,92;2,85;2,78;2,61
88966;455;Nástraha SAVAGE GEAR Cannibal Shad, 5 ks;3,48;1;3,48;1,65;23;1;3,48;;3,34;3,27;3,20;3,13;3,06;2,99;2,92;2,85;2,78;2,61
88967;455;Nástraha SAVAGE GEAR Cannibal Shad, 5 ks;3,48;1;3,48;1,65;23;1;3,48;;3,34;3,27;3,20;3,13;3,06;2,99;2,92;2,85;2,78;2,61
88968;455;Nástraha SAVAGE GEAR Cannibal Shad, 5 ks;3,48;1;3,48;1,65;23;1;3,48;;3,34;3,27;3,20;3,13;3,06;2,99;2,92;2,85;2,78;2,61
47360;456;Vobler RAPALA Skitter Pop Elite 95;16,49;1;16,49;8,72;23;1;16,49;;15,83;15,50;15,17;14,84;14,51;14,18;13,85;13,52;13,19;12,37
47361;456;Vobler RAPALA Skitter Pop Elite 95;16,49;1;16,49;8,72;23;1;16,49;;15,83;15,50;15,17;14,84;14,51;14,18;13,85;13,52;13,19;12,37
47363;456;Vobler RAPALA Skitter Pop Elite 95;16,49;1;16,49;8,72;23;1;16,49;;15,83;15,50;15,17;14,84;14,51;14,18;13,85;13,52;13,19;12,37
103141;457;Krmivo ABAITS Feeder Mix zmes, Cesnak;2,90;1;2,90;1,61;23;1;2,90;;2,78;2,73;2,67;2,61;2,55;2,49;2,44;2,38;2,32;2,18
103142;457;Krmivo ABAITS Feeder Mix zmes, Cesnak;7,00;1;7,00;4,19;23;1;7,00;;6,72;6,58;6,44;6,30;6,16;6,02;5,88;5,74;5,60;5,25
103143;457;Krmivo ABAITS Feeder Mix zmes, Cesnak;13,90;1;13,90;8,00;23;1;13,90;;13,34;13,07;12,79;12,51;12,23;11,95;11,68;11,40;11,12;10,43
68733;;Spacák MIKADO Enclave 5 Season Aquatex;119,99;1;119,99;58,61;23;1;109,19;25;109,19;109,19;109,19;107,99;105,59;103,19;100,79;98,39;95,99;89,99
63299;;Bivak Tandem Baits Phantom Big One;607,87;1;607,87;;23;1;607,87;;583,56;571,40;559,24;547,08;534,93;522,77;510,61;498,45;486,30;455,90
88977;;Šiltovka SAVAGE GEAR Quick Dry Cap Legion Blue;19,99;1;19,99;10,63;23;1;19,99;;19,19;18,79;18,39;17,99;17,59;17,19;16,79;16,39;15,99;14,99
79216;;Lehátko ZFISH Camo Condor Bedchair 8-Leg;144,02;1;144,02;79,46;23;1;144,02;;138,26;135,38;132,50;129,62;126,74;123,86;120,98;118,10;115,22;108,02
103178;458;Mini boilie ABAITS Pop Up, 8 mm, Cesnak;4,10;1;4,10;2,20;23;1;4,10;;3,94;3,85;3,77;3,69;3,61;3,53;3,44;3,36;3,28;3,08
91813;459;Navijak DELPHIN Partisan;39,95;1;39,95;21,59;23;1;33,96;25;33,96;33,96;33,96;33,96;33,96;33,96;33,56;32,76;31,96;29,96
91814;459;Navijak DELPHIN Partisan;43,95;1;43,95;23,74;23;1;37,36;25;37,36;37,36;37,36;37,36;37,36;37,36;36,92;36,04;35,16;32,96
91815;459;Navijak DELPHIN Partisan;45,95;1;45,95;24,85;23;1;39,06;25;39,06;39,06;39,06;39,06;39,06;39,06;38,60;37,68;36,76;34,46
47424;;Navijak OKUMA Atomic Carp 7000;35,01;1;35,01;21,60;23;1;35,01;;33,61;32,91;32,21;31,51;30,81;30,11;29,41;28,71;28,01;26,26
79237;;Konvička NGT Camping Kettle, 1,1 l;20,22;1;20,22;9,59;23;1;20,22;;19,41;19,01;18,60;18,20;17,79;17,39;16,98;16,58;16,18;15,17
103235;;Boilie ABAITS Angry Bull, 30 mm;6,00;1;6,00;3,91;23;1;6,00;;5,76;5,64;5,52;5,40;5,28;5,16;5,04;4,92;4,80;4,50
89064;;Nekonečná zarážka DELPHIN Q-Stop;1,60;1;1,60;0,71;23;1;1,36;25;1,36;1,36;1,36;1,36;1,36;1,36;1,34;1,31;1,28;1,20
109087;;Booster TB Baits Booster, Monster Crab, 500 ml;4,99;1;4,99;2,53;23;1;4,99;15;4,79;4,69;4,59;4,49;4,39;4,29;4,24;4,24;4,24;4,24
79257;;Náhradné krimpovacie spojky ZFISH Spare Crimps S 0,6mm;2,02;1;2,02;0,89;23;1;2,02;;1,94;1,90;1,86;1,82;1,78;1,74;1,70;1,66;1,62;1,52
103252;;Pelety PVA ABAITS R4, 3 mm, 1 kg;5,50;1;5,50;3,37;23;1;5,50;;5,28;5,17;5,06;4,95;4,84;4,73;4,62;4,51;4,40;4,13
26958;;Rohatinka PROLOGIC Rod Mate Rod Rest;7,16;1;7,16;4,49;23;1;7,16;;6,87;6,73;6,59;6,44;6,30;6,16;6,01;5,87;5,73;5,37
109104;;Booster TB Baits Amur, 500 ml;6,49;1;6,49;3,73;23;1;6,49;15;6,23;6,10;5,97;5,84;5,71;5,58;5,52;5,52;5,52;5,52
50004;460;Plávajúce boilie NIKL Chilli & Peach, 50 g;7,80;1;7,80;4,46;23;1;7,80;;7,49;7,33;7,18;7,02;6,86;6,71;6,55;6,40;6,24;5,85
50005;460;Plávajúce boilie NIKL Chilli & Peach, 50 g;7,80;1;7,80;3,43;23;1;7,80;;7,49;7,33;7,18;7,02;6,86;6,71;6,55;6,40;6,24;5,85
79276;;Čajová súprava NGT Brew Kit;20,50;1;;;23;1;;;19,68;19,27;18,86;18,45;18,04;17,63;17,22;16,81;16,40;15,38
103503;461;Pohybové čidlo FLACARP AL;126,08;1;126,08;73,00;23;1;126,08;;121,04;118,52;115,99;113,47;110,95;108,43;105,91;103,39;100,86;94,56
103504;461;Pohybové čidlo FLACARP AL;147,60;1;147,60;79,00;23;1;147,60;;141,70;138,74;135,79;132,84;129,89;126,94;123,98;121,03;118,08;110,70
79291;462;Chytacie pelety ZFISH Premium Halibut, 14 mm;3,60;1;3,60;1,34;23;1;3,60;;3,46;3,38;3,31;3,24;3,17;3,10;3,02;2,95;2,88;2,70
79292;462;Chytacie pelety ZFISH Premium Halibut, 14 mm;3,60;1;3,60;1,34;23;1;3,60;;3,46;3,38;3,31;3,24;3,17;3,10;3,02;2,95;2,88;2,70
93556;;Plastické olovo DELPHIN TheEnd Tungsten Putty 5 g;3,70;1;3,70;1,77;23;1;3,15;25;3,15;3,15;3,15;3,15;3,15;3,15;3,11;3,03;2,96;2,78
68813;463;Vlasec MIKADO Ultraviolet II Method Feeder, 150 m;5,79;1;5,79;1,94;23;1;5,27;25;5,27;5,27;5,27;5,21;5,10;4,98;4,86;4,75;4,63;4,34
68814;463;Vlasec MIKADO Ultraviolet II Method Feeder, 150 m;5,79;1;5,79;2,03;23;1;5,27;25;5,27;5,27;5,27;5,21;5,10;4,98;4,86;4,75;4,63;4,34
68815;463;Vlasec MIKADO Ultraviolet II Method Feeder, 150 m;5,79;1;5,79;1,94;23;1;5,27;25;5,27;5,27;5,27;5,21;5,10;4,98;4,86;4,75;4,63;4,34
68816;463;Vlasec MIKADO Ultraviolet II Method Feeder, 150 m;5,79;1;5,79;2,03;23;1;5,27;25;5,27;5,27;5,27;5,21;5,10;4,98;4,86;4,75;4,63;4,34
91953;464;Termoprádlo DELPHIN Tundra Blacx, vrchný diel;23,95;1;23,95;10,80;23;1;20,36;25;20,36;20,36;20,36;20,36;20,36;20,36;20,12;19,64;19,16;17,96
91954;464;Termoprádlo DELPHIN Tundra Blacx, vrchný diel;23,95;1;23,95;13,51;23;1;20,36;25;20,36;20,36;20,36;20,36;20,36;20,36;20,12;19,64;19,16;17,96
91955;464;Termoprádlo DELPHIN Tundra Blacx, vrchný diel;23,95;1;23,95;13,51;23;1;20,36;25;20,36;20,36;20,36;20,36;20,36;20,36;20,12;19,64;19,16;17,96
91956;464;Termoprádlo DELPHIN Tundra Blacx, vrchný diel;22,95;1;22,95;10,80;23;1;19,51;25;19,51;19,51;19,51;19,51;19,51;19,51;19,28;18,82;18,36;17,21
91957;464;Termoprádlo DELPHIN Tundra Blacx, vrchný diel;23,95;1;23,95;10,80;23;1;20,36;25;20,36;20,36;20,36;20,36;20,36;20,36;20,12;19,64;19,16;17,96
64949;;Volfrámové lanko SPORTS;0,97;1;0,97;0,47;23;1;0,97;;0,93;0,91;0,89;0,87;0,85;0,83;0,81;0,80;0,78;0,73
109135;465;Boilie TB Baits Krill, 10 kg;29,99;1;29,99;17,89;23;1;29,99;5;28,79;28,49;28,49;28,49;28,49;28,49;28,49;28,49;28,49;28,49
109136;465;Boilie TB Baits Krill, 10 kg;29,99;1;29,99;15,08;23;1;29,99;5;28,79;28,49;28,49;28,49;28,49;28,49;28,49;28,49;28,49;28,49
5214;;Plavák biely KP 35 B;1,17;1;1,17;0,70;23;1;1,17;;1,12;1,10;1,08;1,05;1,03;1,01;0,98;0,96;0,94;0,88
79310;;Spacák ZFISH Sleeping Bag Hoogan Camo 5 Season;111,00;1;111,00;55,75;23;1;111,00;;106,56;104,34;102,12;99,90;97,68;95,46;93,24;91,02;88,80;83,25
93573;466;Nárazové guličky DELPHIN TheEnd sCamo Soft Bead Stonez, 60 ks;2,95;1;2,95;1,40;23;1;2,51;25;2,51;2,51;2,51;2,51;2,51;2,51;2,48;2,42;2,36;2,21
93574;466;Nárazové guličky DELPHIN TheEnd sCamo Soft Bead Stonez, 60 ks;0,00;1;0,00;0,00;;;0,00;0;0,00;0,00;0,00;0,00;0,00;0,00;0,00;0,00;0,00;0,00
93575;466;Nárazové guličky DELPHIN TheEnd sCamo Soft Bead Stonez, 60 ks;0,00;1;0,00;0,00;;;0,00;0;0,00;0,00;0,00;0,00;0,00;0,00;0,00;0,00;0,00;0,00
93576;466;Nárazové guličky DELPHIN TheEnd sCamo Soft Bead Stonez, 60 ks;0,00;1;0,00;0,00;;;0,00;0;0,00;0,00;0,00;0,00;0,00;0,00;0,00;0,00;0,00;0,00
93577;466;Nárazové guličky DELPHIN TheEnd sCamo Soft Bead Stonez, 60 ks;2,95;1;2,95;1,40;23;1;2,51;25;2,51;2,51;2,51;2,51;2,51;2,51;2,48;2,42;2,36;2,21
103623;;Ssada nástrah KINETIC Jig Kit Pike/ Zander/ Perch;13,32;1;13,32;5,19;23;1;13,32;;12,79;12,52;12,25;11,99;11,72;11,46;11,19;10,92;10,66;9,99
69012;467;Boilie LK BAITS Nutrigo Balanc Monster Crab;11,09;1;11,09;5,94;23;1;11,09;;10,65;10,42;10,20;9,98;9,76;9,54;9,32;9,09;8,87;8,32
69013;467;Boilie LK BAITS Nutrigo Balanc Monster Crab;11,09;1;11,09;5,96;23;1;11,09;;10,65;10,42;10,20;9,98;9,76;9,54;9,32;9,09;8,87;8,32
27266;468;Vlasec ESOX DNA Invisible;2,15;1;2,15;1,20;23;1;2,15;;2,06;2,02;1,98;1,94;1,89;1,85;1,81;1,76;1,72;1,61
27273;468;Vlasec ESOX DNA Invisible;2,92;1;2,92;1,63;23;1;2,92;;2,80;2,74;2,69;2,63;2,57;2,51;2,45;2,39;2,34;2,19
65138;469;Boom SPORTS s podvodným plavákom;2,32;1;2,32;1,43;23;1;2,32;;2,23;2,18;2,13;2,09;2,04;2,00;1,95;1,90;1,86;1,74
65307;469;Boom SPORTS s podvodným plavákom;2,83;1;2,83;1,67;23;1;2,83;;2,72;2,66;2,60;2,55;2,49;2,43;2,38;2,32;2,26;2,12
79327;;Krabička ZFISH Z-Mini Box 4;2,34;1;2,34;1,05;23;1;2,34;;2,25;2,20;2,15;2,11;2,06;2,01;1,97;1,92;1,87;1,76
103640;;Muška UNIQUE Flies Holoside Bugger Olive Daiichi;3,06;1;3,06;1,13;23;1;3,06;;2,94;2,88;2,82;2,75;2,69;2,63;2,57;2,51;2,45;2,30
39681;;Obratlík s karabínkou DELPHIN FDR Glider;2,50;1;2,50;0,98;23;1;2,13;25;2,13;2,13;2,13;2,13;2,13;2,13;2,10;2,05;2,00;1,88
69057;;Pelety LK BAITS v dipe, Cesnak;4,19;1;4,19;2,10;23;1;4,19;;4,02;3,94;3,85;3,77;3,69;3,60;3,52;3,44;3,35;3,14
92021;470;Kónický vlasec DELPHIN Conic Shocker Reaxe 6x13 m;10,95;1;10,95;5,65;23;1;9,31;25;9,31;9,31;9,31;9,31;9,31;9,31;9,20;8,98;8,76;8,21
92022;470;Kónický vlasec DELPHIN Conic Shocker Reaxe 6x13 m;10,95;1;10,95;5,65;23;1;9,31;25;9,31;9,31;9,31;9,31;9,31;9,31;9,20;8,98;8,76;8,21
27384X;471;1 + 1 = Navijak TICA Long Cast GLAT;138,01;1;138,01;77,74;23;1;138,01;;132,49;129,73;126,97;124,21;121,45;118,69;115,93;113,17;110,41;103,51
27386X;471;1 + 1 = Navijak TICA Long Cast GLAT;134,00;1;134,00;80,69;23;1;134,00;;128,64;125,96;123,28;120,60;117,92;115,24;112,56;109,88;107,20;100,50
65201;472;Termo spodky GEOFF ANDERSON WizWool 150;102,50;1;102,50;61,50;23;1;102,50;;98,40;96,35;94,30;92,25;90,20;88,15;86,10;84,05;82,00;76,88
65206;472;Termo spodky GEOFF ANDERSON WizWool 150;102,50;1;102,50;71,42;23;1;102,50;;98,40;96,35;94,30;92,25;90,20;88,15;86,10;84,05;82,00;76,88
52959;;Krabička MIKADO UABM-013;3,68;1;3,68;1,36;23;1;3,35;25;3,35;3,35;3,35;3,31;3,24;3,16;3,09;3,02;2,94;2,76
103657;;Jig WESTIN Bladebite V2 Tungsten Bladed Jig, Yellow Spark;11,27;1;11,27;6,51;23;1;11,27;;10,82;10,59;10,37;10,14;9,92;9,69;9,47;9,24;9,02;8,45
92037;473;Umelá nástraha DELPHIN B! StinxRibs Shrimp;6,95;1;6,95;3,51;23;1;5,91;25;5,91;5,91;5,91;5,91;5,91;5,91;5,84;5,70;5,56;5,21
92038;473;Umelá nástraha DELPHIN B! StinxRibs Shrimp;6,95;1;6,95;3,51;23;1;5,91;25;5,91;5,91;5,91;5,91;5,91;5,91;5,84;5,70;5,56;5,21
92039;473;Umelá nástraha DELPHIN B! StinxRibs Shrimp;6,95;1;6,95;3,51;23;1;5,91;25;5,91;5,91;5,91;5,91;5,91;5,91;5,84;5,70;5,56;5,21
110007;474;Vobler TAPADO SZ, Perch;10,30;1;10,30;6,52;23;1;10,30;;9,89;9,68;9,48;9,27;9,06;8,86;8,65;8,45;8,24;7,73
110012;474;Vobler TAPADO SZ, Perch;10,30;1;10,30;6,52;23;1;10,30;;9,89;9,68;9,48;9,27;9,06;8,86;8,65;8,45;8,24;7,73
110017;474;Vobler TAPADO SZ, Perch;10,30;1;10,30;6,52;23;1;10,30;;9,89;9,68;9,48;9,27;9,06;8,86;8,65;8,45;8,24;7,73
110021;474;Vobler TAPADO SZ, Perch;10,30;1;10,30;6,52;23;1;10,30;;9,89;9,68;9,48;9,27;9,06;8,86;8,65;8,45;8,24;7,73
110037;474;Vobler TAPADO SZ, Perch;9,50;1;9,50;6,03;23;1;9,50;;9,12;8,93;8,74;8,55;8,36;8,17;7,98;7,79;7,60;7,13
5333;475;Signalizátor ALBASTAR na suchý zips;1,22;1;1,22;0,68;23;1;1,22;;1,17;1,15;1,12;1,10;1,07;1,05;1,02;1,00;0,98;0,92
5341;475;Signalizátor ALBASTAR na suchý zips;1,39;1;1,39;0,68;23;1;1,39;;1,33;1,31;1,28;1,25;1,22;1,20;1,17;1,14;1,11;1,04
62745;475;Signalizátor ALBASTAR na suchý zips;1,19;1;1,19;0,76;23;1;1,19;;1,14;1,12;1,09;1,07;1,05;1,02;1,00;0,98;0,95;0,89
62746;475;Signalizátor ALBASTAR na suchý zips;1,19;1;1,19;0,62;23;1;1,19;;1,14;1,12;1,09;1,07;1,05;1,02;1,00;0,98;0,95;0,89
79359;;Forma ZFISH Method Feeder Mould Medium;1,57;1;1,57;0,68;23;1;1,57;;1,51;1,48;1,44;1,41;1,38;1,35;1,32;1,29;1,26;1,18
69101;;Nugety LK BAITS CUC! Nugget Pop Up Fluoro;6,30;1;6,30;3,40;23;1;6,30;;6,05;5,92;5,80;5,67;5,54;5,42;5,29;5,17;5,04;4,73
27937;;Pellets stoper ESOX;1,50;1;1,50;0,81;23;1;1,50;;1,44;1,41;1,38;1,35;1,32;1,29;1,26;1,23;1,20;1,13
79377;;Stojan ZFISH Rod Pod Rodmaster 4 Rods;99,15;1;99,15;48,54;23;1;99,15;;95,18;93,20;91,22;89,24;87,25;85,27;83,29;81,30;79,32;74,36
103686;;Nástraha WESTIN Shadteez Slim, Baitfish, 2 ks;6,14;1;6,14;1,78;23;1;6,14;;5,89;5,77;5,65;5,53;5,40;5,28;5,16;5,03;4,91;4,61
39841;;Krabička DELPHIN TBX One 275-5P Clip;8,50;1;8,50;4,28;23;1;7,23;25;7,23;7,23;7,23;7,23;7,23;7,23;7,14;6,97;6,80;6,38
6912;476;Rotačka MEPPS Black Fury;3,70;1;3,70;2,28;23;1;3,70;;3,55;3,48;3,40;3,33;3,26;3,18;3,11;3,03;2,96;2,78
6913;476;Rotačka MEPPS Black Fury;3,70;1;3,70;1,86;23;1;3,70;;3,55;3,48;3,40;3,33;3,26;3,18;3,11;3,03;2,96;2,78
92071;;Elektrické vyhrievané vložky DELPHIN Therm;14,94;1;14,94;8,08;23;1;12,70;25;12,70;12,70;12,70;12,70;12,70;12,70;12,55;12,25;11,95;11,21
28134;477;Boilies MIVARDI Rapid Multi Mix;11,99;1;11,99;6,69;23;1;10,79;10;10,79;10,79;10,79;10,79;10,79;10,79;10,79;10,79;10,79;10,79
55020;477;Boilies MIVARDI Rapid Multi Mix;21,00;1;21,00;11,71;23;1;18,90;10;18,90;18,90;18,90;18,90;18,90;18,90;18,90;18,90;18,90;18,90
55745;477;Boilies MIVARDI Rapid Multi Mix;41,99;1;41,99;23,43;23;1;37,79;10;37,79;37,79;37,79;37,79;37,79;37,79;37,79;37,79;37,79;37,79
65430;;Plavák EXPERT balzový pevný;4,65;1;4,65;2,76;23;1;4,65;;4,46;4,37;4,28;4,19;4,09;4,00;3,91;3,81;3,72;3,49
110414;;Penové nástrahy APS Slug 210 mm, Foam Lure, Set-1, bal. 3 ks;8,04;1;8,04;3,49;23;1;8,04;;7,72;7,56;7,40;7,24;7,08;6,91;6,75;6,59;6,43;6,03
53884;478;Šokový vlasec DELPHIN Shock Line;6,49;1;6,49;3,25;23;1;5,52;25;5,52;5,52;5,52;5,52;5,52;5,52;5,45;5,32;5,19;4,87
53885;478;Šokový vlasec DELPHIN Shock Line;6,49;1;6,49;3,25;23;1;5,52;25;5,52;5,52;5,52;5,52;5,52;5,52;5,45;5,32;5,19;4,87
53886;478;Šokový vlasec DELPHIN Shock Line;6,49;1;6,49;2,98;23;1;5,52;25;5,52;5,52;5,52;5,52;5,52;5,52;5,45;5,32;5,19;4,87
90681;478;Šokový vlasec DELPHIN Shock Line;6,49;1;6,49;2,98;23;1;5,52;25;5,52;5,52;5,52;5,52;5,52;5,52;5,45;5,32;5,19;4,87
93653;;Sada umelých mušiek DELPHIN Fly, Pond Trout;15,50;1;15,50;8,38;23;1;13,18;25;13,18;13,18;13,18;13,18;13,18;13,18;13,02;12,71;12,40;11,63
103703;;Vobler WESTIN Freddy The Frog Wakebait, Floating Brown Frog;25,61;1;25,61;7,40;23;1;25,61;;24,59;24,07;23,56;23,05;22,54;22,02;21,51;21,00;20,49;19,21
39861;;Krabička DELPHIN TBX One 350-5P Clip;13,95;1;13,95;7,95;23;1;11,86;25;11,86;11,86;11,86;11,86;11,86;11,86;11,72;11,44;11,16;10,46
65458;479;"Kopyto RELAX RK 3"" S, 7,5 cm";1,17;1;1,17;0,70;23;1;1,17;;1,12;1,10;1,08;1,05;1,03;1,01;0,98;0,96;0,94;0,88
65459;479;"Kopyto RELAX RK 3"" S, 7,5 cm";1,07;1;1,07;0,44;23;1;1,07;;1,03;1,01;0,98;0,96;0,94;0,92;0,90;0,88;0,86;0,80
89516;480;Náhradné vložky pre čižmy DELPHIN Bronto;11,96;1;11,96;7,47;23;1;10,17;25;10,17;10,17;10,17;10,17;10,17;10,17;10,05;9,81;9,57;8,97
89517;480;Náhradné vložky pre čižmy DELPHIN Bronto;11,96;1;11,96;7,18;23;1;10,17;25;10,17;10,17;10,17;10,17;10,17;10,17;10,05;9,81;9,57;8,97
89518;480;Náhradné vložky pre čižmy DELPHIN Bronto;11,96;1;11,96;7,47;23;1;10,17;25;10,17;10,17;10,17;10,17;10,17;10,17;10,05;9,81;9,57;8,97
89520;480;Náhradné vložky pre čižmy DELPHIN Bronto;11,96;1;11,96;7,18;23;1;10,17;25;10,17;10,17;10,17;10,17;10,17;10,17;10,05;9,81;9,57;8,97
92076;480;Náhradné vložky pre čižmy DELPHIN Bronto;11,96;1;11,96;7,18;23;1;10,17;25;10,17;10,17;10,17;10,17;10,17;10,17;10,05;9,81;9,57;8,97
92077;480;Náhradné vložky pre čižmy DELPHIN Bronto;11,96;1;11,96;7,18;23;1;10,17;25;10,17;10,17;10,17;10,17;10,17;10,17;10,05;9,81;9,57;8,97
92078;480;Náhradné vložky pre čižmy DELPHIN Bronto;11,96;1;11,96;7,18;23;1;10,17;25;10,17;10,17;10,17;10,17;10,17;10,17;10,05;9,81;9,57;8,97
111000;481;Bunda Geoff Anderson Dozer 7, zelená;499,00;1;499,00;339,32;23;1;499,00;;479,04;469,06;459,08;449,10;439,12;429,14;419,16;409,18;399,20;374,25
111001;481;Bunda Geoff Anderson Dozer 7, zelená;499,00;1;499,00;339,32;23;1;499,00;;479,04;469,06;459,08;449,10;439,12;429,14;419,16;409,18;399,20;374,25
111002;481;Bunda Geoff Anderson Dozer 7, zelená;499,00;1;499,00;339,32;23;1;499,00;;479,04;469,06;459,08;449,10;439,12;429,14;419,16;409,18;399,20;374,25
111003;481;Bunda Geoff Anderson Dozer 7, zelená;499,00;1;499,00;339,32;23;1;499,00;;479,04;469,06;459,08;449,10;439,12;429,14;419,16;409,18;399,20;374,25
111004;481;Bunda Geoff Anderson Dozer 7, zelená;499,00;1;499,00;339,32;23;1;499,00;;479,04;469,06;459,08;449,10;439,12;429,14;419,16;409,18;399,20;374,25
111005;481;Bunda Geoff Anderson Dozer 7, zelená;499,00;1;499,00;339,32;23;1;499,00;;479,04;469,06;459,08;449,10;439,12;429,14;419,16;409,18;399,20;374,25
80092;;Navijak VAGNER Bagrus 8000;649,96;1;649,96;378,53;23;1;649,96;;623,96;610,96;597,96;584,96;571,96;558,97;545,97;532,97;519,97;487,47
103720;;Blyskáč KINETIC Droopy 6 g, Gold;3,06;1;3,06;0,86;23;1;3,06;;2,94;2,88;2,82;2,75;2,69;2,63;2,57;2,51;2,45;2,30
39881;;Krabica DELPHIN TBX EasyDuo 385-10P;37,95;1;37,95;22,34;23;1;32,26;25;32,26;32,26;32,26;32,26;32,26;32,26;31,88;31,12;30,36;28,46
69609;;Navijak CARPZOOM Serie Fine Feeder 5000 FD;43,00;1;43,00;31,49;23;1;43,00;;41,28;40,42;39,56;38,70;37,84;36,98;36,12;35,26;34,40;32,25
92117;;Náhradný valček DELPHIN Uni na kreslo;2,40;1;2,40;1,25;23;1;2,04;25;2,04;2,04;2,04;2,04;2,04;2,04;2,02;1,97;1,92;1,80
103736;;Nástraha WESTIN Bullteez Shadtail, Official Roach;3,58;1;3,58;1,63;23;1;3,58;;3,44;3,37;3,29;3,22;3,15;3,08;3,01;2,94;2,86;2,69
69656;;Sprej CarpZoom Soft Lure Spray Zubáč;3,10;1;3,10;1,95;23;1;3,10;;2,98;2,91;2,85;2,79;2,73;2,67;2,60;2,54;2,48;2,33
92135;482;Prút DELPHIN Wonder LS+;66,95;1;66,95;35,10;23;1;56,91;25;56,91;56,91;56,91;56,91;56,91;56,91;56,24;54,90;53,56;50,21
92136;482;Prút DELPHIN Wonder LS+;71,96;1;71,96;37,28;23;1;61,17;25;61,17;61,17;61,17;61,17;61,17;61,17;60,45;59,01;57,57;53,97
92137;482;Prút DELPHIN Wonder LS+;74,94;1;74,94;38,89;23;1;63,70;25;63,70;63,70;63,70;63,70;63,70;63,70;62,95;61,45;59,95;56,21
65536;483;Bunda GEOFF Anderson Barbarus 2;230,62;1;230,62;177,12;23;1;230,62;;221,40;216,78;212,17;207,56;202,95;198,33;193,72;189,11;184,50;172,97
65537;483;Bunda GEOFF Anderson Barbarus 2;230,62;1;230,62;177,12;23;1;230,62;;221,40;216,78;212,17;207,56;202,95;198,33;193,72;189,11;184,50;172,97
65538;483;Bunda GEOFF Anderson Barbarus 2;230,62;1;230,62;177,12;23;1;230,62;;221,40;216,78;212,17;207,56;202,95;198,33;193,72;189,11;184,50;172,97
65539;483;Bunda GEOFF Anderson Barbarus 2;230,62;1;230,62;177,12;23;1;230,62;;221,40;216,78;212,17;207,56;202,95;198,33;193,72;189,11;184,50;172,97
65540;483;Bunda GEOFF Anderson Barbarus 2;230,62;1;230,62;172,20;23;1;230,62;;221,40;216,78;212,17;207,56;202,95;198,33;193,72;189,11;184,50;172,97
65541;483;Bunda GEOFF Anderson Barbarus 2;230,62;1;230,62;177,12;23;1;230,62;;221,40;216,78;212,17;207,56;202,95;198,33;193,72;189,11;184,50;172,97
80822;484;Háčiky VAGNER Livebait Pro, 4 ks;8,29;1;8,29;4,37;23;1;8,29;;7,96;7,79;7,63;7,46;7,30;7,13;6,96;6,80;6,63;6,22
80823;484;Háčiky VAGNER Livebait Pro, 4 ks;8,70;1;8,70;4,58;23;1;8,70;;8,35;8,18;8,00;7,83;7,66;7,48;7,31;7,13;6,96;6,53
80824;484;Háčiky VAGNER Livebait Pro, 4 ks;9,13;1;9,13;4,80;23;1;9,13;;8,76;8,58;8,40;8,22;8,03;7,85;7,67;7,49;7,30;6,85
80825;484;Háčiky VAGNER Livebait Pro, 4 ks;9,54;1;9,54;5,00;23;1;9,54;;9,16;8,97;8,78;8,59;8,40;8,20;8,01;7,82;7,63;7,16
80826;484;Háčiky VAGNER Livebait Pro, 4 ks;9,96;1;9,96;4,96;23;1;9,96;;9,56;9,36;9,16;8,96;8,76;8,57;8,37;8,17;7,97;7,47
80827;484;Háčiky VAGNER Livebait Pro, 4 ks;10,79;1;10,79;5,07;23;1;10,79;;10,36;10,14;9,93;9,71;9,50;9,28;9,06;8,85;8,63;8,09
80828;484;Háčiky VAGNER Livebait Pro, 4 ks;10,79;1;10,79;5,19;23;1;10,79;;10,36;10,14;9,93;9,71;9,50;9,28;9,06;8,85;8,63;8,09
80829;484;Háčiky VAGNER Livebait Pro, 4 ks;10,79;1;10,79;5,57;23;1;10,79;;10,36;10,14;9,93;9,71;9,50;9,28;9,06;8,85;8,63;8,09
39940;;Sada riadov DELPHIN CampWare 3v1;52,95;1;52,95;29,74;23;1;45,01;25;45,01;45,01;45,01;45,01;45,01;45,01;44,48;43,42;42,36;39,71
69717;;krmivo CARPZOOM Intense Pellet Method Groundbait 800g, Krill;5,44;1;5,44;3,56;23;1;5,44;;5,22;5,11;5,00;4,90;4,79;4,68;4,57;4,46;4,35;4,08
92151;485;Umelá larva DELPHIN Bugo Cheese, 4 cm, 15 ks;4,10;1;4,10;2,04;23;1;3,49;25;3,49;3,49;3,49;3,49;3,49;3,49;3,44;3,36;3,28;3,08
92152;485;Umelá larva DELPHIN Bugo Cheese, 4 cm, 15 ks;4,10;1;4,10;2,04;23;1;3,49;25;3,49;3,49;3,49;3,49;3,49;3,49;3,44;3,36;3,28;3,08
92153;485;Umelá larva DELPHIN Bugo Cheese, 4 cm, 15 ks;4,10;1;4,10;1,94;23;1;3,49;25;3,49;3,49;3,49;3,49;3,49;3,49;3,44;3,36;3,28;3,08
92154;485;Umelá larva DELPHIN Bugo Cheese, 4 cm, 15 ks;4,10;1;4,10;2,04;23;1;3,49;25;3,49;3,49;3,49;3,49;3,49;3,49;3,44;3,36;3,28;3,08
92155;485;Umelá larva DELPHIN Bugo Cheese, 4 cm, 15 ks;4,10;1;4,10;2,04;23;1;3,49;25;3,49;3,49;3,49;3,49;3,49;3,49;3,44;3,36;3,28;3,08
92156;485;Umelá larva DELPHIN Bugo Cheese, 4 cm, 15 ks;4,10;1;4,10;1,94;23;1;3,49;25;3,49;3,49;3,49;3,49;3,49;3,49;3,44;3,36;3,28;3,08
92157;485;Umelá larva DELPHIN Bugo Cheese, 4 cm, 15 ks;4,10;1;4,10;2,04;23;1;3,49;25;3,49;3,49;3,49;3,49;3,49;3,49;3,44;3,36;3,28;3,08
92158;485;Umelá larva DELPHIN Bugo Cheese, 4 cm, 15 ks;4,10;1;4,10;2,04;23;1;3,49;25;3,49;3,49;3,49;3,49;3,49;3,49;3,44;3,36;3,28;3,08
28553;;Sada 2 swingrov MIVARDI Hanger Easy;8,19;1;8,19;4,00;23;1;7,37;10;7,37;7,37;7,37;7,37;7,37;7,37;7,37;7,37;7,37;7,37
103769;486;SET = prút KINETIC Jawbreaker CT + navijak + šnúra;81,99;1;81,99;36,52;23;1;81,99;;78,71;77,07;75,43;73,79;72,15;70,51;68,87;67,23;65,59;61,49
103770;486;SET = prút KINETIC Jawbreaker CT + navijak + šnúra;87,11;1;87,11;38,95;23;1;87,11;;83,63;81,88;80,14;78,40;76,66;74,91;73,17;71,43;69,69;65,33
39983;487;Peračník DELPHIN Atoma;2,10;1;2,10;1,06;23;1;1,79;25;1,79;1,79;1,79;1,79;1,79;1,79;1,76;1,72;1,68;1,58
39984;487;Peračník DELPHIN Atoma;2,90;1;2,90;1,48;23;1;2,47;25;2,47;2,47;2,47;2,47;2,47;2,47;2,44;2,38;2,32;2,18
69745;;Kukurica CarpZoom Premium Maize, Čokoláda & Pomaranč;3,60;1;3,60;2,58;23;1;3,60;;3,46;3,38;3,31;3,24;3,17;3,10;3,02;2,95;2,88;2,70
92167;;Multiplikátor DELPHIN Runix;95,95;1;95,95;34,43;23;1;81,56;25;81,56;81,56;81,56;81,56;81,56;81,56;80,60;78,68;76,76;71,96
65598;488;Naviazané potápavé pelety SPORTS Kaprí sen Nuggets;3,06;1;3,06;1,82;23;1;3,06;;2,94;2,88;2,82;2,75;2,69;2,63;2,57;2,51;2,45;2,30
65599;488;Naviazané potápavé pelety SPORTS Kaprí sen Nuggets;3,06;1;3,06;1,82;23;1;3,06;;2,94;2,88;2,82;2,75;2,69;2,63;2,57;2,51;2,45;2,30
65600;488;Naviazané potápavé pelety SPORTS Kaprí sen Nuggets;3,06;1;3,06;1,82;23;1;3,06;;2,94;2,88;2,82;2,75;2,69;2,63;2,57;2,51;2,45;2,30
65601;488;Naviazané potápavé pelety SPORTS Kaprí sen Nuggets;3,06;1;3,06;1,82;23;1;3,06;;2,94;2,88;2,82;2,75;2,69;2,63;2,57;2,51;2,45;2,30
65602;488;Naviazané potápavé pelety SPORTS Kaprí sen Nuggets;3,06;1;3,06;1,82;23;1;3,06;;2,94;2,88;2,82;2,75;2,69;2,63;2,57;2,51;2,45;2,30
65603;488;Naviazané potápavé pelety SPORTS Kaprí sen Nuggets;2,99;1;2,99;1,87;23;1;2,99;;2,87;2,81;2,75;2,69;2,63;2,57;2,51;2,45;2,39;2,24
65604;488;Naviazané potápavé pelety SPORTS Kaprí sen Nuggets;3,06;1;3,06;1,82;23;1;3,06;;2,94;2,88;2,82;2,75;2,69;2,63;2,57;2,51;2,45;2,30
54577;489;Háčik DELPHIN HKD Double;4,70;1;4,70;1,69;23;1;4,00;25;4,00;4,00;4,00;4,00;4,00;4,00;3,95;3,85;3,76;3,53
54581;489;Háčik DELPHIN HKD Double;4,94;1;4,94;2,20;23;1;4,20;25;4,20;4,20;4,20;4,20;4,20;4,20;4,15;4,05;3,95;3,71
80855;;Navijak VAGNER Bagrus 5000;595,79;1;595,79;346,98;23;1;595,79;;571,96;560,04;548,13;536,21;524,30;512,38;500,46;488,55;476,63;446,84
103785;;Plandavka KINETIC Micro Boss 3,5g, Yellow/ Black Matte;3,06;1;3,06;1,34;23;1;3,06;;2,94;2,88;2,82;2,75;2,69;2,63;2,57;2,51;2,45;2,30
40032;;Podberák Giants Fishing Carp Plus Landing net;35,01;1;35,01;17,81;23;1;35,01;;33,61;32,91;32,21;31,51;30,81;30,11;29,41;28,71;28,01;26,26
69768;490;Rúčka CARPZOOM Smart Handle na podberák;12,00;1;12,00;7,38;23;1;12,00;;11,52;11,28;11,04;10,80;10,56;10,32;10,08;9,84;9,60;9,00
69776;490;Rúčka CARPZOOM Smart Handle na podberák;15,01;1;15,01;8,05;23;1;15,01;;14,41;14,11;13,81;13,51;13,21;12,91;12,61;12,31;12,01;11,26
65615;491;Prúty SPORTEX Nova ULR RS-2;153,70;1;153,70;104,51;23;1;153,70;;147,55;144,48;141,40;138,33;135,26;132,18;129,11;126,03;122,96;115,28
65616;491;Prúty SPORTEX Nova ULR RS-2;161,90;1;161,90;111,23;23;1;161,90;;155,42;152,19;148,95;145,71;142,47;139,23;136,00;132,76;129,52;121,43
65617;491;Prúty SPORTEX Nova ULR RS-2;158,83;1;158,83;99,26;23;1;158,83;;152,48;149,30;146,12;142,95;139,77;136,59;133,42;130,24;127,06;119,12
54645;492;Šnúra DELPHIN 8K Cross kamufláž;9,95;1;9,95;4,75;23;1;8,46;25;8,46;8,46;8,46;8,46;8,46;8,46;8,36;8,16;7,96;7,46
54646;492;Šnúra DELPHIN 8K Cross kamufláž;9,95;1;9,95;4,75;23;1;8,46;25;8,46;8,46;8,46;8,46;8,46;8,46;8,36;8,16;7,96;7,46
81092;;Nástraha FOX Spiky Shads Bulk 9cm;1,13;1;1,13;0,50;23;1;1,13;;1,08;1,06;1,04;1,02;0,99;0,97;0,95;0,93;0,90;0,85
103800;493;Boilie STARBAITS Mass Baiting Spicy Salmon;28,95;1;28,95;13,70;23;1;28,95;;27,79;27,21;26,63;26,06;25,48;24,90;24,32;23,74;23,16;21,71
103801;493;Boilie STARBAITS Mass Baiting Spicy Salmon;28,95;1;28,95;13,64;23;1;28,95;;27,79;27,21;26,63;26,06;25,48;24,90;24,32;23,74;23,16;21,71
103802;493;Boilie STARBAITS Mass Baiting Spicy Salmon;28,95;1;28,95;13,64;23;1;28,95;;27,79;27,21;26,63;26,06;25,48;24,90;24,32;23,74;23,16;21,71
40224;;Stolík Leeda Speciman Bivvy Table;23,39;1;23,39;12,57;23;1;23,39;;22,45;21,99;21,52;21,05;20,58;20,12;19,65;19,18;18,71;17,54
69801;;Krmivo CARPZOOM Carp Fiesta Vanilka;2,95;1;2,95;1,65;23;1;2,95;;2,83;2,77;2,71;2,66;2,60;2,54;2,48;2,42;2,36;2,21
01029;;Uterák FRENDO Hiker L Green;9,74;1;9,74;7,62;23;1;9,74;;9,35;9,16;8,96;8,77;8,57;8,38;8,18;7,99;7,79;7,31
65649;;Stojan SPORTS Rod Pod Complete Quick Set;34,54;1;34,54;21,23;23;1;34,54;;33,16;32,47;31,78;31,09;30,40;29,70;29,01;28,32;27,63;25,91
89647;494;Prút DELPHIN River Trophy NXT;86,95;1;86,95;45,14;23;1;73,91;25;73,91;73,91;73,91;73,91;73,91;73,91;73,04;71,30;69,56;65,21
89648;494;Prút DELPHIN River Trophy NXT;89,95;1;89,95;47,83;23;1;76,46;25;76,46;76,46;76,46;76,46;76,46;76,46;75,56;73,76;71,96;67,46
89649;494;Prút DELPHIN River Trophy NXT;99,95;1;99,95;53,21;23;1;84,96;25;84,96;84,96;84,96;84,96;84,96;84,96;83,96;81,96;79,96;74,96
89650;494;Prút DELPHIN River Trophy NXT;106,95;1;106,95;57,50;23;1;90,91;25;90,91;90,91;90,91;90,91;90,91;90,91;89,84;87,70;85,56;80,21
111097;495;Kajak s pedálmi FEEL FREE Moken 12.5 PDL, 385 cm;2299,01;1;2299,01;1931,16;23;1;2299,01;;2207,05;2161,07;2115,09;2069,11;2023,13;1977,15;1931,17;1885,19;1839,21;1724,26
111098;495;Kajak s pedálmi FEEL FREE Moken 12.5 PDL, 385 cm;2299,01;1;2299,01;1931,16;23;1;2299,01;;2207,05;2161,07;2115,09;2069,11;2023,13;1977,15;1931,17;1885,19;1839,21;1724,26
111099;495;Kajak s pedálmi FEEL FREE Moken 12.5 PDL, 385 cm;2299,01;1;2299,01;1931,16;23;1;2299,01;;2207,05;2161,07;2115,09;2069,11;2023,13;1977,15;1931,17;1885,19;1839,21;1724,26
111100;495;Kajak s pedálmi FEEL FREE Moken 12.5 PDL, 385 cm;2299,01;1;2299,01;1931,16;23;1;2299,01;;2207,05;2161,07;2115,09;2069,11;2023,13;1977,15;1931,17;1885,19;1839,21;1724,26
111101;495;Kajak s pedálmi FEEL FREE Moken 12.5 PDL, 385 cm;2299,01;1;2299,01;1931,16;23;1;2299,01;;2207,05;2161,07;2115,09;2069,11;2023,13;1977,15;1931,17;1885,19;1839,21;1724,26
40340;496;Plavák Hell-Cat;4,33;1;4,33;2,20;23;1;4,33;;4,16;4,07;3,98;3,90;3,81;3,72;3,64;3,55;3,46;3,25
40341;496;Plavák Hell-Cat;5,52;1;5,52;2,92;23;1;5,52;;5,30;5,19;5,08;4,97;4,86;4,75;4,64;4,53;4,42;4,14
40342;496;Plavák Hell-Cat;7,11;1;7,11;3,76;23;1;7,11;;6,83;6,68;6,54;6,40;6,26;6,11;5,97;5,83;5,69;5,33
40343;496;Plavák Hell-Cat;9,89;1;9,89;5,03;23;1;9,89;;9,49;9,30;9,10;8,90;8,70;8,51;8,31;8,11;7,91;7,42
40344;496;Plavák Hell-Cat;11,48;1;11,48;5,84;23;1;11,48;;11,02;10,79;10,56;10,33;10,10;9,87;9,64;9,41;9,18;8,61
7080;;Wolfrámový náväzec MIKADO Lithanium;1,59;1;1,59;0,61;23;1;1,45;25;1,45;1,45;1,45;1,43;1,40;1,37;1,34;1,30;1,27;1,19
92220;497;Nadväzec DELPHIN FLR D-Rig Barb;4,70;1;4,70;2,44;23;1;4,00;25;4,00;4,00;4,00;4,00;4,00;4,00;3,95;3,85;3,76;3,53
92221;497;Nadväzec DELPHIN FLR D-Rig Barb;4,70;1;4,70;2,44;23;1;4,00;25;4,00;4,00;4,00;4,00;4,00;4,00;3,95;3,85;3,76;3,53
89709;498;Šnúra DELPHIN Boxer 4 Fluo žltá;11,96;1;11,96;6,05;23;1;10,17;25;10,17;10,17;10,17;10,17;10,17;10,17;10,05;9,81;9,57;8,97
89712;498;Šnúra DELPHIN Boxer 4 Fluo žltá;14,94;1;14,94;7,68;23;1;12,70;25;12,70;12,70;12,70;12,70;12,70;12,70;12,55;12,25;11,95;11,21
89713;498;Šnúra DELPHIN Boxer 4 Fluo žltá;16,95;1;16,95;8,68;23;1;14,41;25;14,41;14,41;14,41;14,41;14,41;14,41;14,24;13,90;13,56;12,71
89714;498;Šnúra DELPHIN Boxer 4 Fluo žltá;18,50;1;18,50;9,21;23;1;15,73;25;15,73;15,73;15,73;15,73;15,73;15,73;15,54;15,17;14,80;13,88
81439;;Naviják FOX FX11;179,36;1;179,36;90,41;23;1;179,36;;172,19;168,60;165,01;161,42;157,84;154,25;150,66;147,08;143,49;134,52
73016;;Dropper STARBAITS Performance SK30;10,50;1;10,50;5,15;23;1;10,50;;10,08;9,87;9,66;9,45;9,24;9,03;8,82;8,61;8,40;7,88
92272;499;Prút DELPHIN Amulet Spin;25,95;1;25,95;13,49;23;1;22,06;25;22,06;22,06;22,06;22,06;22,06;22,06;21,80;21,28;20,76;19,46
92273;499;Prút DELPHIN Amulet Spin;26,95;1;26,95;14,58;23;1;22,91;25;22,91;22,91;22,91;22,91;22,91;22,91;22,64;22,10;21,56;20,21
92274;499;Prút DELPHIN Amulet Spin;27,95;1;27,95;15,12;23;1;23,76;25;23,76;23,76;23,76;23,76;23,76;23,76;23,48;22,92;22,36;20,96
29811;500;Pelety MIKBAITS Slivka Halibut v dipe;4,12;1;4,12;2,95;23;1;4,12;10;3,96;3,87;3,79;3,71;3,71;3,71;3,71;3,71;3,71;3,71
29812;500;Pelety MIKBAITS Slivka Halibut v dipe;4,12;1;4,12;2,95;23;1;4,12;10;3,96;3,87;3,79;3,71;3,71;3,71;3,71;3,71;3,71;3,71
65705;;Magnet GEOFF Anderson WizTool Magnet;8,97;1;8,97;6,44;23;1;8,97;;8,61;8,43;8,25;8,07;7,89;7,71;7,53;7,36;7,18;6,73
89757;501;Chemické svetlo DELPHIN Comet Bar;0,70;1;0,70;0,28;23;1;0,60;25;0,60;0,60;0,60;0,60;0,60;0,60;0,59;0,57;0,56;0,53
89758;501;Chemické svetlo DELPHIN Comet Bar;0,70;1;0,70;0,28;23;1;0,60;25;0,60;0,60;0,60;0,60;0,60;0,60;0,59;0,57;0,56;0,53
111129;502;Ponožky Geoff Anderson WizWool Heavy Weight šedé;29,95;1;29,95;20,37;23;1;29,95;;28,75;28,15;27,55;26,96;26,36;25,76;25,16;24,56;23,96;22,46
111130;502;Ponožky Geoff Anderson WizWool Heavy Weight šedé;29,95;1;29,95;20,37;23;1;29,95;;28,75;28,15;27,55;26,96;26,36;25,76;25,16;24,56;23,96;22,46
111131;502;Ponožky Geoff Anderson WizWool Heavy Weight šedé;29,95;1;29,95;20,37;23;1;29,95;;28,75;28,15;27,55;26,96;26,36;25,76;25,16;24,56;23,96;22,46
81572;;Set signalizátorov FOX Micron RX+ 4+1;999,99;1;999,99;619,99;23;1;999,99;;959,99;939,99;919,99;899,99;879,99;859,99;839,99;819,99;799,99;749,99
40644;;Šnúra HELL-CAT Ultra Braid Strong;17,79;1;17,79;8,05;23;1;17,79;;17,08;16,72;16,37;16,01;15,66;15,30;14,94;14,59;14,23;13,34
92288;503;Prút DELPHIN Scroll TeleCarp;56,95;1;56,95;30,79;23;1;48,41;25;48,41;48,41;48,41;48,41;48,41;48,41;47,84;46,70;45,56;42,71
92289;503;Prút DELPHIN Scroll TeleCarp;62,95;1;62,95;34,02;23;1;53,51;25;53,51;53,51;53,51;53,51;53,51;53,51;52,88;51,62;50,36;47,21
92290;503;Prút DELPHIN Scroll TeleCarp;66,95;1;66,95;35,10;23;1;56,91;25;56,91;56,91;56,91;56,91;56,91;56,91;56,24;54,90;53,56;50,21
100117;;Podsedák CARP CARE Camo na lavičku do člna;13,22;1;13,22;6,80;23;1;13,22;;12,69;12,43;12,16;11,90;11,63;11,37;11,10;10,84;10,58;9,92
89811;504;Šnúra DELPHIN Hero 8 žltá;9,95;1;9,95;5,10;23;1;8,46;25;8,46;8,46;8,46;8,46;8,46;8,46;8,36;8,16;7,96;7,46
89815;504;Šnúra DELPHIN Hero 8 žltá;20,95;1;20,95;10,73;23;1;17,81;25;17,81;17,81;17,81;17,81;17,81;17,81;17,60;17,18;16,76;15,71
55126;;Stojan MIVARDI RodPod Hardcore XL;149,99;1;149,99;76,52;23;1;134,99;10;134,99;134,99;134,99;134,99;134,99;134,99;134,99;134,99;134,99;134,99
40722;505;Prút Hell-Cat Kronos Black Edition;138,95;1;138,95;70,66;23;1;138,95;;133,39;130,61;127,83;125,06;122,28;119,50;116,72;113,94;111,16;104,21
40724;505;Prút Hell-Cat Kronos Black Edition;134,97;1;134,97;71,30;23;1;134,97;;129,57;126,87;124,17;121,47;118,77;116,07;113,37;110,68;107,98;101,23
73618;506;Krmivo MONDIAL F Powermix Carp;7,20;1;7,20;3,36;23;1;7,20;;6,91;6,77;6,62;6,48;6,34;6,19;6,05;5,90;5,76;5,40
73619;506;Krmivo MONDIAL F Powermix Carp;7,20;1;7,20;3,36;23;1;7,20;;6,91;6,77;6,62;6,48;6,34;6,19;6,05;5,90;5,76;5,40
73620;506;Krmivo MONDIAL F Powermix Carp;7,20;1;7,20;3,36;23;1;7,20;;6,91;6,77;6,62;6,48;6,34;6,19;6,05;5,90;5,76;5,40
73621;506;Krmivo MONDIAL F Powermix Carp;7,20;1;7,20;3,20;23;1;7,20;;6,91;6,77;6,62;6,48;6,34;6,19;6,05;5,90;5,76;5,40
73630;506;Krmivo MONDIAL F Powermix Carp;3,20;1;3,20;1,50;23;1;3,20;;3,07;3,01;2,94;2,88;2,82;2,75;2,69;2,62;2,56;2,40
73631;506;Krmivo MONDIAL F Powermix Carp;3,20;1;3,20;1,50;23;1;3,20;;3,07;3,01;2,94;2,88;2,82;2,75;2,69;2,62;2,56;2,40
73632;506;Krmivo MONDIAL F Powermix Carp;3,20;1;3,20;1,57;23;1;3,20;;3,07;3,01;2,94;2,88;2,82;2,75;2,69;2,62;2,56;2,40
73633;506;Krmivo MONDIAL F Powermix Carp;3,20;1;3,20;1,43;23;1;3,20;;3,07;3,01;2,94;2,88;2,82;2,75;2,69;2,62;2,56;2,40
74214;506;Krmivo MONDIAL F Powermix Carp;3,20;1;3,20;1,50;23;1;3,20;;3,07;3,01;2,94;2,88;2,82;2,75;2,69;2,62;2,56;2,40
100171;507;Pršiplášť ROBINSON Rainman;28,79;1;28,79;13,09;23;1;28,79;;27,64;27,06;26,49;25,91;25,34;24,76;24,18;23,61;23,03;21,59
100172;507;Pršiplášť ROBINSON Rainman;35,26;1;35,26;13,09;23;1;35,26;;33,85;33,14;32,44;31,73;31,03;30,32;29,62;28,91;28,21;26,45
100173;507;Pršiplášť ROBINSON Rainman;35,26;1;35,26;13,09;23;1;35,26;;33,85;33,14;32,44;31,73;31,03;30,32;29,62;28,91;28,21;26,45
100174;507;Pršiplášť ROBINSON Rainman;34,40;1;34,40;13,09;23;1;34,40;;33,02;32,34;31,65;30,96;30,27;29,58;28,90;28,21;27,52;25,80
65741;508;Prút SPORTEX Catapult CS-4 Stalker;204,95;1;204,95;139,37;23;1;204,95;;196,75;192,65;188,55;184,46;180,36;176,26;172,16;168,06;163,96;153,71
65742;508;Prút SPORTEX Catapult CS-4 Stalker;210,07;1;210,07;126,75;23;1;210,07;;201,67;197,47;193,26;189,06;184,86;180,66;176,46;172,26;168,06;157,55
55217;;Adaptér MIVARDI D25 na kreslo Comfort;10,25;1;10,25;5,00;23;1;9,23;10;9,23;9,23;9,23;9,23;9,23;9,23;9,23;9,23;9,23;9,23
82338;;"Dáždnik FOX 60"" Camo Brolly";112,74;1;112,74;56,83;23;1;112,74;;108,23;105,98;103,72;101,47;99,21;96,96;94,70;92,45;90,19;84,56
103919;509;Kopyto GUNKI Bump Contest 8 cm;1,30;1;1,30;0,66;23;1;1,30;;1,25;1,22;1,20;1,17;1,14;1,12;1,09;1,07;1,04;0,98
103920;509;Kopyto GUNKI Bump Contest 8 cm;1,30;1;1,30;0,66;23;1;1,30;;1,25;1,22;1,20;1,17;1,14;1,12;1,09;1,07;1,04;0,98
103921;509;Kopyto GUNKI Bump Contest 8 cm;1,30;1;1,30;0,66;23;1;1,30;;1,25;1,22;1,20;1,17;1,14;1,12;1,09;1,07;1,04;0,98
74577;509;Kopyto GUNKI Bump Contest 8 cm;1,30;1;1,30;0,66;23;1;1,30;;1,25;1,22;1,20;1,17;1,14;1,12;1,09;1,07;1,04;0,98
40792;;Sada 2 signalizátorov GIANTS FISHING TX2 s príposluchom;65,96;1;65,96;33,54;23;1;65,96;;63,32;62,00;60,68;59,36;58,04;56,73;55,41;54,09;52,77;49,47
73871;;Krmivo SENSAS 3000 Tench - Lieň;5,30;1;5,30;3,04;23;1;5,30;;5,09;4,98;4,88;4,77;4,66;4,56;4,45;4,35;4,24;3,98
100210;;Signalizátor CARPON AV pre sadu;31,77;1;31,77;15,60;23;1;31,77;;30,50;29,86;29,23;28,59;27,96;27,32;26,69;26,05;25,42;23,83
111178;;Sonda Active Imaging™ HD 3in1 (M/H) SideScan Fish Reveal;613,70;1;613,70;489,79;23;1;613,70;4;589,15;589,15;589,15;589,15;589,15;589,15;589,15;589,15;589,15;589,15
40857;510;Nárazové guličky GIANTS FISHING Rubber Beads Transparent Green;0,98;1;0,98;0,50;23;1;0,98;;0,94;0,92;0,90;0,88;0,86;0,84;0,82;0,80;0,78;0,74
40858;510;Nárazové guličky GIANTS FISHING Rubber Beads Transparent Green;0,98;1;0,98;0,50;23;1;0,98;;0,94;0,92;0,90;0,88;0,86;0,84;0,82;0,80;0,78;0,74
40859;510;Nárazové guličky GIANTS FISHING Rubber Beads Transparent Green;0,98;1;0,98;0,50;23;1;0,98;;0,94;0,92;0,90;0,88;0,86;0,84;0,82;0,80;0,78;0,74
40860;510;Nárazové guličky GIANTS FISHING Rubber Beads Transparent Green;1,07;1;1,07;0,54;23;1;1,07;;1,03;1,01;0,98;0,96;0,94;0,92;0,90;0,88;0,86;0,80
74283;;Taška STARBAITS Pro Carry All L;51,96;1;51,96;24,98;23;1;51,96;;49,88;48,84;47,80;46,76;45,72;44,69;43,65;42,61;41,57;38,97
92342;511;Tričko DELPHIN UV Armor 50+ Olive s kapucňou;31,96;1;31,96;16,73;23;1;27,17;25;27,17;27,17;27,17;27,17;27,17;27,17;26,85;26,21;25,57;23,97
92343;511;Tričko DELPHIN UV Armor 50+ Olive s kapucňou;31,96;1;31,96;17,27;23;1;27,17;25;27,17;27,17;27,17;27,17;27,17;27,17;26,85;26,21;25,57;23,97
92344;511;Tričko DELPHIN UV Armor 50+ Olive s kapucňou;31,96;1;31,96;17,27;23;1;27,17;25;27,17;27,17;27,17;27,17;27,17;27,17;26,85;26,21;25,57;23,97
92345;511;Tričko DELPHIN UV Armor 50+ Olive s kapucňou;31,96;1;31,96;17,27;23;1;27,17;25;27,17;27,17;27,17;27,17;27,17;27,17;26,85;26,21;25,57;23,97
92346;511;Tričko DELPHIN UV Armor 50+ Olive s kapucňou;31,96;1;31,96;17,27;23;1;27,17;25;27,17;27,17;27,17;27,17;27,17;27,17;26,85;26,21;25,57;23,97
92347;511;Tričko DELPHIN UV Armor 50+ Olive s kapucňou;31,96;1;31,96;17,27;23;1;27,17;25;27,17;27,17;27,17;27,17;27,17;27,17;26,85;26,21;25,57;23,97
100246;512;Navijak VDE-ROBINSON Method Freerunner FD;54,33;1;54,33;26,59;23;1;54,33;;52,16;51,07;49,98;48,90;47,81;46,72;45,64;44,55;43,46;40,75
100247;512;Navijak VDE-ROBINSON Method Freerunner FD;54,00;1;54,00;25,44;23;1;54,00;;51,84;50,76;49,68;48,60;47,52;46,44;45,36;44,28;43,20;40,50
100248;512;Navijak VDE-ROBINSON Method Freerunner FD;58,83;1;58,83;28,56;23;1;58,83;;56,48;55,30;54,12;52,95;51,77;50,59;49,42;48,24;47,06;44,12
100249;512;Navijak VDE-ROBINSON Method Freerunner FD;56,00;1;56,00;26,31;23;1;56,00;;53,76;52,64;51,52;50,40;49,28;48,16;47,04;45,92;44,80;42,00
65778;;Dipovaná umelá nástraha FishUp Tanta 5,1 cm, 9 ks;7,00;1;7,00;4,42;23;1;7,00;;6,72;6,58;6,44;6,30;6,16;6,02;5,88;5,74;5,60;5,25
40905;;Kreslo GIANTS FISHING Luxury XS Chair;134,97;1;134,97;71,30;23;1;134,97;;129,57;126,87;124,17;121,47;118,77;116,07;113,37;110,68;107,98;101,23
74330;513;Boilie STARBAITS Pro Red One Hard;8,70;1;8,70;4,17;23;1;8,70;;8,35;8,18;8,00;7,83;7,66;7,48;7,31;7,13;6,96;6,53
74331;513;Boilie STARBAITS Pro Red One Hard;8,70;1;8,70;4,48;23;1;8,70;;8,35;8,18;8,00;7,83;7,66;7,48;7,31;7,13;6,96;6,53
92358;514;Prút DELPHIN Magma Legend4ry Method;93,95;1;93,95;50,79;23;1;79,86;25;79,86;79,86;79,86;79,86;79,86;79,86;78,92;77,04;75,16;70,46
92359;514;Prút DELPHIN Magma Legend4ry Method;97,94;1;97,94;51,33;23;1;83,25;25;83,25;83,25;83,25;83,25;83,25;83,25;82,27;80,31;78,35;73,46
92360;514;Prút DELPHIN Magma Legend4ry Method;99,95;1;99,95;52,95;23;1;84,96;25;84,96;84,96;84,96;84,96;84,96;84,96;83,96;81,96;79,96;74,96
89940;;Vôňa DELPHIN CatchMe! Zubáč Green Tea;2,00;1;2,00;0,87;23;1;1,70;25;1,70;1,70;1,70;1,70;1,70;1,70;1,68;1,64;1,60;1,50
55504;515;Aminoliquid MIVARDI Rapid;6,99;1;6,99;3,06;23;1;6,29;10;6,29;6,29;6,29;6,29;6,29;6,29;6,29;6,29;6,29;6,29
56168;515;Aminoliquid MIVARDI Rapid;6,99;1;6,99;3,06;23;1;6,29;10;6,29;6,29;6,29;6,29;6,29;6,29;6,29;6,29;6,29;6,29
103958;516;Nástraha GUNKI Tipsy CXL 8,5 cm;0,70;1;0,70;0,35;23;1;0,70;;0,67;0,66;0,64;0,63;0,62;0,60;0,59;0,57;0,56;0,53
103959;516;Nástraha GUNKI Tipsy CXL 8,5 cm;0,70;1;0,70;0,35;23;1;0,70;;0,67;0,66;0,64;0,63;0,62;0,60;0,59;0,57;0,56;0,53
103960;516;Nástraha GUNKI Tipsy CXL 8,5 cm;0,82;1;0,82;0,35;23;1;0,82;;0,79;0,77;0,75;0,74;0,72;0,71;0,69;0,67;0,66;0,62
103961;516;Nástraha GUNKI Tipsy CXL 8,5 cm;0,82;1;0,82;0,35;23;1;0,82;;0,79;0,77;0,75;0,74;0,72;0,71;0,69;0,67;0,66;0,62
104378;516;Nástraha GUNKI Tipsy CXL 8,5 cm;0,70;1;0,70;0,29;23;1;0,70;;0,67;0,66;0,64;0,63;0,62;0,60;0,59;0,57;0,56;0,53
74610;516;Nástraha GUNKI Tipsy CXL 8,5 cm;0,82;1;0,82;0,35;23;1;0,82;;0,79;0,77;0,75;0,74;0,72;0,71;0,69;0,67;0,66;0,62
74611;516;Nástraha GUNKI Tipsy CXL 8,5 cm;0,70;1;0,70;0,35;23;1;0,70;;0,67;0,66;0,64;0,63;0,62;0,60;0,59;0,57;0,56;0,53
74612;516;Nástraha GUNKI Tipsy CXL 8,5 cm;0,82;1;0,82;0,35;23;1;0,82;;0,79;0,77;0,75;0,74;0,72;0,71;0,69;0,67;0,66;0,62
74613;516;Nástraha GUNKI Tipsy CXL 8,5 cm;0,70;1;0,70;0,35;23;1;0,70;;0,67;0,66;0,64;0,63;0,62;0,60;0,59;0,57;0,56;0,53
74518;;Krabička GUNKI Lure Box Open Sides M;8,79;1;8,79;3,77;23;1;8,79;;8,44;8,26;8,09;7,91;7,74;7,56;7,38;7,21;7,03;6,59
92374;517;Náhradné špičky DELPHIN Magma Legend4ry;30,95;1;30,95;16,19;23;1;26,31;25;26,31;26,31;26,31;26,31;26,31;26,31;26,00;25,38;24,76;23,21
92377;517;Náhradné špičky DELPHIN Magma Legend4ry;8,95;1;8,95;4,59;23;1;7,61;25;7,61;7,61;7,61;7,61;7,61;7,61;7,52;7,34;7,16;6,71
92378;517;Náhradné špičky DELPHIN Magma Legend4ry;11,96;1;11,96;6,21;23;1;10,17;25;10,17;10,17;10,17;10,17;10,17;10,17;10,05;9,81;9,57;8,97
100314;;Stoper METHOD FEEDER FANS Stopper;1,02;1;1,02;0,55;23;1;1,02;;0,98;0,96;0,94;0,92;0,90;0,88;0,86;0,84;0,82;0,77
30580;;Vankúš GABY Zubáč;21,89;1;21,89;13,78;23;1;21,89;10;21,01;20,58;20,14;19,70;19,70;19,70;19,70;19,70;19,70;19,70
90006;;Signalizátor DELPHIN DX1;19,50;1;19,50;10,49;23;1;16,58;25;16,58;16,58;16,58;16,58;16,58;16,58;16,38;15,99;15,60;14,63
112042;518;Nástraha HARMONY BAITS Super Worm, Cheese, 70 mm, 7 ks;6,49;1;6,49;3,90;23;1;6,49;;6,23;6,10;5,97;5,84;5,71;5,58;5,45;5,32;5,19;4,87
112043;518;Nástraha HARMONY BAITS Super Worm, Cheese, 70 mm, 7 ks;6,49;1;6,49;3,90;23;1;6,49;;6,23;6,10;5,97;5,84;5,71;5,58;5,45;5,32;5,19;4,87
112044;518;Nástraha HARMONY BAITS Super Worm, Cheese, 70 mm, 7 ks;6,49;1;6,49;3,90;23;1;6,49;;6,23;6,10;5,97;5,84;5,71;5,58;5,45;5,32;5,19;4,87
112045;518;Nástraha HARMONY BAITS Super Worm, Cheese, 70 mm, 7 ks;6,49;1;6,49;3,90;23;1;6,49;;6,23;6,10;5,97;5,84;5,71;5,58;5,45;5,32;5,19;4,87
112046;518;Nástraha HARMONY BAITS Super Worm, Cheese, 70 mm, 7 ks;6,49;1;6,49;3,90;23;1;6,49;;6,23;6,10;5,97;5,84;5,71;5,58;5,45;5,32;5,19;4,87
112047;518;Nástraha HARMONY BAITS Super Worm, Cheese, 70 mm, 7 ks;6,49;1;6,49;3,90;23;1;6,49;;6,23;6,10;5,97;5,84;5,71;5,58;5,45;5,32;5,19;4,87
112048;518;Nástraha HARMONY BAITS Super Worm, Cheese, 70 mm, 7 ks;6,49;1;6,49;3,90;23;1;6,49;;6,23;6,10;5,97;5,84;5,71;5,58;5,45;5,32;5,19;4,87
40983;;Spacák GIANTS FISHING 5 Season Maxi Camo Sleeping Bag;107,18;1;107,18;56,62;23;1;107,18;;102,89;100,75;98,61;96,46;94,32;92,17;90,03;87,89;85,74;80,39
74540;;Pelety STARBAITS Pro Monster Crab Mixed Pellets;20,95;1;20,95;9,29;23;1;20,95;;20,11;19,69;19,27;18,86;18,44;18,02;17,60;17,18;16,76;15,71
92392;519;Taška DELPHIN EVA Reaxe Bowler;13,95;1;13,95;7,26;23;1;11,86;25;11,86;11,86;11,86;11,86;11,86;11,86;11,72;11,44;11,16;10,46
92393;519;Taška DELPHIN EVA Reaxe Bowler;15,95;1;15,95;6,67;23;1;13,56;25;13,56;13,56;13,56;13,56;13,56;13,56;13,40;13,08;12,76;11,96
90084;;Držiak prútov DELPHIN WallHold;11,96;1;11,96;6,43;23;1;10,17;25;10,17;10,17;10,17;10,17;10,17;10,17;10,05;9,81;9,57;8,97
55575;;Sieťka MIVARDI Keepnet Classic MM3;4,81;1;4,81;2,28;23;1;4,33;10;4,33;4,33;4,33;4,33;4,33;4,33;4,33;4,33;4,33;4,33
103991;;Podberák GUNKI Clips Street;43,95;1;43,95;20,31;23;1;43,95;;42,19;41,31;40,43;39,56;38,68;37,80;36,92;36,04;35,16;32,96
92410;520;Prút DELPHIN ContaX IT 30T;49,95;1;49,95;25,23;23;1;42,46;25;42,46;42,46;42,46;42,46;42,46;42,46;41,96;40,96;39,96;37,46
92411;520;Prút DELPHIN ContaX IT 30T;51,96;1;51,96;26,85;23;1;44,17;25;44,17;44,17;44,17;44,17;44,17;44,17;43,65;42,61;41,57;38,97
92412;520;Prút DELPHIN ContaX IT 30T;56,95;1;56,95;29,54;23;1;48,41;25;48,41;48,41;48,41;48,41;48,41;48,41;47,84;46,70;45,56;42,71
100358;521;Krmítko Method Feeder Fans Flat Feeder for Pellet Mix;3,37;1;3,37;1,82;23;1;3,37;;3,24;3,17;3,10;3,03;2,97;2,90;2,83;2,76;2,70;2,53
100359;521;Krmítko Method Feeder Fans Flat Feeder for Pellet Mix;3,47;1;3,47;2,12;23;1;3,47;;3,33;3,26;3,19;3,12;3,05;2,98;2,91;2,85;2,78;2,60
100360;521;Krmítko Method Feeder Fans Flat Feeder for Pellet Mix;3,58;1;3,58;1,94;23;1;3,58;;3,44;3,37;3,29;3,22;3,15;3,08;3,01;2,94;2,86;2,69
30841;;Liquid MAINLINE Smart Liquid Fish;16,99;1;;;23;1;;;16,31;15,97;15,63;15,29;14,95;14,61;14,27;13,93;13,59;12,74
90101;522;Nástraha DELPHIN D Snax Waft Kukurica - Ananás;4,70;1;4,70;1,87;23;1;4,00;25;4,00;4,00;4,00;4,00;4,00;4,00;3,95;3,85;3,76;3,53
91494;522;Nástraha DELPHIN D Snax Waft Kukurica - Ananás;4,70;1;4,70;2,37;23;1;4,00;25;4,00;4,00;4,00;4,00;4,00;4,00;3,95;3,85;3,76;3,53
96963;523;Nástraha FANATIK Bulava FAT;10,25;1;10,25;5,52;23;1;6,15;;6,15;6,15;6,15;6,15;6,15;6,15;6,15;6,15;6,15;6,15
96964;523;Nástraha FANATIK Bulava FAT;10,25;1;10,25;5,52;23;1;6,15;;6,15;6,15;6,15;6,15;6,15;6,15;6,15;6,15;6,15;6,15
96965;523;Nástraha FANATIK Bulava FAT;10,25;1;10,25;5,52;23;1;6,15;;6,15;6,15;6,15;6,15;6,15;6,15;6,15;6,15;6,15;6,15
96966;523;Nástraha FANATIK Bulava FAT;10,25;1;10,25;5,52;23;1;6,15;;6,15;6,15;6,15;6,15;6,15;6,15;6,15;6,15;6,15;6,15
104030;;Dip sprej SENSAS Bombix Carp Tasty Spicy;6,80;1;6,80;3,73;23;1;6,80;;6,53;6,39;6,26;6,12;5,98;5,85;5,71;5,58;5,44;5,10
74599;524;Nástraha GUNKI Peps 12 cm;6,95;1;6,95;3,03;23;1;6,95;;6,67;6,53;6,39;6,26;6,12;5,98;5,84;5,70;5,56;5,21
74600;524;Nástraha GUNKI Peps 12 cm;6,95;1;6,95;3,56;23;1;6,95;;6,67;6,53;6,39;6,26;6,12;5,98;5,84;5,70;5,56;5,21
74753;524;Nástraha GUNKI Peps 12 cm;7,80;1;7,80;3,90;23;1;7,80;;7,49;7,33;7,18;7,02;6,86;6,71;6,55;6,40;6,24;5,85
82892;;SET = 3x signalizátor FOX Mini Micron X 3 Rod Set s príposluchom;292,11;1;292,11;148,83;23;1;292,11;;280,43;274,58;268,74;262,90;257,06;251,21;245,37;239,53;233,69;219,08
104051;525;Boilie STARBAITS Global Banana Cream, 10 kg;49,99;1;;;23;1;;;47,99;46,99;45,99;44,99;43,99;42,99;41,99;40,99;39,99;37,49
41437;;Prívlačová taška GIANTS FISHING Spinning Bag Deluxe MK2;31,73;1;31,73;16,14;23;1;31,73;;30,46;29,83;29,19;28,56;27,92;27,29;26,65;26,02;25,38;23,80
74632;;Krmivo SENSAS 3000 Carp Tasty Honey (med);5,30;1;5,30;2,50;23;1;5,30;;5,09;4,98;4,88;4,77;4,66;4,56;4,45;4,35;4,24;3,98
92444;;Kľúčenka DELPHIN Carpener s otváračom na fľaše, bronzová;2,90;1;2,90;1,56;23;1;2,47;25;2,47;2,47;2,47;2,47;2,47;2,47;2,44;2,38;2,32;2,18
30905;526;Montáž KORDA Dark Matter Action Pack;12,29;1;12,29;6,66;23;1;12,29;;11,80;11,55;11,31;11,06;10,82;10,57;10,32;10,08;9,83;9,22
30906;526;Montáž KORDA Dark Matter Action Pack;12,29;1;12,29;6,66;23;1;12,29;;11,80;11,55;11,31;11,06;10,82;10,57;10,32;10,08;9,83;9,22
90125;;Lopatka DELPHIN Dumper Full Mini;6,49;1;6,49;3,49;23;1;5,52;25;5,52;5,52;5,52;5,52;5,52;5,52;5,45;5,32;5,19;4,87
112350;527;Čln STARKBOAT DT-270 bez kýlu, tmavo šedý;680,01;1;680,01;476,00;23;1;680,01;10;652,81;639,21;625,61;612,01;612,01;612,01;612,01;612,01;612,01;612,01
112351;527;Čln STARKBOAT DT-270 bez kýlu, tmavo šedý;720,01;1;720,01;503,99;23;1;720,01;10;691,21;676,81;662,41;648,01;648,01;648,01;648,01;648,01;648,01;648,01
112352;527;Čln STARKBOAT DT-270 bez kýlu, tmavo šedý;620,01;1;620,01;433,99;23;1;620,01;10;595,21;582,81;570,41;558,01;558,01;558,01;558,01;558,01;558,01;558,01
112353;527;Čln STARKBOAT DT-270 bez kýlu, tmavo šedý;699,00;1;699,00;559,21;23;1;699,00;10;671,04;657,06;643,08;629,10;629,10;629,10;629,10;629,10;629,10;629,10
83062;;Podberák FOX Horizon X3 landing Net Two;124,99;1;;;23;1;;;119,99;117,49;114,99;112,49;109,99;107,49;104,99;102,49;99,99;93,74
97085;528;Nástraha KEITECH Swing Impact Fat 2,8 inch/ 7,11cm, bal. 8ks;7,69;1;7,69;4,84;23;1;7,69;;7,38;7,23;7,07;6,92;6,77;6,61;6,46;6,31;6,15;5,77
97088;528;Nástraha KEITECH Swing Impact Fat 2,8 inch/ 7,11cm, bal. 8ks;7,69;1;7,69;4,84;23;1;7,69;;7,38;7,23;7,07;6,92;6,77;6,61;6,46;6,31;6,15;5,77
97089;528;Nástraha KEITECH Swing Impact Fat 2,8 inch/ 7,11cm, bal. 8ks;7,69;1;7,69;3,26;23;1;7,69;;7,38;7,23;7,07;6,92;6,77;6,61;6,46;6,31;6,15;5,77
97230;528;Nástraha KEITECH Swing Impact Fat 2,8 inch/ 7,11cm, bal. 8ks;7,69;1;7,69;3,22;23;1;7,69;;7,38;7,23;7,07;6,92;6,77;6,61;6,46;6,31;6,15;5,77
97231;528;Nástraha KEITECH Swing Impact Fat 2,8 inch/ 7,11cm, bal. 8ks;7,69;1;7,69;3,22;23;1;7,69;;7,38;7,23;7,07;6,92;6,77;6,61;6,46;6,31;6,15;5,77
41453;;Rýchloupínacia poistka GIANTS FISHING Deluxe Metal Rod Lock;7,11;1;7,11;3,62;23;1;7,11;;6,83;6,68;6,54;6,40;6,26;6,11;5,97;5,83;5,69;5,33
31022;529;Háčiky ROBINSON Carpex Teflon S.Strong 1;2,25;1;2,25;1,06;23;1;2,25;;2,16;2,12;2,07;2,03;1,98;1,94;1,89;1,85;1,80;1,69
31024;529;Háčiky ROBINSON Carpex Teflon S.Strong 1;2,71;1;2,71;1,76;23;1;2,71;;2,60;2,55;2,49;2,44;2,38;2,33;2,28;2,22;2,17;2,03
90152;530;Háčiky DELPHIN Thorn Wider 11x;4,94;1;4,94;2,15;23;1;4,20;25;4,20;4,20;4,20;4,20;4,20;4,20;4,15;4,05;3,95;3,71
90153;530;Háčiky DELPHIN Thorn Wider 11x;4,94;1;4,94;2,15;23;1;4,20;25;4,20;4,20;4,20;4,20;4,20;4,20;4,15;4,05;3,95;3,71
90154;530;Háčiky DELPHIN Thorn Wider 11x;4,94;1;4,94;2,08;23;1;4,20;25;4,20;4,20;4,20;4,20;4,20;4,20;4,15;4,05;3,95;3,71
112366;531;Čln STARKBOAT DT-320 bez kýlu, zelený;799,00;1;799,00;559,29;23;1;799,00;10;767,04;751,06;735,08;719,10;719,10;719,10;719,10;719,10;719,10;719,10
112367;531;Čln STARKBOAT DT-320 bez kýlu, zelený;770,00;1;770,00;539,00;23;1;770,00;10;739,20;723,80;708,40;693,00;693,00;693,00;693,00;693,00;693,00;693,00
55747;532;Boilie MIVARDI Rapid Pop Up Reflex 10mm;6,99;1;6,99;2,91;23;1;6,29;10;6,29;6,29;6,29;6,29;6,29;6,29;6,29;6,29;6,29;6,29
55748;532;Boilie MIVARDI Rapid Pop Up Reflex 10mm;6,99;1;6,99;2,91;23;1;6,29;10;6,29;6,29;6,29;6,29;6,29;6,29;6,29;6,29;6,29;6,29
55750;532;Boilie MIVARDI Rapid Pop Up Reflex 10mm;6,99;1;6,99;2,91;23;1;6,29;10;6,29;6,29;6,29;6,29;6,29;6,29;6,29;6,29;6,29;6,29
55751;532;Boilie MIVARDI Rapid Pop Up Reflex 10mm;6,99;1;6,99;2,91;23;1;6,29;10;6,29;6,29;6,29;6,29;6,29;6,29;6,29;6,29;6,29;6,29
74749;;Partikel STARBAITS Ready Seeds SK30 Bright Tiger (tigrí orech);12,50;1;12,50;5,05;23;1;12,50;;12,00;11,75;11,50;11,25;11,00;10,75;10,50;10,25;10,00;9,38
19254;533;Hotová montáž CARPEX Anti Eject Rig;4,19;1;4,19;2,58;23;1;4,19;;4,02;3,94;3,85;3,77;3,69;3,60;3,52;3,44;3,35;3,14
31190;533;Hotová montáž CARPEX Anti Eject Rig;4,19;1;4,19;2,10;23;1;4,19;;4,02;3,94;3,85;3,77;3,69;3,60;3,52;3,44;3,35;3,14
31191;533;Hotová montáž CARPEX Anti Eject Rig;4,19;1;4,19;2,58;23;1;4,19;;4,02;3,94;3,85;3,77;3,69;3,60;3,52;3,44;3,35;3,14
31192;533;Hotová montáž CARPEX Anti Eject Rig;4,19;1;4,19;2,58;23;1;4,19;;4,02;3,94;3,85;3,77;3,69;3,60;3,52;3,44;3,35;3,14
90171;534;Rýchlospojka DELPHIN BOMB! Chain Snap;2,90;1;2,90;1,28;23;1;2,47;25;2,47;2,47;2,47;2,47;2,47;2,47;2,44;2,38;2,32;2,18
90172;534;Rýchlospojka DELPHIN BOMB! Chain Snap;2,90;1;2,90;1,28;23;1;2,47;25;2,47;2,47;2,47;2,47;2,47;2,47;2,44;2,38;2,32;2,18
90173;534;Rýchlospojka DELPHIN BOMB! Chain Snap;2,90;1;2,90;1,28;23;1;2,47;25;2,47;2,47;2,47;2,47;2,47;2,47;2,44;2,38;2,32;2,18
112382;;Podsedák STARKBOAT, 95 cm, šedý;40,00;1;40,00;20,00;23;1;40,00;10;38,40;37,60;36,80;36,00;36,00;36,00;36,00;36,00;36,00;36,00
83182;535;Ponožky FOX Thermolite Socks Black/ Orange;13,99;1;13,99;6,79;23;1;13,99;;13,43;13,15;12,87;12,59;12,31;12,03;11,75;11,47;11,19;10,49
83243;535;Ponožky FOX Thermolite Socks Black/ Orange;13,99;1;13,99;6,05;23;1;13,99;;13,43;13,15;12,87;12,59;12,31;12,03;11,75;11,47;11,19;10,49
104110;;Dip STARBAITS PRO Monster Crab Boost/ Glug;9,59;1;9,59;4,53;23;1;9,59;;9,21;9,01;8,82;8,63;8,44;8,25;8,06;7,86;7,67;7,19
41486;536;SET = 2x navijak GIANTS FISHING GXR Reel FS;55,50;1;55,50;29,33;23;1;55,50;;53,28;52,17;51,06;49,95;48,84;47,73;46,62;45,51;44,40;41,63
41487;536;SET = 2x navijak GIANTS FISHING GXR Reel FS;59,50;1;59,50;31,43;23;1;59,50;;57,12;55,93;54,74;53,55;52,36;51,17;49,98;48,79;47,60;44,63
55868;;Prevlek MIVARDI Tail Rubber;1,69;1;1,69;0,80;23;1;1,52;10;1,52;1,52;1,52;1,52;1,52;1,52;1,52;1,52;1,52;1,52
83230;537;Šnúra STRIKE KING Tour Grade Braid 150 m;20,49;1;20,49;9,50;23;1;20,49;;19,67;19,26;18,85;18,44;18,03;17,62;17,21;16,80;16,39;15,37
83231;537;Šnúra STRIKE KING Tour Grade Braid 150 m;20,49;1;20,49;9,50;23;1;20,49;;19,67;19,26;18,85;18,44;18,03;17,62;17,21;16,80;16,39;15,37
97409;538;Nástraha KEITECH Swing Impact 3 inch/ 7,62cm, bal. 10ks;6,25;1;6,25;3,22;23;1;6,25;;6,00;5,88;5,75;5,63;5,50;5,38;5,25;5,13;5,00;4,69
97413;538;Nástraha KEITECH Swing Impact 3 inch/ 7,62cm, bal. 10ks;6,25;1;6,25;3,22;23;1;6,25;;6,00;5,88;5,75;5,63;5,50;5,38;5,25;5,13;5,00;4,69
41500;;Naviják SHIMANO Big Baittrunner CI4 XTB LC;359,95;1;359,95;215,53;23;1;359,95;;345,55;338,35;331,15;323,96;316,76;309,56;302,36;295,16;287,96;269,96
100527;539;Vobler ROBINSON Marteen DR F70;7,60;1;7,60;3,68;23;1;7,60;;7,30;7,14;6,99;6,84;6,69;6,54;6,38;6,23;6,08;5,70
100528;539;Vobler ROBINSON Marteen DR F70;7,79;1;7,79;2,95;23;1;7,79;;7,48;7,32;7,17;7,01;6,86;6,70;6,54;6,39;6,23;5,84
100529;539;Vobler ROBINSON Marteen DR F70;7,79;1;7,79;2,95;23;1;7,79;;7,48;7,32;7,17;7,01;6,86;6,70;6,54;6,39;6,23;5,84
100530;539;Vobler ROBINSON Marteen DR F70;7,60;1;7,60;3,68;23;1;7,60;;7,30;7,14;6,99;6,84;6,69;6,54;6,38;6,23;6,08;5,70
100531;539;Vobler ROBINSON Marteen DR F70;7,79;1;7,79;2,95;23;1;7,79;;7,48;7,32;7,17;7,01;6,86;6,70;6,54;6,39;6,23;5,84
100532;539;Vobler ROBINSON Marteen DR F70;7,60;1;7,60;3,68;23;1;7,60;;7,30;7,14;6,99;6,84;6,69;6,54;6,38;6,23;6,08;5,70
100533;539;Vobler ROBINSON Marteen DR F70;7,79;1;7,79;2,95;23;1;7,79;;7,48;7,32;7,17;7,01;6,86;6,70;6,54;6,39;6,23;5,84
100534;539;Vobler ROBINSON Marteen DR F70;7,60;1;7,60;3,68;23;1;7,60;;7,30;7,14;6,99;6,84;6,69;6,54;6,38;6,23;6,08;5,70
100535;539;Vobler ROBINSON Marteen DR F70;7,60;1;7,60;3,68;23;1;7,60;;7,30;7,14;6,99;6,84;6,69;6,54;6,38;6,23;6,08;5,70
100536;539;Vobler ROBINSON Marteen DR F70;7,79;1;7,79;3,68;23;1;7,79;;7,48;7,32;7,17;7,01;6,86;6,70;6,54;6,39;6,23;5,84
100537;539;Vobler ROBINSON Marteen DR F70;7,79;1;7,79;3,68;23;1;7,79;;7,48;7,32;7,17;7,01;6,86;6,70;6,54;6,39;6,23;5,84
90227;540;Termoprádlo spodky DELPHIN Tundra Manor;19,50;1;19,50;10,89;23;1;16,58;25;16,58;16,58;16,58;16,58;16,58;16,58;16,38;15,99;15,60;14,63
90228;540;Termoprádlo spodky DELPHIN Tundra Manor;19,50;1;19,50;10,89;23;1;16,58;25;16,58;16,58;16,58;16,58;16,58;16,58;16,38;15,99;15,60;14,63
90231;540;Termoprádlo spodky DELPHIN Tundra Manor;18,50;1;18,50;10,89;23;1;15,73;25;15,73;15,73;15,73;15,73;15,73;15,73;15,54;15,17;14,80;13,88
112809;541;Mikina FISHING POINT Carp Cartel Wanted;49,00;1;49,00;39,00;23;1;49,00;;47,04;46,06;45,08;44,10;43,12;42,14;41,16;40,18;39,20;36,75
112810;541;Mikina FISHING POINT Carp Cartel Wanted;49,00;1;49,00;39,00;23;1;49,00;;47,04;46,06;45,08;44,10;43,12;42,14;41,16;40,18;39,20;36,75
112811;541;Mikina FISHING POINT Carp Cartel Wanted;49,00;1;49,00;39,00;23;1;49,00;;47,04;46,06;45,08;44,10;43,12;42,14;41,16;40,18;39,20;36,75
112812;541;Mikina FISHING POINT Carp Cartel Wanted;49,00;1;49,00;39,00;23;1;49,00;;47,04;46,06;45,08;44,10;43,12;42,14;41,16;40,18;39,20;36,75
112813;541;Mikina FISHING POINT Carp Cartel Wanted;49,00;1;49,00;39,00;23;1;49,00;;47,04;46,06;45,08;44,10;43,12;42,14;41,16;40,18;39,20;36,75
41554;;Peračník GIANTS FISHING Stiff Rig Wallet XL, na nadväzce;15,84;1;15,84;8,37;23;1;15,84;;15,21;14,89;14,57;14,26;13,94;13,62;13,31;12,99;12,67;11,88
90255;542;Oceľové lanko DELPHIN BOMB! s obratlíkom a karabínkou;0,28;1;0,28;0,12;23;1;0,24;25;0,24;0,24;0,24;0,24;0,24;0,24;0,24;0,23;0,22;0,21
90256;542;Oceľové lanko DELPHIN BOMB! s obratlíkom a karabínkou;0,20;1;0,20;0,12;23;1;0,17;25;0,17;0,17;0,17;0,17;0,17;0,17;0,17;0,16;0,16;0,15
90257;542;Oceľové lanko DELPHIN BOMB! s obratlíkom a karabínkou;0,20;1;0,20;0,12;23;1;0,17;25;0,17;0,17;0,17;0,17;0,17;0,17;0,17;0,16;0,16;0,15
90258;542;Oceľové lanko DELPHIN BOMB! s obratlíkom a karabínkou;0,28;1;0,28;0,13;23;1;0,24;25;0,24;0,24;0,24;0,24;0,24;0,24;0,24;0,23;0,22;0,21
90259;542;Oceľové lanko DELPHIN BOMB! s obratlíkom a karabínkou;0,21;1;0,21;0,13;23;1;0,18;25;0,18;0,18;0,18;0,18;0,18;0,18;0,18;0,17;0,17;0,16
90260;542;Oceľové lanko DELPHIN BOMB! s obratlíkom a karabínkou;0,20;1;0,20;0,13;23;1;0,17;25;0,17;0,17;0,17;0,17;0,17;0,17;0,17;0,16;0,16;0,15
90261;542;Oceľové lanko DELPHIN BOMB! s obratlíkom a karabínkou;0,28;1;0,28;0,12;23;1;0,24;25;0,24;0,24;0,24;0,24;0,24;0,24;0,24;0,23;0,22;0,21
90262;542;Oceľové lanko DELPHIN BOMB! s obratlíkom a karabínkou;0,22;1;0,22;0,12;23;1;0,19;25;0,19;0,19;0,19;0,19;0,19;0,19;0,18;0,18;0,18;0,17
112825;;Zrnková káva FISHING POINT Different Coffe v plechovke, 350 g;14,90;1;14,90;;23;1;14,90;;14,30;14,01;13,71;13,41;13,11;12,81;12,52;12,22;11,92;11,18
55987;;Lehátko MIVARDI CamoCode Express 6;109,99;1;109,99;56,95;23;1;98,99;10;98,99;98,99;98,99;98,99;98,99;98,99;98,99;98,99;98,99;98,99
83389;543;Nástraha FOX Slick Finesse UV Wakasagi;1,40;1;1,40;0,54;23;1;1,40;;1,34;1,32;1,29;1,26;1,23;1,20;1,18;1,15;1,12;1,05
83391;543;Nástraha FOX Slick Finesse UV Wakasagi;2,20;1;2,20;0,88;23;1;2,20;;2,11;2,07;2,02;1,98;1,94;1,89;1,85;1,80;1,76;1,65
98029;;Násadka TRACKER Proguide pod nohu;46,12;1;46,12;36,54;23;1;46,12;10;44,28;43,35;42,43;41,51;41,51;41,51;41,51;41,51;41,51;41,51
104170;;Nástraha GUNKI Boomer 21 g, Smelt Paradise M.S;9,59;1;9,59;5,93;23;1;9,59;;9,21;9,01;8,82;8,63;8,44;8,25;8,06;7,86;7,67;7,19
41577;;Okuliare GIANTS FISHING Polarized Glasses Street 2;17,84;1;17,84;9,05;23;1;17,84;;17,13;16,77;16,41;16,06;15,70;15,34;14,99;14,63;14,27;13,38
100565;544;Dropper Method Feeder Fans;5,62;1;5,62;3,74;23;1;5,62;;5,40;5,28;5,17;5,06;4,95;4,83;4,72;4,61;4,50;4,22
20091;544;Dropper Method Feeder Fans;6,14;1;6,14;3,74;23;1;6,14;;5,89;5,77;5,65;5,53;5,40;5,28;5,16;5,03;4,91;4,61
20092;544;Dropper Method Feeder Fans;8,00;1;8,00;4,00;23;1;8,00;;7,68;7,52;7,36;7,20;7,04;6,88;6,72;6,56;6,40;6,00
20093;544;Dropper Method Feeder Fans;5,62;1;5,62;3,74;23;1;5,62;;5,40;5,28;5,17;5,06;4,95;4,83;4,72;4,61;4,50;4,22
31524;;Retiazkový swinger CARPEX Hanger červený;4,26;1;4,26;2,46;23;1;4,26;;4,09;4,00;3,92;3,83;3,75;3,66;3,58;3,49;3,41;3,20
56015;;Swinger MIVARDI Hanger MCX Stainless Carbon;15,99;1;15,99;8,01;23;1;14,39;10;14,39;14,39;14,39;14,39;14,39;14,39;14,39;14,39;14,39;14,39
104191;545;Boilie STARBAITS Pro Banana Nut, 200 g;6,40;1;6,40;3,02;23;1;6,40;;6,14;6,02;5,89;5,76;5,63;5,50;5,38;5,25;5,12;4,80
104192;545;Boilie STARBAITS Pro Banana Nut, 200 g;6,40;1;6,40;2,89;23;1;6,40;;6,14;6,02;5,89;5,76;5,63;5,50;5,38;5,25;5,12;4,80
74913;;SET SENSAS 3000 Carpes (kapor) = vedro + šiltovka + posilňovač + 4x krmivo;42,50;1;42,50;11,99;23;1;42,50;;40,80;39,95;39,10;38,25;37,40;36,55;35,70;34,85;34,00;31,88
31764;;Čiapka ROBINSON Camo Uni;8,19;1;8,19;3,49;23;1;8,19;;7,86;7,70;7,53;7,37;7,21;7,04;6,88;6,72;6,55;6,14
66159;;Silikónové gumičky CarpZoom Bait Band na pelety;1,57;1;1,57;0,94;23;1;1,57;;1,51;1,48;1,44;1,41;1,38;1,35;1,32;1,29;1,26;1,18
1301;546;Vlasec SUFIX TRITANIUM fluožltý;12,20;1;12,20;5,75;23;1;12,20;;11,71;11,47;11,22;10,98;10,74;10,49;10,25;10,00;9,76;9,15
1302;546;Vlasec SUFIX TRITANIUM fluožltý;11,89;1;11,89;7,81;23;1;11,89;;11,41;11,18;10,94;10,70;10,46;10,23;9,99;9,75;9,51;8,92
56040;;Prístrešok MIVARDI Shelter Quick Set;61,00;1;61,00;33,51;23;1;54,90;10;54,90;54,90;54,90;54,90;54,90;54,90;54,90;54,90;54,90;54,90
104212;;Vobler ILLEX Suisen 4,3 cm;26,59;1;26,59;12,36;23;1;26,59;;25,53;24,99;24,46;23,93;23,40;22,87;22,34;21,80;21,27;19,94
66268;;Vylovovacie kliešte CARPZOOM s váhou;26,65;1;26,65;16,08;23;1;26,65;;25,58;25,05;24,52;23,99;23,45;22,92;22,39;21,85;21,32;19,99
99453;;Kolík HASWING k elektromotoru;4,27;1;4,27;2,74;23;1;4,27;10;4,10;4,01;3,93;3,84;3,84;3,84;3,84;3,84;3,84;3,84
104228;;Obojstranná krabička ILLEX Tackle Box Reversible 175 VC;7,50;1;7,50;3,48;23;1;7,50;;7,20;7,05;6,90;6,75;6,60;6,45;6,30;6,15;6,00;5,63
41683;;Držiak GIANTS FISHING Tip Rod Connector SML chemického svetla;1,96;1;1,96;0,94;23;1;1,96;;1,88;1,84;1,80;1,76;1,72;1,69;1,65;1,61;1,57;1,47
92603;547;Nohavice DELPHIN WinTrek;52,95;1;52,95;31,84;23;1;45,01;25;45,01;45,01;45,01;45,01;45,01;45,01;44,48;43,42;42,36;39,71
92604;547;Nohavice DELPHIN WinTrek;52,95;1;52,95;31,84;23;1;45,01;25;45,01;45,01;45,01;45,01;45,01;45,01;44,48;43,42;42,36;39,71
92605;547;Nohavice DELPHIN WinTrek;52,95;1;52,95;31,84;23;1;45,01;25;45,01;45,01;45,01;45,01;45,01;45,01;44,48;43,42;42,36;39,71
92606;547;Nohavice DELPHIN WinTrek;52,95;1;52,95;31,84;23;1;45,01;25;45,01;45,01;45,01;45,01;45,01;45,01;44,48;43,42;42,36;39,71
92607;547;Nohavice DELPHIN WinTrek;52,95;1;52,95;31,84;23;1;45,01;25;45,01;45,01;45,01;45,01;45,01;45,01;44,48;43,42;42,36;39,71
92608;547;Nohavice DELPHIN WinTrek;52,95;1;52,95;31,84;23;1;45,01;25;45,01;45,01;45,01;45,01;45,01;45,01;44,48;43,42;42,36;39,71
66398;;Sada ihiel CARPZOOM Entrant;3,39;1;3,39;1,97;23;1;3,39;;3,25;3,19;3,12;3,05;2,98;2,92;2,85;2,78;2,71;2,54
99526;;Kotviaci naviják STRONGER SH 35PRO;467,92;1;467,92;345,96;23;1;467,92;10;449,20;439,84;430,49;421,13;421,13;421,13;421,13;421,13;421,13;421,13
104246;548;Plandavka ILLEX Native Spoon, Spawning Vairon;7,50;1;7,50;3,51;23;1;7,50;;7,20;7,05;6,90;6,75;6,60;6,45;6,30;6,15;6,00;5,63
104247;548;Plandavka ILLEX Native Spoon, Spawning Vairon;8,40;1;8,40;3,96;23;1;8,40;;8,06;7,90;7,73;7,56;7,39;7,22;7,06;6,89;6,72;6,30
41715;;Sada silikónových riadov GIANTS FISHING Eazi Utensil Set s podložkou;16,64;1;16,64;8,96;23;1;16,64;;15,97;15,64;15,31;14,98;14,64;14,31;13,98;13,64;13,31;12,48
100624;;Muškárska spojka ROBINSON Transparentná, 3 ks;2,98;1;2,98;1,46;23;1;2,98;;2,86;2,80;2,74;2,68;2,62;2,56;2,50;2,44;2,38;2,24
33205;;Dip MIKBAITS Mamut Krab & Halibut, 200 ml;10,25;1;10,25;6,42;23;1;10,25;10;9,84;9,64;9,43;9,23;9,23;9,23;9,23;9,23;9,23;9,23
66593;;Čiapka QUANTUM Winter Cap Black/ Red Camou;19,42;1;19,42;8,79;23;1;19,42;;18,64;18,25;17,87;17,48;17,09;16,70;16,31;15,92;15,54;14,57
13609;;Plavák EXPERT predvážený;8,40;1;8,40;5,29;23;1;8,40;;8,06;7,90;7,73;7,56;7,39;7,22;7,06;6,89;6,72;6,30
99602;549;Motor HONDA BF4AH;1579,00;1;1579,00;;23;1;1579,00;3;1531,63;1531,63;1531,63;1531,63;1531,63;1531,63;1531,63;1531,63;1531,63;1531,63
99603;549;Motor HONDA BF4AH;1599,00;1;1599,00;;23;1;1599,00;3;1551,03;1551,03;1551,03;1551,03;1551,03;1551,03;1551,03;1551,03;1551,03;1551,03
66667;550;Háčiky BLACK CAT Ghost Rig DG Coating;10,50;1;10,50;5,25;23;1;10,50;;10,08;9,87;9,66;9,45;9,24;9,03;8,82;8,61;8,40;7,88
66705;550;Háčiky BLACK CAT Ghost Rig DG Coating;10,50;1;10,50;5,25;23;1;10,50;;10,08;9,87;9,66;9,45;9,24;9,03;8,82;8,61;8,40;7,88
56124;;Krmivo MIVARDI V1 Carp;6,99;1;6,99;3,85;23;1;6,29;10;6,29;6,29;6,29;6,29;6,29;6,29;6,29;6,29;6,29;6,29
100668;;Vobler ROBINSON Hogan F70, 7cm, 11g, Red Head;7,07;1;7,07;3,36;23;1;7,07;;6,79;6,65;6,50;6,36;6,22;6,08;5,94;5,80;5,66;5,30
14410;;Pevná podlaha KOLIBRI KM330;297,00;1;297,00;222,75;23;1;297,00;10;285,12;279,18;273,24;267,30;267,30;267,30;267,30;267,30;267,30;267,30
56153;;Krabička MIVARDI Mini 4;2,04;1;2,04;0,97;23;1;1,84;10;1,84;1,84;1,84;1,84;1,84;1,84;1,84;1,84;1,84;1,84
104298;;Peračník STARBAITS Magnet Rig Box Large na nadväzce;20,50;1;20,50;9,44;23;1;20,50;;19,68;19,27;18,86;18,45;18,04;17,63;17,22;16,81;16,40;15,38
41777;;Plávajúci vážiaci sak GIANTS FISHING Weigh Sling Floating Gaube;51,57;1;51,57;26,23;23;1;51,57;;49,51;48,48;47,44;46,41;45,38;44,35;43,32;42,29;41,26;38,68
100686;551;Vlasec METHOD FEEDER FANS Shock Profesional Carp Line Camo, 350 m;8,19;1;8,19;2,22;23;1;8,19;;7,86;7,70;7,53;7,37;7,21;7,04;6,88;6,72;6,55;6,14
100687;551;Vlasec METHOD FEEDER FANS Shock Profesional Carp Line Camo, 350 m;8,19;1;8,19;2,22;23;1;8,19;;7,86;7,70;7,53;7,37;7,21;7,04;6,88;6,72;6,55;6,14
100688;551;Vlasec METHOD FEEDER FANS Shock Profesional Carp Line Camo, 350 m;8,99;1;8,99;4,06;23;1;8,99;;8,63;8,45;8,27;8,09;7,91;7,73;7,55;7,37;7,19;6,74
100689;551;Vlasec METHOD FEEDER FANS Shock Profesional Carp Line Camo, 350 m;8,19;1;8,19;2,22;23;1;8,19;;7,86;7,70;7,53;7,37;7,21;7,04;6,88;6,72;6,55;6,14
66792;;Nálepka RADICAL Bloody Chicken Sticker;0,30;1;0,30;0,14;23;1;0,21;30;0,21;0,21;0,21;0,21;0,21;0,21;0,21;0,21;0,21;0,21
90600;;Moskytiéra na klobúk DELPHIN Shield C2G;7,95;1;7,95;4,28;23;1;6,76;25;6,76;6,76;6,76;6,76;6,76;6,76;6,68;6,52;6,36;5,96
14450;;Akumulátor CJ 12V, 4,5Ah;17,42;1;17,42;11,51;23;1;17,42;;16,72;16,37;16,03;15,68;15,33;14,98;14,63;14,28;13,94;13,07
56182;552;Boilie MIVARDI Rapid Platinum ProActive B17, 150 g;3,69;1;3,69;1,83;23;1;3,32;10;3,32;3,32;3,32;3,32;3,32;3,32;3,32;3,32;3,32;3,32
56183;552;Boilie MIVARDI Rapid Platinum ProActive B17, 150 g;3,69;1;3,69;1,83;23;1;3,32;10;3,32;3,32;3,32;3,32;3,32;3,32;3,32;3,32;3,32;3,32
104318;;Method mix STARBAITS Grab&Go Global Whisky Cola, 1,8 kg;7,29;1;7,29;3,42;23;1;7,29;;7,00;6,85;6,71;6,56;6,42;6,27;6,12;5,98;5,83;5,47
41808;;Nerezový thermo hrnček Giants Fishing Black Stainless 400ML;11,87;1;11,87;6,04;23;1;11,87;;11,40;11,16;10,92;10,68;10,45;10,21;9,97;9,73;9,50;8,90
100702;553;Vlasec METHOD FEEDER FANS Shock Profesional Carp Line Fluo, 650 m;13,32;1;13,32;3,61;23;1;13,32;;12,79;12,52;12,25;11,99;11,72;11,46;11,19;10,92;10,66;9,99
100703;553;Vlasec METHOD FEEDER FANS Shock Profesional Carp Line Fluo, 650 m;13,32;1;13,32;3,61;23;1;13,32;;12,79;12,52;12,25;11,99;11,72;11,46;11,19;10,92;10,66;9,99
100704;553;Vlasec METHOD FEEDER FANS Shock Profesional Carp Line Fluo, 650 m;13,32;1;13,32;3,61;23;1;13,32;;12,79;12,52;12,25;11,99;11,72;11,46;11,19;10,92;10,66;9,99
66850;554;Puzdro RHINO Rod Protector, 2 ks;12,20;1;12,20;3,98;23;1;12,20;;11,71;11,47;11,22;10,98;10,74;10,49;10,25;10,00;9,76;9,15
66851;554;Puzdro RHINO Rod Protector, 2 ks;12,20;1;12,20;3,98;23;1;12,20;;11,71;11,47;11,22;10,98;10,74;10,49;10,25;10,00;9,76;9,15
90686;555;Vlasec DELPHIN Queen Carp ružový;8,50;1;8,50;4,37;23;1;7,23;25;7,23;7,23;7,23;7,23;7,23;7,23;7,14;6,97;6,80;6,38
90687;555;Vlasec DELPHIN Queen Carp ružový;8,95;1;8,95;4,35;23;1;7,61;25;7,61;7,61;7,61;7,61;7,61;7,61;7,52;7,34;7,16;6,71
90688;555;Vlasec DELPHIN Queen Carp ružový;9,50;1;9,50;4,59;23;1;8,08;25;8,08;8,08;8,08;8,08;8,08;8,08;7,98;7,79;7,60;7,13
90689;555;Vlasec DELPHIN Queen Carp ružový;9,95;1;9,95;4,87;23;1;8,46;25;8,46;8,46;8,46;8,46;8,46;8,46;8,36;8,16;7,96;7,46
90692;555;Vlasec DELPHIN Queen Carp ružový;12,95;1;12,95;6,65;23;1;11,01;25;11,01;11,01;11,01;11,01;11,01;11,01;10,88;10,62;10,36;9,71
90693;555;Vlasec DELPHIN Queen Carp ružový;13,95;1;13,95;6,92;23;1;11,86;25;11,86;11,86;11,86;11,86;11,86;11,86;11,72;11,44;11,16;10,46
14499;556;Plávacia vesta Aquarius Standard;29,73;1;29,73;21,00;23;1;29,73;10;28,54;27,95;27,35;26,76;26,76;26,76;26,76;26,76;26,76;26,76
14501;556;Plávacia vesta Aquarius Standard;29,73;1;29,73;21,00;23;1;29,73;10;28,54;27,95;27,35;26,76;26,76;26,76;26,76;26,76;26,76;26,76
14503;556;Plávacia vesta Aquarius Standard;29,90;1;29,90;21,00;23;1;29,90;10;28,70;28,11;27,51;26,91;26,91;26,91;26,91;26,91;26,91;26,91
56202;;Partikel MIVARDI Method Krill;6,14;1;6,14;3,30;23;1;5,53;10;5,53;5,53;5,53;5,53;5,53;5,53;5,53;5,53;5,53;5,53
83615;557;Olovo FOX Edges Impact Inline;2,69;1;2,69;1,30;23;1;2,69;;2,58;2,53;2,47;2,42;2,37;2,31;2,26;2,21;2,15;2,02
83616;557;Olovo FOX Edges Impact Inline;2,89;1;2,89;1,40;23;1;2,89;;2,77;2,72;2,66;2,60;2,54;2,49;2,43;2,37;2,31;2,17
104336;;Kobra STARBAITS LCR Carbon 20/ 24 mm;55,95;1;55,95;25,23;23;1;55,95;;53,71;52,59;51,47;50,36;49,24;48,12;47,00;45,88;44,76;41,96
92725;558;Jig DELPHIN Tyre s držiakom;3,80;1;3,80;1,84;23;1;3,23;25;3,23;3,23;3,23;3,23;3,23;3,23;3,19;3,12;3,04;2,85
92726;558;Jig DELPHIN Tyre s držiakom;3,80;1;3,80;1,84;23;1;3,23;25;3,23;3,23;3,23;3,23;3,23;3,23;3,19;3,12;3,04;2,85
92727;558;Jig DELPHIN Tyre s držiakom;3,80;1;3,80;1,84;23;1;3,23;25;3,23;3,23;3,23;3,23;3,23;3,23;3,19;3,12;3,04;2,85
92728;558;Jig DELPHIN Tyre s držiakom;4,00;1;4,00;1,96;23;1;3,40;25;3,40;3,40;3,40;3,40;3,40;3,40;3,36;3,28;3,20;3,00
92729;558;Jig DELPHIN Tyre s držiakom;5,50;1;5,50;2,58;23;1;4,68;25;4,68;4,68;4,68;4,68;4,68;4,68;4,62;4,51;4,40;4,13
92732;558;Jig DELPHIN Tyre s držiakom;4,19;1;4,19;2,05;23;1;3,56;25;3,56;3,56;3,56;3,56;3,56;3,56;3,52;3,44;3,35;3,14
92733;558;Jig DELPHIN Tyre s držiakom;4,40;1;4,40;2,16;23;1;3,74;25;3,74;3,74;3,74;3,74;3,74;3,74;3,70;3,61;3,52;3,30
92734;558;Jig DELPHIN Tyre s držiakom;5,50;1;5,50;2,61;23;1;4,68;25;4,68;4,68;4,68;4,68;4,68;4,68;4,62;4,51;4,40;4,13
92735;558;Jig DELPHIN Tyre s držiakom;5,95;1;5,95;2,90;23;1;5,06;25;5,06;5,06;5,06;5,06;5,06;5,06;5,00;4,88;4,76;4,46
92736;558;Jig DELPHIN Tyre s držiakom;4,50;1;4,50;2,21;23;1;3,83;25;3,83;3,83;3,83;3,83;3,83;3,83;3,78;3,69;3,60;3,38
92737;558;Jig DELPHIN Tyre s držiakom;4,50;1;4,50;2,21;23;1;3,83;25;3,83;3,83;3,83;3,83;3,83;3,83;3,78;3,69;3,60;3,38
92738;558;Jig DELPHIN Tyre s držiakom;5,95;1;5,95;2,90;23;1;5,06;25;5,06;5,06;5,06;5,06;5,06;5,06;5,00;4,88;4,76;4,46
92739;558;Jig DELPHIN Tyre s držiakom;6,49;1;6,49;3,12;23;1;5,52;25;5,52;5,52;5,52;5,52;5,52;5,52;5,45;5,32;5,19;4,87
92741;558;Jig DELPHIN Tyre s držiakom;4,80;1;4,80;2,37;23;1;4,08;25;4,08;4,08;4,08;4,08;4,08;4,08;4,03;3,94;3,84;3,60
92742;558;Jig DELPHIN Tyre s držiakom;4,80;1;4,80;2,37;23;1;4,08;25;4,08;4,08;4,08;4,08;4,08;4,08;4,03;3,94;3,84;3,60
92743;558;Jig DELPHIN Tyre s držiakom;6,49;1;6,49;3,12;23;1;5,52;25;5,52;5,52;5,52;5,52;5,52;5,52;5,45;5,32;5,19;4,87
92744;558;Jig DELPHIN Tyre s držiakom;6,49;1;6,49;3,12;23;1;5,52;25;5,52;5,52;5,52;5,52;5,52;5,52;5,45;5,32;5,19;4,87
92746;558;Jig DELPHIN Tyre s držiakom;5,50;1;5,50;2,61;23;1;4,68;25;4,68;4,68;4,68;4,68;4,68;4,68;4,62;4,51;4,40;4,13
92748;558;Jig DELPHIN Tyre s držiakom;6,95;1;6,95;3,49;23;1;5,91;25;5,91;5,91;5,91;5,91;5,91;5,91;5,84;5,70;5,56;5,21
92749;558;Jig DELPHIN Tyre s držiakom;4,80;1;4,80;2,42;23;1;4,08;25;4,08;4,08;4,08;4,08;4,08;4,08;4,03;3,94;3,84;3,60
92751;558;Jig DELPHIN Tyre s držiakom;6,95;1;6,95;3,49;23;1;5,91;25;5,91;5,91;5,91;5,91;5,91;5,91;5,84;5,70;5,56;5,21
92754;558;Jig DELPHIN Tyre s držiakom;6,95;1;6,95;3,49;23;1;5,91;25;5,91;5,91;5,91;5,91;5,91;5,91;5,84;5,70;5,56;5,21
92757;558;Jig DELPHIN Tyre s držiakom;6,49;1;6,49;3,21;23;1;5,52;25;5,52;5,52;5,52;5,52;5,52;5,52;5,45;5,32;5,19;4,87
92760;558;Jig DELPHIN Tyre s držiakom;8,95;1;8,95;4,58;23;1;7,61;25;7,61;7,61;7,61;7,61;7,61;7,61;7,52;7,34;7,16;6,71
92765;558;Jig DELPHIN Tyre s držiakom;8,50;1;8,50;4,28;23;1;7,23;25;7,23;7,23;7,23;7,23;7,23;7,23;7,14;6,97;6,80;6,38
92770;558;Jig DELPHIN Tyre s držiakom;7,50;1;7,50;3,74;23;1;6,38;25;6,38;6,38;6,38;6,38;6,38;6,38;6,30;6,15;6,00;5,63
100723;;Nástraha ROBINSON Ripper Longinus, 18 cm, Pearl Blue;4,30;1;4,30;1,98;23;1;4,30;;4,13;4,04;3,96;3,87;3,78;3,70;3,61;3,53;3,44;3,23
33347;;Boilie MIKBAITS Maniaq NutraKrill, 30 mm, 300 g;7,20;1;7,20;5,49;23;1;7,20;10;6,91;6,77;6,62;6,48;6,48;6,48;6,48;6,48;6,48;6,48
66876;559;Nástraha BLACK CAT Battle Teaser Silent;17,37;1;17,37;5,67;23;1;17,37;;16,68;16,33;15,98;15,63;15,29;14,94;14,59;14,24;13,90;13,03
66878;559;Nástraha BLACK CAT Battle Teaser Silent;22,50;1;22,50;7,17;23;1;22,50;;21,60;21,15;20,70;20,25;19,80;19,35;18,90;18,45;18,00;16,88
56219;;Booster MIVARDI Method gel, Scopex & Vanilka;4,29;1;4,29;2,36;23;1;3,86;10;3,86;3,86;3,86;3,86;3,86;3,86;3,86;3,86;3,86;3,86
99732;560;Mikina OKFISH, olivová;28,65;1;28,65;13,34;23;1;28,65;;27,50;26,93;26,36;25,79;25,21;24,64;24,07;23,49;22,92;21,49
99733;560;Mikina OKFISH, olivová;28,65;1;28,65;13,34;23;1;28,65;;27,50;26,93;26,36;25,79;25,21;24,64;24,07;23,49;22,92;21,49
99736;560;Mikina OKFISH, olivová;28,65;1;28,65;13,34;23;1;28,65;;27,50;26,93;26,36;25,79;25,21;24,64;24,07;23,49;22,92;21,49
104353;;Navijak STARBAITS Tron 10000 FD;93,95;1;93,95;42,36;23;1;93,95;;90,19;88,31;86,43;84,56;82,68;80,80;78,92;77,04;75,16;70,46
75383;561;Jig KAMATSU Micro Special 3 ks;1,60;1;1,60;1,00;23;1;1,60;;1,54;1,50;1,47;1,44;1,41;1,38;1,34;1,31;1,28;1,20
75386;561;Jig KAMATSU Micro Special 3 ks;1,49;1;1,49;0,86;23;1;1,49;;1,43;1,40;1,37;1,34;1,31;1,28;1,25;1,22;1,19;1,12
75388;561;Jig KAMATSU Micro Special 3 ks;1,75;1;1,75;1,25;23;1;1,75;;1,68;1,65;1,61;1,58;1,54;1,51;1,47;1,44;1,40;1,31
33366;;Boilie MIKBAITS X-Class Krill, 4 kg;29,00;1;29,00;20,82;23;1;29,00;10;27,84;27,26;26,68;26,10;26,10;26,10;26,10;26,10;26,10;26,10
66906;;Plandavka QUANTUM Bloody Inliner 8g, Pearl/ Yellow;7,43;1;7,43;0,99;23;1;7,43;;7,13;6,98;6,84;6,69;6,54;6,39;6,24;6,09;5,94;5,57
14806;562;Štít KOLIBRI Dodger malý;97,38;1;97,38;71,25;23;1;97,38;10;93,48;91,54;89,59;87,64;87,64;87,64;87,64;87,64;87,64;87,64
14807;562;Štít KOLIBRI Dodger malý;95,01;1;95,01;71,25;23;1;95,01;10;91,21;89,31;87,41;85,51;85,51;85,51;85,51;85,51;85,51;85,51
14808;562;Štít KOLIBRI Dodger malý;120,00;1;120,00;90,00;23;1;120,00;10;115,20;112,80;110,40;108,00;108,00;108,00;108,00;108,00;108,00;108,00
83686;563;Tepláky FOX Collection Lightweight Jogger Green Black;32,99;1;32,99;17,05;23;1;32,99;;31,67;31,01;30,35;29,69;29,03;28,37;27,71;27,05;26,39;24,74
83687;563;Tepláky FOX Collection Lightweight Jogger Green Black;32,99;1;32,99;17,05;23;1;32,99;;31,67;31,01;30,35;29,69;29,03;28,37;27,71;27,05;26,39;24,74
83695;563;Tepláky FOX Collection Lightweight Jogger Green Black;32,99;1;32,99;17,05;23;1;32,99;;31,67;31,01;30,35;29,69;29,03;28,37;27,71;27,05;26,39;24,74
83727;563;Tepláky FOX Collection Lightweight Jogger Green Black;32,99;1;32,99;17,05;23;1;32,99;;31,67;31,01;30,35;29,69;29,03;28,37;27,71;27,05;26,39;24,74
75524;;Rovnátka MISTRALL hnedé;1,40;1;1,40;0,73;23;1;1,40;;1,34;1,32;1,29;1,26;1,23;1,20;1,18;1,15;1,12;1,05
90797;;Okuliare DELPHIN SG Atoma;22,95;1;22,95;11,81;23;1;19,51;25;19,51;19,51;19,51;19,51;19,51;19,51;19,28;18,82;18,36;17,21
14823;;Spevňovací pásik ULOW Liquid Patch;1,60;1;1,60;1,20;23;1;1,60;10;1,54;1,50;1,47;1,44;1,44;1,44;1,44;1,44;1,44;1,44
56260;564;Úchyt MIVARDI Sure-Lok Rest;8,19;1;8,19;3,88;23;1;7,37;10;7,37;7,37;7,37;7,37;7,37;7,37;7,37;7,37;7,37;7,37
56261;564;Úchyt MIVARDI Sure-Lok Rest;8,19;1;8,19;3,88;23;1;7,37;10;7,37;7,37;7,37;7,37;7,37;7,37;7,37;7,37;7,37;7,37
83717;;Hrnček FOX Collection Ceramic Mug Green Black;8,99;1;8,99;3,95;23;1;8,99;;8,63;8,45;8,27;8,09;7,91;7,73;7,55;7,37;7,19;6,74
104392;;Vobler GUNKI Knifehead 68 SP DR, Mud Chart;10,50;1;10,50;4,55;23;1;10,50;;10,08;9,87;9,66;9,45;9,24;9,03;8,82;8,61;8,40;7,88
41893;565;Obratlíky GIANTS FISHING Rolling Swivel;1,14;1;1,14;0,54;23;1;1,14;;1,09;1,07;1,05;1,03;1,00;0,98;0,96;0,93;0,91;0,86
41894;565;Obratlíky GIANTS FISHING Rolling Swivel;1,14;1;1,14;0,54;23;1;1,14;;1,09;1,07;1,05;1,03;1,00;0,98;0,96;0,93;0,91;0,86
41895;565;Obratlíky GIANTS FISHING Rolling Swivel;1,07;1;1,07;0,49;23;1;1,07;;1,03;1,01;0,98;0,96;0,94;0,92;0,90;0,88;0,86;0,80
41896;565;Obratlíky GIANTS FISHING Rolling Swivel;1,07;1;1,07;0,51;23;1;1,07;;1,03;1,01;0,98;0,96;0,94;0,92;0,90;0,88;0,86;0,80
41897;565;Obratlíky GIANTS FISHING Rolling Swivel;0,98;1;0,98;0,45;23;1;0,98;;0,94;0,92;0,90;0,88;0,86;0,84;0,82;0,80;0,78;0,74
41898;565;Obratlíky GIANTS FISHING Rolling Swivel;0,98;1;0,98;0,45;23;1;0,98;;0,94;0,92;0,90;0,88;0,86;0,84;0,82;0,80;0,78;0,74
41899;565;Obratlíky GIANTS FISHING Rolling Swivel;0,98;1;0,98;0,47;23;1;0,98;;0,94;0,92;0,90;0,88;0,86;0,84;0,82;0,80;0,78;0,74
41901;565;Obratlíky GIANTS FISHING Rolling Swivel;0,98;1;0,98;0,47;23;1;0,98;;0,94;0,92;0,90;0,88;0,86;0,84;0,82;0,80;0,78;0,74
100779;566;Krmítko Method Feeder Fans Flat Feeder Long Distance v.2;2,99;1;2,99;1,52;23;1;2,99;;2,87;2,81;2,75;2,69;2,63;2,57;2,51;2,45;2,39;2,24
100780;566;Krmítko Method Feeder Fans Flat Feeder Long Distance v.2;3,28;1;3,28;1,52;23;1;3,28;;3,15;3,08;3,02;2,95;2,89;2,82;2,76;2,69;2,62;2,46
100781;566;Krmítko Method Feeder Fans Flat Feeder Long Distance v.2;2,99;1;2,99;1,52;23;1;2,99;;2,87;2,81;2,75;2,69;2,63;2,57;2,51;2,45;2,39;2,24
3608;567;Silikónové gumičky STONFO;1,39;1;1,39;0,94;23;1;1,39;;1,33;1,31;1,28;1,25;1,22;1,20;1,17;1,14;1,11;1,04
3643;567;Silikónové gumičky STONFO;1,33;1;1,33;0,96;23;1;1,33;;1,28;1,25;1,22;1,20;1,17;1,14;1,12;1,09;1,06;1,00
67065;568;Háčiky MIKADO Jaws Offset;3,10;1;3,10;1,45;23;1;2,82;25;2,82;2,82;2,82;2,79;2,73;2,67;2,60;2,54;2,48;2,33
67066;568;Háčiky MIKADO Jaws Offset;3,10;1;3,10;1,45;23;1;2,82;25;2,82;2,82;2,82;2,79;2,73;2,67;2,60;2,54;2,48;2,33
67067;568;Háčiky MIKADO Jaws Offset;3,10;1;3,10;1,45;23;1;2,82;25;2,82;2,82;2,82;2,79;2,73;2,67;2,60;2,54;2,48;2,33
67068;568;Háčiky MIKADO Jaws Offset;3,10;1;3,10;1,45;23;1;2,88;25;2,88;2,88;2,85;2,79;2,73;2,67;2,60;2,54;2,48;2,33
67069;568;Háčiky MIKADO Jaws Offset;3,10;1;3,10;1,45;23;1;2,82;25;2,82;2,82;2,82;2,79;2,73;2,67;2,60;2,54;2,48;2,33
14840;;Lepidlo UNILEP D418;2,00;1;2,00;1,50;23;1;2,00;10;1,92;1,88;1,84;1,80;1,80;1,80;1,80;1,80;1,80;1,80
56272;569;Prút MIVARDI Atomium;68,99;1;68,99;34,56;23;1;62,09;10;62,09;62,09;62,09;62,09;62,09;62,09;62,09;62,09;62,09;62,09
56281;569;Prút MIVARDI Atomium;71,00;1;71,00;35,56;23;1;63,90;10;63,90;63,90;63,90;63,90;63,90;63,90;63,90;63,90;63,90;63,90
83736;570;Prút FOX Horizon X3 Abbreviated Handle;153,65;1;153,65;77,50;23;1;153,65;;147,50;144,43;141,36;138,29;135,21;132,14;129,07;125,99;122,92;115,24
83743;570;Prút FOX Horizon X3 Abbreviated Handle;122,41;1;122,41;51,36;23;1;122,41;;117,51;115,07;112,62;110,17;107,72;105,27;102,82;100,38;97,93;91,81
104408;;Nástraha ILLEX Runner Blade 7,2 cm, Pearl Bone;12,95;1;12,95;6,12;23;1;12,95;;12,43;12,17;11,91;11,66;11,40;11,14;10,88;10,62;10,36;9,71
100795;;Dezinfekcia METHOD FEEDER FANS Fish First Aid Clinic Clear, 50 ml;3,99;1;3,99;2,20;23;1;3,99;;3,83;3,75;3,67;3,59;3,51;3,43;3,35;3,27;3,19;2,99
67173;571;Plandavka MIKADO Ice Spoon 2,4cm;1,30;1;1,30;0,54;23;1;1,18;25;1,18;1,18;1,18;1,17;1,14;1,12;1,09;1,07;1,04;0,98
67174;571;Plandavka MIKADO Ice Spoon 2,4cm;1,37;1;1,37;0,50;23;1;1,25;25;1,25;1,25;1,25;1,23;1,21;1,18;1,15;1,12;1,10;1,03
67175;571;Plandavka MIKADO Ice Spoon 2,4cm;1,33;1;1,33;0,53;23;1;1,21;25;1,21;1,21;1,21;1,20;1,17;1,14;1,12;1,09;1,06;1,00
56288;572;Navijak MIVARDI Ajax;31,00;1;31,00;15,52;23;1;27,90;10;27,90;27,90;27,90;27,90;27,90;27,90;27,90;27,90;27,90;27,90
56289;572;Navijak MIVARDI Ajax;31,99;1;31,99;16,02;23;1;28,79;10;28,79;28,79;28,79;28,79;28,79;28,79;28,79;28,79;28,79;28,79
104425;;Vobler ILLEX Battle Minnow 80 F, Ghost Minnow;17,50;1;17,50;7,48;23;1;17,50;;16,80;16,45;16,10;15,75;15,40;15,05;14,70;14,35;14,00;13,13
41927;;Pikniková taška GIANTS FISHING Food Bag Compact;27,76;1;27,76;14,12;23;1;27,76;;26,65;26,09;25,54;24,98;24,43;23,87;23,32;22,76;22,21;20,82
100809;;Sprej Method Feeder Fans Spray 50 ml, N-Butyric Acid;3,99;1;3,99;1,80;23;1;3,99;;3,83;3,75;3,67;3,59;3,51;3,43;3,35;3,27;3,19;2,99
67284;;Montáž MIKADO Ready Leadcore Rigs With Safety;3,95;1;3,95;1,13;23;1;3,59;25;3,59;3,59;3,59;3,56;3,48;3,40;3,32;3,24;3,16;2,96
15811;573;Šnúra DELPHIN Carp Hook Line 6K;8,50;1;8,50;3,97;23;1;7,23;25;7,23;7,23;7,23;7,23;7,23;7,23;7,14;6,97;6,80;6,38
25265;573;Šnúra DELPHIN Carp Hook Line 6K;8,50;1;8,50;3,97;23;1;7,23;25;7,23;7,23;7,23;7,23;7,23;7,23;7,14;6,97;6,80;6,38
56304;;Prepravný box MIVARDI Hardcore s vekom, veľ. S;13,99;1;13,99;7,01;23;1;12,59;10;12,59;12,59;12,59;12,59;12,59;12,59;12,59;12,59;12,59;12,59
83764;574;Krátke nohavice FOX Rage Lightweight Short;39,99;1;39,99;20,00;23;1;39,99;;38,39;37,59;36,79;35,99;35,19;34,39;33,59;32,79;31,99;29,99
83765;574;Krátke nohavice FOX Rage Lightweight Short;39,99;1;39,99;20,00;23;1;39,99;;38,39;37,59;36,79;35,99;35,19;34,39;33,59;32,79;31,99;29,99
83766;574;Krátke nohavice FOX Rage Lightweight Short;39,99;1;39,99;17,78;23;1;39,99;;38,39;37,59;36,79;35,99;35,19;34,39;33,59;32,79;31,99;29,99
83767;574;Krátke nohavice FOX Rage Lightweight Short;39,99;1;39,99;20,00;23;1;39,99;;38,39;37,59;36,79;35,99;35,19;34,39;33,59;32,79;31,99;29,99
104441;;Nástraha SENSAS Method Wafters, Cesnak;5,95;1;5,95;2,68;23;1;5,95;;5,71;5,59;5,47;5,36;5,24;5,12;5,00;4,88;4,76;4,46
76430;575;Kevlarová šnúra OPTIMA Kevlar Tress;4,50;1;4,50;2,92;23;1;4,50;;4,32;4,23;4,14;4,05;3,96;3,87;3,78;3,69;3,60;3,38
76508;575;Kevlarová šnúra OPTIMA Kevlar Tress;4,50;1;4,50;2,92;23;1;4,50;;4,32;4,23;4,14;4,05;3,96;3,87;3,78;3,69;3,60;3,38
36286;;Príposluch ZICO Unicarp;43,55;1;43,55;20,06;23;1;43,55;;41,81;40,94;40,07;39,20;38,32;37,45;36,58;35,71;34,84;32,66
67347;;Brúska MIKADO Diamond Grooved Hook File;6,05;1;6,05;2,61;23;1;5,51;25;5,51;5,51;5,51;5,45;5,32;5,20;5,08;4,96;4,84;4,54
90891;;Ruksak DELPHIN Tranzporter Space C2G;112,95;1;112,95;36,32;23;1;96,01;25;96,01;96,01;96,01;96,01;96,01;96,01;94,88;92,62;90,36;84,71
16913;;Taška MIVARDI Executive;84,99;1;84,99;41,57;23;1;76,49;10;76,49;76,49;76,49;76,49;76,49;76,49;76,49;76,49;76,49;76,49
56324;;Svietiaca ihla MIVARDI Nite Glow Stringer Needle;3,99;1;3,99;1,88;23;1;3,59;10;3,59;3,59;3,59;3,59;3,59;3,59;3,59;3,59;3,59;3,59
83780;;Navijak MATRIX Aquos Ultra Reel 6000;77,99;1;77,99;43,33;23;1;77,99;;74,87;73,31;71,75;70,19;68,63;67,07;65,51;63,95;62,39;58,49
41977;;Puzdro GIANTS FISHING PVA-Lead Multi Bag na záťaže;49,61;1;49,61;26,20;23;1;49,61;;47,63;46,63;45,64;44,65;43,66;42,66;41,67;40,68;39,69;37,21
101043;576;Plávajúce boilie NIKL Crab, 50g;8,00;1;8,00;4,76;23;1;8,00;;7,68;7,52;7,36;7,20;7,04;6,88;6,72;6,56;6,40;6,00
101044;576;Plávajúce boilie NIKL Crab, 50g;6,45;1;6,45;3,43;23;1;6,45;;6,19;6,06;5,93;5,81;5,68;5,55;5,42;5,29;5,16;4,84
36321;577;Háčiky OWNER CT-1 Flyliner;4,15;1;4,15;1,86;23;1;4,15;;3,98;3,90;3,82;3,74;3,65;3,57;3,49;3,40;3,32;3,11
36322;577;Háčiky OWNER CT-1 Flyliner;4,15;1;4,15;1,94;23;1;4,15;;3,98;3,90;3,82;3,74;3,65;3,57;3,49;3,40;3,32;3,11
90917;;Púzdro DELPHIN Stick Space C2G na vidličky;20,95;1;20,95;11,08;23;1;17,81;25;17,81;17,81;17,81;17,81;17,81;17,81;17,60;17,18;16,76;15,71
17169;578;Vlasec AWA-SHIMA Ion Power Red Iso Fluorine;8,52;1;8,52;4,79;23;1;8,52;;8,18;8,01;7,84;7,67;7,50;7,33;7,16;6,99;6,82;6,39
17170;578;Vlasec AWA-SHIMA Ion Power Red Iso Fluorine;8,52;1;8,52;4,79;23;1;8,52;;8,18;8,01;7,84;7,67;7,50;7,33;7,16;6,99;6,82;6,39
17175;578;Vlasec AWA-SHIMA Ion Power Red Iso Fluorine;9,77;1;9,77;5,49;23;1;9,77;;9,38;9,18;8,99;8,79;8,60;8,40;8,21;8,01;7,82;7,33
56340;;SET = 2x navijak MIVARDI Alcon Carp MK2 6000;51,00;1;51,00;25,54;23;1;45,90;10;45,90;45,90;45,90;45,90;45,90;45,90;45,90;45,90;45,90;45,90
83791;579;Krátke legíny FOX WC Short Leggings;24,99;1;24,99;12,91;23;1;24,99;;23,99;23,49;22,99;22,49;21,99;21,49;20,99;20,49;19,99;18,74
83792;579;Krátke legíny FOX WC Short Leggings;24,99;1;24,99;12,91;23;1;24,99;;23,99;23,49;22,99;22,49;21,99;21,49;20,99;20,49;19,99;18,74
83793;579;Krátke legíny FOX WC Short Leggings;24,99;1;24,99;12,91;23;1;24,99;;23,99;23,49;22,99;22,49;21,99;21,49;20,99;20,49;19,99;18,74
83794;579;Krátke legíny FOX WC Short Leggings;24,99;1;24,99;12,91;23;1;24,99;;23,99;23,49;22,99;22,49;21,99;21,49;20,99;20,49;19,99;18,74
36341;;Držiak prúta - rohatinka ZICO predná;1,17;1;1,17;0,53;23;1;1,17;;1,12;1,10;1,08;1,05;1,03;1,01;0,98;0,96;0,94;0,88
90942;580;Navijak DELPHIN Redix SH;44,94;1;44,94;24,17;23;1;38,20;25;38,20;38,20;38,20;38,20;38,20;38,20;37,75;36,85;35,95;33,71
93670;580;Navijak DELPHIN Redix SH;42,95;1;42,95;23,21;23;1;36,51;25;36,51;36,51;36,51;36,51;36,51;36,51;36,08;35,22;34,36;32,21
93671;580;Navijak DELPHIN Redix SH;39,95;1;39,95;21,60;23;1;33,96;25;33,96;33,96;33,96;33,96;33,96;33,96;33,56;32,76;31,96;29,96
56356;;Batoh MIVARDI Entrix, 52 l;39,99;1;39,99;20,03;23;1;35,99;10;35,99;35,99;35,99;35,99;35,99;35,99;35,99;35,99;35,99;35,99
101104;;Chytacie pelety NIKL Jahody;3,87;1;3,87;2,32;23;1;3,87;;3,72;3,64;3,56;3,48;3,41;3,33;3,25;3,17;3,10;2,90
67503;581;Nadväzec MIKADO Jaws Fluorocarbon Leader Medium;1,60;1;1,60;0,63;23;1;1,46;25;1,46;1,46;1,46;1,44;1,41;1,38;1,34;1,31;1,28;1,20
67504;581;Nadväzec MIKADO Jaws Fluorocarbon Leader Medium;1,89;1;1,89;0,71;23;1;1,72;25;1,72;1,72;1,72;1,70;1,66;1,63;1,59;1,55;1,51;1,42
67505;581;Nadväzec MIKADO Jaws Fluorocarbon Leader Medium;1,49;1;1,49;0,62;23;1;1,36;25;1,36;1,36;1,36;1,34;1,31;1,28;1,25;1,22;1,19;1,12
67506;581;Nadväzec MIKADO Jaws Fluorocarbon Leader Medium;1,99;1;1,99;0,87;23;1;1,81;25;1,81;1,81;1,81;1,79;1,75;1,71;1,67;1,63;1,59;1,49
67508;581;Nadväzec MIKADO Jaws Fluorocarbon Leader Medium;1,99;1;1,99;0,86;23;1;1,81;25;1,81;1,81;1,81;1,79;1,75;1,71;1,67;1,63;1,59;1,49
17495;582;Vlasec AWA´S Ion Power Sandstorm LCS 600 m;18,49;1;18,49;9,89;23;1;18,49;;17,75;17,38;17,01;16,64;16,27;15,90;15,53;15,16;14,79;13,87
17496;582;Vlasec AWA´S Ion Power Sandstorm LCS 600 m;19,32;1;19,32;10,34;23;1;19,32;;18,55;18,16;17,77;17,39;17,00;16,62;16,23;15,84;15,46;14,49
17498;582;Vlasec AWA´S Ion Power Sandstorm LCS 600 m;20,76;1;20,76;11,11;23;1;20,76;;19,93;19,51;19,10;18,68;18,27;17,85;17,44;17,02;16,61;15,57
56372;583;Prsačky MIVARDI Hardcore MC;58,99;1;58,99;29,61;23;1;53,09;10;53,09;53,09;53,09;53,09;53,09;53,09;53,09;53,09;53,09;53,09
56373;583;Prsačky MIVARDI Hardcore MC;58,99;1;58,99;29,91;23;1;53,09;10;53,09;53,09;53,09;53,09;53,09;53,09;53,09;53,09;53,09;53,09
56374;583;Prsačky MIVARDI Hardcore MC;58,99;1;58,99;29,61;23;1;53,09;10;53,09;53,09;53,09;53,09;53,09;53,09;53,09;53,09;53,09;53,09
83819;584;Mikina FOX Pullover Premium 310 Hoodie Black/ Camo;59,99;1;59,99;32,33;23;1;59,99;;57,59;56,39;55,19;53,99;52,79;51,59;50,39;49,19;47,99;44,99
83820;584;Mikina FOX Pullover Premium 310 Hoodie Black/ Camo;59,99;1;59,99;32,33;23;1;59,99;;57,59;56,39;55,19;53,99;52,79;51,59;50,39;49,19;47,99;44,99
83821;584;Mikina FOX Pullover Premium 310 Hoodie Black/ Camo;59,99;1;59,99;32,33;23;1;59,99;;57,59;56,39;55,19;53,99;52,79;51,59;50,39;49,19;47,99;44,99
42873;;Nožnice RAPALA Salt Super Line Scissors;5,95;1;;;23;1;;;5,71;5,59;5,47;5,36;5,24;5,12;5,00;4,88;4,76;4,46
76687;;Navijak TICA Titan 8000;109,00;1;109,00;62,48;23;1;109,00;;104,64;102,46;100,28;98,10;95,92;93,74;91,56;89,38;87,20;81,75
36384;585;Nadväzec OWNER FDB-02, bal. 6 ks;6,70;1;6,70;2,65;23;1;6,70;;6,43;6,30;6,16;6,03;5,90;5,76;5,63;5,49;5,36;5,03
36385;585;Nadväzec OWNER FDB-02, bal. 6 ks;6,70;1;6,70;2,65;23;1;6,70;;6,43;6,30;6,16;6,03;5,90;5,76;5,63;5,49;5,36;5,03
36386;585;Nadväzec OWNER FDB-02, bal. 6 ks;6,70;1;6,70;2,65;23;1;6,70;;6,43;6,30;6,16;6,03;5,90;5,76;5,63;5,49;5,36;5,03
36387;585;Nadväzec OWNER FDB-02, bal. 6 ks;6,70;1;6,70;2,65;23;1;6,70;;6,43;6,30;6,16;6,03;5,90;5,76;5,63;5,49;5,36;5,03
36388;585;Nadväzec OWNER FDB-02, bal. 6 ks;6,70;1;6,70;2,65;23;1;6,70;;6,43;6,30;6,16;6,03;5,90;5,76;5,63;5,49;5,36;5,03
18424;;Dáždnik SENSAS Liez s bočnicou;51,96;1;51,96;24,67;23;1;51,96;;49,88;48,84;47,80;46,76;45,72;44,69;43,65;42,61;41,57;38,97
104521;;Smáčik ILLEX Magic Swing Tail 4, 6ks, Magic Ayu;1,75;1;1,75;0,81;23;1;1,75;;1,68;1,65;1,61;1,58;1,54;1,51;1,47;1,44;1,40;1,31
43488;;Naviják SHIMANO Medium Baitrunner XTB LC;249,95;1;249,95;140,97;23;1;249,95;;239,95;234,95;229,95;224,96;219,96;214,96;209,96;204,96;199,96;187,46
76731;586;Olovené broky ESOX Pop Up Lead Shot;1,75;1;1,75;0,96;23;1;1,75;;1,68;1,65;1,61;1,58;1,54;1,51;1,47;1,44;1,40;1,31
76732;586;Olovené broky ESOX Pop Up Lead Shot;1,75;1;1,75;0,96;23;1;1,75;;1,68;1,65;1,61;1,58;1,54;1,51;1,47;1,44;1,40;1,31
76733;586;Olovené broky ESOX Pop Up Lead Shot;1,70;1;1,70;0,96;23;1;1,70;;1,63;1,60;1,56;1,53;1,50;1,46;1,43;1,39;1,36;1,28
36507;;Stolová píla SCHEPPACH HS 80;162,98;1;162,98;74,33;23;1;162,98;;156,46;153,20;149,94;146,68;143,42;140,16;136,90;133,64;130,38;122,24
83852;587;Tričko FOX Rage Voyager Tee Light Grey;26,99;1;26,99;8,99;23;1;26,99;;25,91;25,37;24,83;24,29;23,75;23,21;22,67;22,13;21,59;20,24
83853;587;Tričko FOX Rage Voyager Tee Light Grey;26,99;1;26,99;8,99;23;1;26,99;;25,91;25,37;24,83;24,29;23,75;23,21;22,67;22,13;21,59;20,24
83854;587;Tričko FOX Rage Voyager Tee Light Grey;26,99;1;26,99;8,99;23;1;26,99;;25,91;25,37;24,83;24,29;23,75;23,21;22,67;22,13;21,59;20,24
104539;;Pelety SENSAS Method Sticky Pellets, 650 g, Krill Red;5,60;1;5,60;2,51;23;1;5,60;;5,38;5,26;5,15;5,04;4,93;4,82;4,70;4,59;4,48;4,20
36586;;Vysávač popola SCHEPPACH ACM 18;79,99;1;;;23;1;;;76,79;75,19;73,59;71,99;70,39;68,79;67,19;65,59;63,99;59,99
105015;;Taška DRAGON DGN Shoulder Bag;43,31;1;43,31;16,43;23;1;43,31;;41,58;40,71;39,85;38,98;38,11;37,25;36,38;35,51;34,65;32,48
77267;;Naviják DAIWA TDM 4012 QD;180,40;1;180,40;67,80;23;1;180,40;;173,18;169,58;165,97;162,36;158,75;155,14;151,54;147,93;144,32;135,30
36642;;Pílový kotúč SCHEPPACH TCT 315;44,06;1;44,06;;23;1;44,06;;42,30;41,42;40,54;39,65;38,77;37,89;37,01;36,13;35,25;33,05
67977;;Montáž MIKADO Stinger Jaws Screw & Soft Lure Pin;4,21;1;4,21;1,41;23;1;3,83;25;3,83;3,83;3,83;3,79;3,70;3,62;3,54;3,45;3,37;3,16
83886;588;Tepláky FOX LW Black Camo Combat Joggers;34,99;1;34,99;18,86;23;1;34,99;;33,59;32,89;32,19;31,49;30,79;30,09;29,39;28,69;27,99;26,24
83887;588;Tepláky FOX LW Black Camo Combat Joggers;34,99;1;34,99;18,86;23;1;34,99;;33,59;32,89;32,19;31,49;30,79;30,09;29,39;28,69;27,99;26,24
83888;588;Tepláky FOX LW Black Camo Combat Joggers;34,99;1;34,99;18,86;23;1;34,99;;33,59;32,89;32,19;31,49;30,79;30,09;29,39;28,69;27,99;26,24
83889;588;Tepláky FOX LW Black Camo Combat Joggers;34,99;1;34,99;18,86;23;1;34,99;;33,59;32,89;32,19;31,49;30,79;30,09;29,39;28,69;27,99;26,24
83890;588;Tepláky FOX LW Black Camo Combat Joggers;34,99;1;34,99;18,86;23;1;34,99;;33,59;32,89;32,19;31,49;30,79;30,09;29,39;28,69;27,99;26,24
83891;588;Tepláky FOX LW Black Camo Combat Joggers;34,99;1;34,99;18,86;23;1;34,99;;33,59;32,89;32,19;31,49;30,79;30,09;29,39;28,69;27,99;26,24
36670;;Pílový pás SCHEPPACH pre SB 12 na drevo;37,91;1;37,91;17,40;23;1;37,91;;36,39;35,64;34,88;34,12;33,36;32,60;31,84;31,09;30,33;28,43
68035;;Set ihiel MIKADO Baiting Needles;4,40;1;4,40;2,16;23;1;4,00;25;4,00;4,00;4,00;3,96;3,87;3,78;3,70;3,61;3,52;3,30
19426;;H-bójka CARPON Marker;4,08;1;4,08;1,84;23;1;4,08;;3,92;3,84;3,75;3,67;3,59;3,51;3,43;3,35;3,26;3,06
85228;;Hrot SIMMS HardBite Star Cleat do topánok;3,17;1;3,17;1,48;23;1;3,17;;3,04;2,98;2,92;2,85;2,79;2,73;2,66;2,60;2,54;2,38
101271;589;Boilies SHIMANO TX1 Strawberry, 1 kg;9,18;1;9,18;3,19;23;1;9,18;;8,81;8,63;8,45;8,26;8,08;7,89;7,71;7,53;7,34;6,89
101292;589;Boilies SHIMANO TX1 Strawberry, 1 kg;8,95;1;8,95;3,31;23;1;8,95;;8,59;8,41;8,23;8,06;7,88;7,70;7,52;7,34;7,16;6,71
36690;;Stojanová vŕtačka SCHEPPACH DP 16 VL;142,47;1;142,47;70,10;23;1;142,47;;136,77;133,92;131,07;128,22;125,37;122,52;119,67;116,83;113,98;106,85
68061;590;Prevleky MIKADO Sleeve Anti-Tangle Tungsten;4,80;1;4,80;1,94;23;1;4,37;25;4,37;4,37;4,37;4,32;4,22;4,13;4,03;3,94;3,84;3,60
68062;590;Prevleky MIKADO Sleeve Anti-Tangle Tungsten;5,97;1;5,97;2,69;23;1;5,43;25;5,43;5,43;5,43;5,37;5,25;5,13;5,01;4,90;4,78;4,48
100094;591;Prút ROBINSON Magnetic Tele Spin;10,10;1;10,10;4,25;23;1;10,10;;9,70;9,49;9,29;9,09;8,89;8,69;8,48;8,28;8,08;7,58
19496;591;Prút ROBINSON Magnetic Tele Spin;8,79;1;8,79;4,03;23;1;8,79;;8,44;8,26;8,09;7,91;7,74;7,56;7,38;7,21;7,03;6,59
19497;591;Prút ROBINSON Magnetic Tele Spin;10,10;1;10,10;4,62;23;1;10,10;;9,70;9,49;9,29;9,09;8,89;8,69;8,48;8,28;8,08;7,58
57830;592;Krmítko FANATIK Bullet-Wing;1,90;1;;;23;1;;;1,82;1,79;1,75;1,71;1,67;1,63;1,60;1,56;1,52;1,43
87400;593;Krimpovacie spojky SAVAGE GEAR Double Barrel Crimps BLN;5,83;1;5,83;2,91;23;1;5,83;;5,60;5,48;5,36;5,25;5,13;5,01;4,90;4,78;4,66;4,37
87401;593;Krimpovacie spojky SAVAGE GEAR Double Barrel Crimps BLN;5,83;1;5,83;2,91;23;1;5,83;;5,60;5,48;5,36;5,25;5,13;5,01;4,90;4,78;4,66;4,37
77533;594;Vlasec DAIWA Tournament SF Mono Grey;10,15;1;10,15;3,72;23;1;10,15;;9,74;9,54;9,34;9,14;8,93;8,73;8,53;8,32;8,12;7,61
77536;594;Vlasec DAIWA Tournament SF Mono Grey;12,20;1;12,20;4,46;23;1;12,20;;11,71;11,47;11,22;10,98;10,74;10,49;10,25;10,00;9,76;9,15
93044;;Plávajúca sieťka DELPHIN BaitPool na nástrahové ryby;25,95;1;25,95;14,03;23;1;22,06;25;22,06;22,06;22,06;22,06;22,06;22,06;21,80;21,28;20,76;19,46
101310;595;Prút SHIMANO Rod SLX Spinning Ex-Fast;102,45;1;102,45;45,55;23;1;102,45;;98,35;96,30;94,25;92,21;90,16;88,11;86,06;84,01;81,96;76,84
101311;595;Prút SHIMANO Rod SLX Spinning Ex-Fast;99,95;1;99,95;36,74;23;1;99,95;;95,95;93,95;91,95;89,96;87,96;85,96;83,96;81,96;79,96;74,96
68142;;Držiak MIKADO Holder Line Guard C;6,99;1;6,99;3,05;23;1;6,36;25;6,36;6,36;6,36;6,29;6,15;6,01;5,87;5,73;5,59;5,24
91149;596;Nástrahy DELPHIN Zandera UVs 12 cm, 5 ks;4,70;1;4,70;2,51;23;1;4,00;25;4,00;4,00;4,00;4,00;4,00;4,00;3,95;3,85;3,76;3,53
91150;596;Nástrahy DELPHIN Zandera UVs 12 cm, 5 ks;4,70;1;4,70;2,51;23;1;4,00;25;4,00;4,00;4,00;4,00;4,00;4,00;3,95;3,85;3,76;3,53
91151;596;Nástrahy DELPHIN Zandera UVs 12 cm, 5 ks;4,70;1;4,70;2,51;23;1;4,00;25;4,00;4,00;4,00;4,00;4,00;4,00;3,95;3,85;3,76;3,53
91152;596;Nástrahy DELPHIN Zandera UVs 12 cm, 5 ks;4,70;1;4,70;2,51;23;1;4,00;25;4,00;4,00;4,00;4,00;4,00;4,00;3,95;3,85;3,76;3,53
91153;596;Nástrahy DELPHIN Zandera UVs 12 cm, 5 ks;4,70;1;4,70;2,51;23;1;4,00;25;4,00;4,00;4,00;4,00;4,00;4,00;3,95;3,85;3,76;3,53
91155;596;Nástrahy DELPHIN Zandera UVs 12 cm, 5 ks;4,70;1;4,70;2,51;23;1;4,00;25;4,00;4,00;4,00;4,00;4,00;4,00;3,95;3,85;3,76;3,53
91157;596;Nástrahy DELPHIN Zandera UVs 12 cm, 5 ks;4,70;1;4,70;2,51;23;1;4,00;25;4,00;4,00;4,00;4,00;4,00;4,00;3,95;3,85;3,76;3,53
91160;596;Nástrahy DELPHIN Zandera UVs 12 cm, 5 ks;4,70;1;4,70;2,51;23;1;4,00;25;4,00;4,00;4,00;4,00;4,00;4,00;3,95;3,85;3,76;3,53
91162;596;Nástrahy DELPHIN Zandera UVs 12 cm, 5 ks;4,70;1;4,70;2,51;23;1;4,00;25;4,00;4,00;4,00;4,00;4,00;4,00;3,95;3,85;3,76;3,53
91163;596;Nástrahy DELPHIN Zandera UVs 12 cm, 5 ks;4,70;1;4,70;2,51;23;1;4,00;25;4,00;4,00;4,00;4,00;4,00;4,00;3,95;3,85;3,76;3,53
91164;596;Nástrahy DELPHIN Zandera UVs 12 cm, 5 ks;4,70;1;4,70;2,51;23;1;4,00;25;4,00;4,00;4,00;4,00;4,00;4,00;3,95;3,85;3,76;3,53
44647;597;Prúty SHAKESPEARE Sigma Supra Fly;76,78;1;76,78;40,57;23;1;76,78;;73,71;72,17;70,64;69,10;67,57;66,03;64,50;62,96;61,42;57,59
44648;597;Prúty SHAKESPEARE Sigma Supra Fly;71,65;1;71,65;29,95;23;1;71,65;;68,78;67,35;65,92;64,49;63,05;61,62;60,19;58,75;57,32;53,74
77583;598;Prút DAIWA Triforce Target Jiggerspin;59,00;1;59,00;24,18;23;1;59,00;;56,64;55,46;54,28;53,10;51,92;50,74;49,56;48,38;47,20;44,25
77584;598;Prút DAIWA Triforce Target Jiggerspin;64,58;1;64,58;26,04;23;1;64,58;;62,00;60,71;59,41;58,12;56,83;55,54;54,25;52,96;51,66;48,44
36728;;Hobľovačka/ preťahovačka SCHEPPACH HMS 850;319,00;1;319,00;189,66;23;1;319,00;;306,24;299,86;293,48;287,10;280,72;274,34;267,96;261,58;255,20;239,25
19607;599;Olovká VDE-ROBINSON Torpille with Silicone;2,41;1;2,41;1,18;23;1;2,41;;2,31;2,27;2,22;2,17;2,12;2,07;2,02;1,98;1,93;1,81
19612;599;Olovká VDE-ROBINSON Torpille with Silicone;2,46;1;2,46;1,18;23;1;2,46;;2,36;2,31;2,26;2,21;2,16;2,12;2,07;2,02;1,97;1,85
105632;;Nožnice SAVAGE GEAR Braid & Splitring Scissor;6,95;1;6,95;3,39;23;1;6,95;;6,67;6,53;6,39;6,26;6,12;5,98;5,84;5,70;5,56;5,21
77612;600;Navijak DAIWA Crossfire LT;54,33;1;54,33;25,88;23;1;54,33;;52,16;51,07;49,98;48,90;47,81;46,72;45,64;44,55;43,46;40,75
77615;600;Navijak DAIWA Crossfire LT;56,37;1;56,37;26,62;23;1;56,37;;54,12;52,99;51,86;50,73;49,61;48,48;47,35;46,22;45,10;42,28
36759;;Štiepací klin SCHEPPACH 4-ramenný;31,99;1;31,99;21,51;23;1;31,99;;30,71;30,07;29,43;28,79;28,15;27,51;26,87;26,23;25,59;23,99
91201;601;Šnúra DELPHIN Zandera 8 červená;23,95;1;23,95;12,35;23;1;20,36;25;20,36;20,36;20,36;20,36;20,36;20,36;20,12;19,64;19,16;17,96
91202;601;Šnúra DELPHIN Zandera 8 červená;22,95;1;22,95;11,81;23;1;19,51;25;19,51;19,51;19,51;19,51;19,51;19,51;19,28;18,82;18,36;17,21
91203;601;Šnúra DELPHIN Zandera 8 červená;19,95;1;19,95;10,73;23;1;16,96;25;16,96;16,96;16,96;16,96;16,96;16,96;16,76;16,36;15,96;14,96
91204;601;Šnúra DELPHIN Zandera 8 červená;18,50;1;18,50;9,41;23;1;15,73;25;15,73;15,73;15,73;15,73;15,73;15,73;15,54;15,17;14,80;13,88
91205;601;Šnúra DELPHIN Zandera 8 červená;18,50;1;18,50;9,41;23;1;15,73;25;15,73;15,73;15,73;15,73;15,73;15,73;15,54;15,17;14,80;13,88
91206;601;Šnúra DELPHIN Zandera 8 červená;18,50;1;18,50;9,41;23;1;15,73;25;15,73;15,73;15,73;15,73;15,73;15,73;15,54;15,17;14,80;13,88
105652;;Stojan MADCAT Adjustable Sand Spike, 120cm;15,36;1;15,36;7,97;23;1;15,36;;14,75;14,44;14,13;13,82;13,52;13,21;12,90;12,60;12,29;11,52
45381;602;Prút JRC Defender Abbreviated;64,48;1;64,48;31,45;23;1;64,48;;61,90;60,61;59,32;58,03;56,74;55,45;54,16;52,87;51,58;48,36
45382;602;Prút JRC Defender Abbreviated;97,27;1;97,27;29,95;23;1;97,27;;93,38;91,43;89,49;87,54;85,60;83,65;81,71;79,76;77,82;72,95
45384;602;Prút JRC Defender Abbreviated;81,89;1;81,89;37,46;23;1;81,89;;78,61;76,98;75,34;73,70;72,06;70,43;68,79;67,15;65,51;61,42
36803;;Rotačný preosievač SCHEPPACH 230 V RS;399,00;1;399,00;255,00;23;1;399,00;;383,04;375,06;367,08;359,10;351,12;343,14;335,16;327,18;319,20;299,25
19824;;Šiltovka ROBINSON E08;11,00;1;;;23;1;;;10,56;10,34;10,12;9,90;9,68;9,46;9,24;9,02;8,80;8,25
93115;603;Prút DELPHIN CorsaBlack Nero;69,95;1;69,95;37,82;23;1;59,46;25;59,46;59,46;59,46;59,46;59,46;59,46;58,76;57,36;55,96;52,46
93116;603;Prút DELPHIN CorsaBlack Nero;78,95;1;78,95;42,68;23;1;67,11;25;67,11;67,11;67,11;67,11;67,11;67,11;66,32;64,74;63,16;59,21
101422;604;Šnúra SHIMANO Line Kairiki 8 Yellow, 150 m;20,44;1;20,44;9,67;23;1;20,44;;19,62;19,21;18,80;18,40;17,99;17,58;17,17;16,76;16,35;15,33
101423;604;Šnúra SHIMANO Line Kairiki 8 Yellow, 150 m;20,44;1;20,44;9,67;23;1;20,44;;19,62;19,21;18,80;18,40;17,99;17,58;17,17;16,76;16,35;15,33
101424;604;Šnúra SHIMANO Line Kairiki 8 Yellow, 150 m;20,44;1;20,44;9,67;23;1;20,44;;19,62;19,21;18,80;18,40;17,99;17,58;17,17;16,76;16,35;15,33
101425;604;Šnúra SHIMANO Line Kairiki 8 Yellow, 150 m;20,44;1;20,44;8,06;23;1;20,44;;19,62;19,21;18,80;18,40;17,99;17,58;17,17;16,76;16,35;15,33
101426;604;Šnúra SHIMANO Line Kairiki 8 Yellow, 150 m;20,44;1;20,44;9,67;23;1;20,44;;19,62;19,21;18,80;18,40;17,99;17,58;17,17;16,76;16,35;15,33
101427;604;Šnúra SHIMANO Line Kairiki 8 Yellow, 150 m;20,44;1;20,44;9,67;23;1;20,44;;19,62;19,21;18,80;18,40;17,99;17,58;17,17;16,76;16,35;15,33
37026;;Batéria ENERGIZER Alkaline Power AA 1,5V;0,81;1;0,81;0,42;23;1;0,81;;0,78;0,76;0,75;0,73;0,71;0,70;0,68;0,66;0,65;0,61
68300;605;Twister MIKADO, Brown Pumpkin;2,67;1;2,67;1,06;23;1;2,43;25;2,43;2,43;2,43;2,40;2,35;2,30;2,24;2,19;2,14;2,00
68309;605;Twister MIKADO, Brown Pumpkin;2,67;1;2,67;1,10;23;1;2,43;25;2,43;2,43;2,43;2,40;2,35;2,30;2,24;2,19;2,14;2,00
68319;605;Twister MIKADO, Brown Pumpkin;2,67;1;2,67;1,06;23;1;2,43;25;2,43;2,43;2,43;2,40;2,35;2,30;2,24;2,19;2,14;2,00
91254;606;Krmítko DELPHIN Magma Penta;1,50;1;1,50;0,75;23;1;1,28;25;1,28;1,28;1,28;1,28;1,28;1,28;1,26;1,23;1,20;1,13
91255;606;Krmítko DELPHIN Magma Penta;1,60;1;1,60;0,81;23;1;1,36;25;1,36;1,36;1,36;1,36;1,36;1,36;1,34;1,31;1,28;1,20
91256;606;Krmítko DELPHIN Magma Penta;1,70;1;1,70;0,86;23;1;1,45;25;1,45;1,45;1,45;1,45;1,45;1,45;1,43;1,39;1,36;1,28
91257;606;Krmítko DELPHIN Magma Penta;1,89;1;1,89;0,96;23;1;1,61;25;1,61;1,61;1,61;1,61;1,61;1,61;1,59;1,55;1,51;1,42
91258;606;Krmítko DELPHIN Magma Penta;2,10;1;2,10;1,08;23;1;1,79;25;1,79;1,79;1,79;1,79;1,79;1,79;1,76;1,72;1,68;1,58
91259;606;Krmítko DELPHIN Magma Penta;2,40;1;2,40;1,24;23;1;2,04;25;2,04;2,04;2,04;2,04;2,04;2,04;2,02;1,97;1,92;1,80
91260;606;Krmítko DELPHIN Magma Penta;2,40;1;2,40;1,24;23;1;2,04;25;2,04;2,04;2,04;2,04;2,04;2,04;2,02;1,97;1,92;1,80
91261;606;Krmítko DELPHIN Magma Penta;2,50;1;2,50;1,29;23;1;2,13;25;2,13;2,13;2,13;2,13;2,13;2,13;2,10;2,05;2,00;1,88
91262;606;Krmítko DELPHIN Magma Penta;2,71;1;2,71;1,40;23;1;2,30;25;2,30;2,30;2,30;2,30;2,30;2,30;2,28;2,22;2,17;2,03
91263;606;Krmítko DELPHIN Magma Penta;2,90;1;2,90;1,51;23;1;2,47;25;2,47;2,47;2,47;2,47;2,47;2,47;2,44;2,38;2,32;2,18
19872;607;Prút ROBINSON Big Mama;59,45;1;59,45;25,96;23;1;59,45;;57,07;55,88;54,69;53,51;52,32;51,13;49,94;48,75;47,56;44,59
19875;607;Prút ROBINSON Big Mama;61,50;1;61,50;28,32;23;1;61,50;;59,04;57,81;56,58;55,35;54,12;52,89;51,66;50,43;49,20;46,13
19876;607;Prút ROBINSON Big Mama;62,00;1;62,00;30,90;23;1;62,00;;59,52;58,28;57,04;55,80;54,56;53,32;52,08;50,84;49,60;46,50
88119;;Podberák PROLOGIC C-Series Landing Net;47,15;1;47,15;20,88;23;1;47,15;;45,26;44,32;43,38;42,44;41,49;40,55;39,61;38,66;37,72;35,36
106631;;Piliny KINETIC Smoker Dust Beech;7,16;1;7,16;3,12;23;1;7,16;;6,87;6,73;6,59;6,44;6,30;6,16;6,01;5,87;5,73;5,37
45574;;Kreslo JRC Defender II Armrest Chair;92,24;1;92,24;46,89;23;1;92,24;;88,55;86,71;84,86;83,02;81,17;79,33;77,48;75,64;73,79;69,18
93132;608;Krátke nohavice DELPHIN Logos;25,95;1;25,95;13,49;23;1;22,06;25;22,06;22,06;22,06;22,06;22,06;22,06;21,80;21,28;20,76;19,46
93133;608;Krátke nohavice DELPHIN Logos;25,95;1;25,95;14,03;23;1;22,06;25;22,06;22,06;22,06;22,06;22,06;22,06;21,80;21,28;20,76;19,46
93134;608;Krátke nohavice DELPHIN Logos;25,95;1;25,95;14,03;23;1;22,06;25;22,06;22,06;22,06;22,06;22,06;22,06;21,80;21,28;20,76;19,46
93135;608;Krátke nohavice DELPHIN Logos;25,95;1;25,95;14,03;23;1;22,06;25;22,06;22,06;22,06;22,06;22,06;22,06;21,80;21,28;20,76;19,46
93136;608;Krátke nohavice DELPHIN Logos;25,95;1;25,95;13,49;23;1;22,06;25;22,06;22,06;22,06;22,06;22,06;22,06;21,80;21,28;20,76;19,46
93137;608;Krátke nohavice DELPHIN Logos;25,95;1;25,95;13,49;23;1;22,06;25;22,06;22,06;22,06;22,06;22,06;22,06;21,80;21,28;20,76;19,46
37052;;Solárna lampa TR 701 Silver;2,50;1;2,50;1,11;23;1;2,50;;2,40;2,35;2,30;2,25;2,20;2,15;2,10;2,05;2,00;1,88
68315;609;Twister MIKADO, Violet;2,60;1;2,60;1,14;23;1;2,37;25;2,37;2,37;2,37;2,34;2,29;2,24;2,18;2,13;2,08;1,95
68331;609;Twister MIKADO, Violet;2,67;1;2,67;1,04;23;1;2,43;25;2,43;2,43;2,43;2,40;2,35;2,30;2,24;2,19;2,14;2,00
91274;;Sáčok hranatý DELPHIN PVA n'tastic XXL;4,10;1;4,10;2,44;23;1;3,49;25;3,49;3,49;3,49;3,49;3,49;3,49;3,44;3,36;3,28;3,08
88169;;Systém DAM Detek QC Bead;2,76;1;2,76;1,21;23;1;2,76;;2,65;2,59;2,54;2,48;2,43;2,37;2,32;2,26;2,21;2,07
45590;;Cesto BERKLEY PowerBait Natural Glitter Trout Bait Chartreuse Glitter, Cheese;8,00;1;8,00;4,25;23;1;8,00;;7,68;7,52;7,36;7,20;7,04;6,88;6,72;6,56;6,40;6,00
77699;610;Navijak DAIWA 23 Legalis LT;107,00;1;107,00;57,75;23;1;107,00;;102,72;100,58;98,44;96,30;94,16;92,02;89,88;87,74;85,60;80,25
77700;610;Navijak DAIWA 23 Legalis LT;109,00;1;109,00;58,50;23;1;109,00;;104,64;102,46;100,28;98,10;95,92;93,74;91,56;89,38;87,20;81,75
77701;610;Navijak DAIWA 23 Legalis LT;109,00;1;109,00;58,50;23;1;109,00;;104,64;102,46;100,28;98,10;95,92;93,74;91,56;89,38;87,20;81,75
77702;610;Navijak DAIWA 23 Legalis LT;113,78;1;113,78;59,25;23;1;113,78;;109,23;106,95;104,68;102,40;100,13;97,85;95,58;93,30;91,02;85,34
77703;610;Navijak DAIWA 23 Legalis LT;111,00;1;111,00;59,25;23;1;111,00;;106,56;104,34;102,12;99,90;97,68;95,46;93,24;91,02;88,80;83,25
77704;610;Navijak DAIWA 23 Legalis LT;111,00;1;111,00;59,25;23;1;111,00;;106,56;104,34;102,12;99,90;97,68;95,46;93,24;91,02;88,80;83,25
77705;610;Navijak DAIWA 23 Legalis LT;115,83;1;115,83;60,75;23;1;115,83;;111,20;108,88;106,56;104,25;101,93;99,61;97,30;94,98;92,66;86,87
77706;610;Navijak DAIWA 23 Legalis LT;116,00;1;116,00;62,25;23;1;116,00;;111,36;109,04;106,72;104,40;102,08;99,76;97,44;95,12;92,80;87,00
77707;610;Navijak DAIWA 23 Legalis LT;116,00;1;116,00;62,25;23;1;116,00;;111,36;109,04;106,72;104,40;102,08;99,76;97,44;95,12;92,80;87,00
101482;;Navijak SHIMANO Speedmaster 14000 XTD;177,27;1;177,27;95,59;23;1;177,27;;170,18;166,63;163,09;159,54;156,00;152,45;148,91;145,36;141,82;132,95
91294;;Fluo set DELPHIN T-End Grip 3XF 2x ihla + vrták;9,95;1;9,95;4,75;23;1;8,46;25;8,46;8,46;8,46;8,46;8,46;8,46;8,36;8,16;7,96;7,46
88197;;Štikacie kliešte DAM Pin-On Reel Line Clipper;6,69;1;6,69;3,50;23;1;6,69;;6,42;6,29;6,15;6,02;5,89;5,75;5,62;5,49;5,35;5,02
77723;;Navijak DAIWA 23 Superspod 45 SCW QD-OT;180,00;1;180,00;;23;1;180,00;;172,80;169,20;165,60;162,00;158,40;154,80;151,20;147,60;144,00;135,00
38119;;Brúska DELPHIN na nože a háčiky;6,95;1;6,95;3,73;23;1;5,91;25;5,91;5,91;5,91;5,91;5,91;5,91;5,84;5,70;5,56;5,21
5849;;Krmivo SENSAS 3000 CARPES Moir;5,30;1;5,30;2,74;23;1;5,30;;5,09;4,98;4,88;4,77;4,66;4,56;4,45;4,35;4,24;3,98
88270;;SET blyskáčov DAM Spinner Pack Box 5 ks;10,98;1;10,98;5,06;23;1;10,98;;10,54;10,32;10,10;9,88;9,66;9,44;9,22;9,00;8,78;8,24
106687;611;Termo set WESTIN Thermal Tech Baselayer Set, Industrial Green;99,99;1;99,99;45,45;23;1;99,99;;95,99;93,99;91,99;89,99;87,99;85,99;83,99;81,99;79,99;74,99
106688;611;Termo set WESTIN Thermal Tech Baselayer Set, Industrial Green;99,99;1;99,99;45,45;23;1;99,99;;95,99;93,99;91,99;89,99;87,99;85,99;83,99;81,99;79,99;74,99
106689;611;Termo set WESTIN Thermal Tech Baselayer Set, Industrial Green;99,99;1;99,99;45,45;23;1;99,99;;95,99;93,99;91,99;89,99;87,99;85,99;83,99;81,99;79,99;74,99
106690;611;Termo set WESTIN Thermal Tech Baselayer Set, Industrial Green;99,99;1;99,99;45,45;23;1;99,99;;95,99;93,99;91,99;89,99;87,99;85,99;83,99;81,99;79,99;74,99
93182;612;Nástraha DELPHIN Toxin Uvs, 8 cm, 8 ks;5,50;1;5,50;2,62;23;1;4,68;25;4,68;4,68;4,68;4,68;4,68;4,68;4,62;4,51;4,40;4,13
93183;612;Nástraha DELPHIN Toxin Uvs, 8 cm, 8 ks;5,50;1;5,50;2,36;23;1;4,68;25;4,68;4,68;4,68;4,68;4,68;4,68;4,62;4,51;4,40;4,13
93184;612;Nástraha DELPHIN Toxin Uvs, 8 cm, 8 ks;5,50;1;5,50;2,36;23;1;4,68;25;4,68;4,68;4,68;4,68;4,68;4,68;4,62;4,51;4,40;4,13
93185;612;Nástraha DELPHIN Toxin Uvs, 8 cm, 8 ks;5,50;1;5,50;2,62;23;1;4,68;25;4,68;4,68;4,68;4,68;4,68;4,68;4,62;4,51;4,40;4,13
93186;612;Nástraha DELPHIN Toxin Uvs, 8 cm, 8 ks;5,50;1;5,50;2,36;23;1;4,68;25;4,68;4,68;4,68;4,68;4,68;4,68;4,62;4,51;4,40;4,13
93187;612;Nástraha DELPHIN Toxin Uvs, 8 cm, 8 ks;5,50;1;5,50;2,36;23;1;4,68;25;4,68;4,68;4,68;4,68;4,68;4,68;4,62;4,51;4,40;4,13
93188;612;Nástraha DELPHIN Toxin Uvs, 8 cm, 8 ks;5,50;1;5,50;2,36;23;1;4,68;25;4,68;4,68;4,68;4,68;4,68;4,68;4,62;4,51;4,40;4,13
38242;613;Šnúra DELPHIN New Shock Leader;9,95;1;9,95;4,97;23;1;8,46;25;8,46;8,46;8,46;8,46;8,46;8,46;8,36;8,16;7,96;7,46
38243;613;Šnúra DELPHIN New Shock Leader;8,95;1;8,95;4,46;23;1;7,61;25;7,61;7,61;7,61;7,61;7,61;7,61;7,52;7,34;7,16;6,71
68385;;Krabica MIKADO Deep With Compartments;21,49;1;21,49;10,28;23;1;19,56;25;19,56;19,56;19,56;19,34;18,91;18,48;18,05;17,62;17,19;16,12
91380;;Taška DELPHIN EVA PanCase;19,50;1;19,50;10,49;23;1;16,58;25;16,58;16,58;16,58;16,58;16,58;16,58;16,38;15,99;15,60;14,63
46455;614;"Nástraha FANATIK Dagger 2,0""; 5 cm, 9 ks";4,26;1;4,26;1,09;23;1;2,56;;2,56;2,56;2,56;2,56;2,56;2,56;2,56;2,56;2,56;2,56
46456;614;"Nástraha FANATIK Dagger 2,0""; 5 cm, 9 ks";4,26;1;4,26;1,09;23;1;2,56;;2,56;2,56;2,56;2,56;2,56;2,56;2,56;2,56;2,56;2,56
46457;614;"Nástraha FANATIK Dagger 2,0""; 5 cm, 9 ks";4,26;1;4,26;1,09;23;1;2,56;;2,56;2,56;2,56;2,56;2,56;2,56;2,56;2,56;2,56;2,56
46461;614;"Nástraha FANATIK Dagger 2,0""; 5 cm, 9 ks";4,26;1;4,26;1,09;23;1;2,56;;2,56;2,56;2,56;2,56;2,56;2,56;2,56;2,56;2,56;2,56
46464;614;"Nástraha FANATIK Dagger 2,0""; 5 cm, 9 ks";4,26;1;4,26;1,09;23;1;2,56;;2,56;2,56;2,56;2,56;2,56;2,56;2,56;2,56;2,56;2,56
46467;614;"Nástraha FANATIK Dagger 2,0""; 5 cm, 9 ks";4,26;1;4,26;1,09;23;1;2,56;;2,56;2,56;2,56;2,56;2,56;2,56;2,56;2,56;2,56;2,56
77755;615;Prút DAIWA Triforce Target Spoon;51,25;1;51,25;20,46;23;1;51,25;;49,20;48,18;47,15;46,13;45,10;44,08;43,05;42,03;41,00;38,44
77756;615;Prút DAIWA Triforce Target Spoon;51,00;1;51,00;21,08;23;1;51,00;;48,96;47,94;46,92;45,90;44,88;43,86;42,84;41,82;40,80;38,25
93200;;Polarizačné okuliare DELPHIN Wizio;72,95;1;72,95;39,43;23;1;62,01;25;62,01;62,01;62,01;62,01;62,01;62,01;61,28;59,82;58,36;54,71
101534;616;Prút SHIMANO Yasei BB AX Zander River Jig;122,95;1;122,95;66,30;23;1;122,95;;118,03;115,57;113,11;110,66;108,20;105,74;103,28;100,82;98,36;92,21
101535;616;Prút SHIMANO Yasei BB AX Zander River Jig;114,96;1;114,96;50,69;23;1;114,96;;110,36;108,06;105,76;103,46;101,16;98,87;96,57;94,27;91,97;86,22
101586;616;Prút SHIMANO Yasei BB AX Zander River Jig;109,95;1;109,95;48,49;23;1;109,95;;105,55;103,35;101,15;98,96;96,76;94,56;92,36;90,16;87,96;82,46
20079;617;Záťaž Eco Sinker Pasta;1,64;1;1,64;0,84;23;1;1,64;;1,57;1,54;1,51;1,48;1,44;1,41;1,38;1,34;1,31;1,23
20080;617;Záťaž Eco Sinker Pasta;1,69;1;1,69;0,95;23;1;1,69;;1,62;1,59;1,55;1,52;1,49;1,45;1,42;1,39;1,35;1,27
20081;617;Záťaž Eco Sinker Pasta;1,84;1;1,84;0,94;23;1;1,84;;1,77;1,73;1,69;1,66;1,62;1,58;1,55;1,51;1,47;1,38
5874;;Hlina SENSAS Terre de Somme;3,90;1;3,90;1,82;23;1;3,90;;3,74;3,67;3,59;3,51;3,43;3,35;3,28;3,20;3,12;2,93
108000;;Polarizačné okuliare CATIX Blue Lens;19,99;1;19,99;8,72;23;1;19,99;;19,19;18,79;18,39;17,99;17,59;17,19;16,79;16,39;15,99;14,99
93218;;Dištančné tyče DELPHIN RangeX Bend;17,50;1;17,50;8,33;23;1;14,88;25;14,88;14,88;14,88;14,88;14,88;14,88;14,70;14,35;14,00;13,13
101555;618;Boilie SHIMANO Bait Isolate Pop Up Krill & Peach, Fluo orange;7,49;1;7,49;0,98;23;1;7,49;;7,19;7,04;6,89;6,74;6,59;6,44;6,29;6,14;5,99;5,62
58935;619;Nástraha LK BAITS CUC! Raisin;6,30;1;6,30;3,10;23;1;6,30;;6,05;5,92;5,80;5,67;5,54;5,42;5,29;5,17;5,04;4,73
58936;619;Nástraha LK BAITS CUC! Raisin;5,90;1;5,90;3,10;23;1;5,90;;5,66;5,55;5,43;5,31;5,19;5,07;4,96;4,84;4,72;4,43
108015;;Lehátko BAT-Tackle Maxxlounge Carpbed;131,99;1;131,99;71,14;23;1;131,99;;126,71;124,07;121,43;118,79;116,15;113,51;110,87;108,23;105,59;98,99
91458;;Nástraha DELPHIN BreaX Pop Kukurica - Ananás;7,95;1;7,95;3,96;23;1;6,76;25;6,76;6,76;6,76;6,76;6,76;6,76;6,68;6,52;6,36;5,96
58995;;Pelety LK BAITS Jeseter Special Pellets Beluga Halibut;5,50;1;5,50;2,70;23;1;5,50;;5,28;5,17;5,06;4,95;4,84;4,73;4,62;4,51;4,40;4,13
88390;;Náväzec MADCAT Adjusta Basic River Rigs Live Bait;13,22;1;13,22;6,43;23;1;13,22;;12,69;12,43;12,16;11,90;11,63;11,37;11,10;10,84;10,58;9,92
108027;620;Vidlička Fishdream Stainless Steel Edelstahl Bankstick;10,90;1;10,90;4,70;23;1;10,90;10;10,46;10,25;10,03;9,81;9,81;9,81;9,81;9,81;9,81;9,81
108028;620;Vidlička Fishdream Stainless Steel Edelstahl Bankstick;9,90;1;9,90;4,70;23;1;9,90;10;9,50;9,31;9,11;8,91;8,91;8,91;8,91;8,91;8,91;8,91
77825;621;Prút DAIWA Airity Jiggerspin;310,58;1;310,58;;23;1;310,58;;298,16;291,95;285,73;279,52;273,31;267,10;260,89;254,68;248,46;232,94
77826;621;Prút DAIWA Airity Jiggerspin;313,65;1;313,65;126,48;23;1;313,65;;301,10;294,83;288,56;282,29;276,01;269,74;263,47;257,19;250,92;235,24
93254;;Taška DELPHIN NeoBax Carry;30,95;1;30,95;16,73;23;1;26,31;25;26,31;26,31;26,31;26,31;26,31;26,31;26,00;25,38;24,76;23,21
38516;;Nálepka BABY ON BOARD;1,21;1;1,21;0,34;23;1;1,03;25;1,03;1,03;1,03;1,03;1,03;1,03;1,02;0,99;0,97;0,91
68464;622;Rotačka MIKADO Hypnotic Cooper Black;4,27;1;4,27;1,96;23;1;3,89;25;3,89;3,89;3,89;3,84;3,76;3,67;3,59;3,50;3,42;3,20
68465;622;Rotačka MIKADO Hypnotic Cooper Black;4,45;1;4,45;2,04;23;1;4,05;25;4,05;4,05;4,05;4,01;3,92;3,83;3,74;3,65;3,56;3,34
68466;622;Rotačka MIKADO Hypnotic Cooper Black;4,62;1;4,62;2,12;23;1;4,20;25;4,20;4,20;4,20;4,16;4,07;3,97;3,88;3,79;3,70;3,47
68467;622;Rotačka MIKADO Hypnotic Cooper Black;4,86;1;4,86;2,23;23;1;4,42;25;4,42;4,42;4,42;4,37;4,28;4,18;4,08;3,99;3,89;3,65
88440;;Krimpovacie kliešte MADCAT Crimping Pliers;20,49;1;20,49;9,28;23;1;20,49;;19,67;19,26;18,85;18,44;18,03;17,62;17,21;16,80;16,39;15,37
108046;;Navijak X-Version Fly Fliegenrolle Flyguide 96 #4 titan;27,99;1;27,99;14,56;23;1;27,99;;26,87;26,31;25,75;25,19;24,63;24,07;23,51;22,95;22,39;20,99
38600;623;Šnúra DELPHIN Tron;4,40;1;4,40;2,15;23;1;3,74;25;3,74;3,74;3,74;3,74;3,74;3,74;3,70;3,61;3,52;3,30
38602;623;Šnúra DELPHIN Tron;14,94;1;14,94;7,44;23;1;12,70;25;12,70;12,70;12,70;12,70;12,70;12,70;12,55;12,25;11,95;11,21
68487;624;Rotačka MIKADO Hypnotic Firetiger;4,10;1;4,10;1,88;23;1;3,73;25;3,73;3,73;3,73;3,69;3,61;3,53;3,44;3,36;3,28;3,08
68489;624;Rotačka MIKADO Hypnotic Firetiger;4,45;1;4,45;2,04;23;1;4,05;25;4,05;4,05;4,05;4,01;3,92;3,83;3,74;3,65;3,56;3,34
68491;624;Rotačka MIKADO Hypnotic Firetiger;4,86;1;4,86;2,23;23;1;4,42;25;4,42;4,42;4,42;4,37;4,28;4,18;4,08;3,99;3,89;3,65
91529;625;Sumcový plavák DELPHIN CKG FatBody;7,50;1;7,50;3,76;23;1;6,38;25;6,38;6,38;6,38;6,38;6,38;6,38;6,30;6,15;6,00;5,63
91530;625;Sumcový plavák DELPHIN CKG FatBody;7,95;1;7,95;4,05;23;1;6,76;25;6,76;6,76;6,76;6,76;6,76;6,76;6,68;6,52;6,36;5,96
20357;;Plávajúce boilie MAINLINE Clones Pop Up, Maple;10,15;1;10,15;5,55;23;1;10,15;;9,74;9,54;9,34;9,14;8,93;8,73;8,53;8,32;8,12;7,61
93290;626;Nástraha DELPHIN D Snax Shell Wafters, Slivka & Moruša;4,94;1;4,94;2,66;23;1;4,20;25;4,20;4,20;4,20;4,20;4,20;4,20;4,15;4,05;3,95;3,71
93291;626;Nástraha DELPHIN D Snax Shell Wafters, Slivka & Moruša;4,94;1;4,94;2,47;23;1;4,20;25;4,20;4,20;4,20;4,20;4,20;4,20;4,15;4,05;3,95;3,71
93292;626;Nástraha DELPHIN D Snax Shell Wafters, Slivka & Moruša;4,94;1;4,94;2,66;23;1;4,20;25;4,20;4,20;4,20;4,20;4,20;4,20;4,15;4,05;3,95;3,71
88524;;Klip DAM Quick Release Connector Magnetic;9,83;1;9,83;4,32;23;1;9,83;;9,44;9,24;9,04;8,85;8,65;8,45;8,26;8,06;7,86;7,37
108604;;Nástraha BALZER Ripper Kauli 12,5 cm, Dirty Ghost;2,30;1;2,30;1,23;23;1;2,30;;2,21;2,16;2,12;2,07;2,02;1,98;1,93;1,89;1,84;1,73
101645;;Dip SHIMANO ISOLATE Hookbait Glug Scopex & Liver;10,95;1;10,95;5,37;23;1;10,95;;10,51;10,29;10,07;9,86;9,64;9,42;9,20;8,98;8,76;8,21
38795;627;Hadička DELPHIN The End Anti Tangle Sleeves Hard;3,60;1;3,60;1,71;23;1;3,06;25;3,06;3,06;3,06;3,06;3,06;3,06;3,02;2,95;2,88;2,70
38796;627;Hadička DELPHIN The End Anti Tangle Sleeves Hard;3,60;1;3,60;1,75;23;1;3,06;25;3,06;3,06;3,06;3,06;3,06;3,06;3,02;2,95;2,88;2,70
68530;;Set nádob MIKADO Method Feeder EVA, 3 ks;19,99;1;19,99;8,82;23;1;18,19;25;18,19;18,19;18,19;17,99;17,59;17,19;16,79;16,39;15,99;14,99
21569;;Sonda HST-DFSBL k HDS sonarom;190,64;1;190,64;133,61;23;1;190,64;4;183,01;183,01;183,01;183,01;183,01;183,01;183,01;183,01;183,01;183,01
59560;;Držiak MIKADO Troling Handle;15,29;1;15,29;6,25;23;1;13,91;25;13,91;13,91;13,91;13,76;13,46;13,15;12,84;12,54;12,23;11,47
50490;628;Gumená nástraha DAIWA Tournament D´FIN, Rainbow Shad;0,86;1;0,86;0,35;23;1;0,86;;0,83;0,81;0,79;0,77;0,76;0,74;0,72;0,71;0,69;0,65
50495;628;Gumená nástraha DAIWA Tournament D´FIN, Rainbow Shad;1,28;1;1,28;0,51;23;1;1,28;;1,23;1,20;1,18;1,15;1,13;1,10;1,08;1,05;1,02;0,96
77898;628;Gumená nástraha DAIWA Tournament D´FIN, Rainbow Shad;2,28;1;2,28;0,94;23;1;2,28;;2,19;2,14;2,10;2,05;2,01;1,96;1,92;1,87;1,82;1,71
68550;;Stojan MIKADO Starter Pod 3 Rod;41,20;1;41,20;19,60;23;1;37,49;25;37,49;37,49;37,49;37,08;36,26;35,43;34,61;33,78;32,96;30,90
91593;;Kliešte DELPHIN Bendix;9,50;1;9,50;5,13;23;1;8,08;25;8,08;8,08;8,08;8,08;8,08;8,08;7,98;7,79;7,60;7,13
22260A;;PES šnúra polyesterová pletená bez jadra;0,26;1;0,26;0,13;23;1;0,26;;0,25;0,24;0,24;0,23;0,23;0,22;0,22;0,21;0,21;0,20
77911;;Puzdro DAIWA Hardcase 145 cm;109,49;1;109,49;51,98;23;1;109,49;;105,11;102,92;100,73;98,54;96,35;94,16;91,97;89,78;87,59;82,12
101679;;Vobler SHIMANO Cardiff Refrain 50HS, Japan;14,49;1;14,49;5,92;23;1;14,49;;13,91;13,62;13,33;13,04;12,75;12,46;12,17;11,88;11,59;10,87
108653;629;Plavák BALZER MK Adventure Pike Pose;4,60;1;4,60;2,52;23;1;4,60;;4,42;4,32;4,23;4,14;4,05;3,96;3,86;3,77;3,68;3,45
108654;629;Plavák BALZER MK Adventure Pike Pose;5,01;1;5,01;2,72;23;1;5,01;;4,81;4,71;4,61;4,51;4,41;4,31;4,21;4,11;4,01;3,76
101698;;Vobler SHIMANO Cardiff Refrain 50HS, Black Bait;13,95;1;13,95;5,86;23;1;13,95;;13,39;13,11;12,83;12,56;12,28;12,00;11,72;11,44;11,16;10,46
68595;;Podberák MIKADO Rubber Net Folding Frame Landing;47,90;1;47,90;20,79;23;1;43,59;25;43,59;43,59;43,59;43,11;42,15;41,19;40,24;39,28;38,32;35,93
23041FE;630;krmivo Carp Zoom Fiesta, 1kg, kapor XXL;3,00;1;3,00;1,65;23;1;3,00;;2,88;2,82;2,76;2,70;2,64;2,58;2,52;2,46;2,40;2,25
23041KA;630;krmivo Carp Zoom Fiesta, 1kg, kapor XXL;2,99;1;2,99;1,65;23;1;2,99;;2,87;2,81;2,75;2,69;2,63;2,57;2,51;2,45;2,39;2,24
61516;;Sumcová bójka Sports BS 150K;14,10;1;14,10;8,13;23;1;14,10;;13,54;13,25;12,97;12,69;12,41;12,13;11,84;11,56;11,28;10,58
46945;631;Háčiky FANATIK SPORT S-59;1,80;1;1,80;1,06;23;1;1,08;;1,08;1,08;1,08;1,08;1,08;1,08;1,08;1,08;1,08;1,08
46946;631;Háčiky FANATIK SPORT S-59;1,80;1;1,80;1,06;23;1;1,08;;1,08;1,08;1,08;1,08;1,08;1,08;1,08;1,08;1,08;1,08
46947;631;Háčiky FANATIK SPORT S-59;1,80;1;1,80;1,06;23;1;1,08;;1,08;1,08;1,08;1,08;1,08;1,08;1,08;1,08;1,08;1,08
79023;;Dezinfekcia ZFISH Fish Doctor;5,20;1;;;23;1;;;4,99;4,89;4,78;4,68;4,58;4,47;4,37;4,26;4,16;3,90
101717;632;Fleecová bunda SHIMANO Windstop Fleec Jacket Grey;49,95;1;49,95;20,19;23;1;49,95;;47,95;46,95;45,95;44,96;43,96;42,96;41,96;40,96;39,96;37,46
101718;632;Fleecová bunda SHIMANO Windstop Fleec Jacket Grey;49,95;1;49,95;20,19;23;1;49,95;;47,95;46,95;45,95;44,96;43,96;42,96;41,96;40,96;39,96;37,46
38980;633;Prívlačový podberák DELPHIN Spin-R pogumovaná sieť;22,95;1;22,95;12,52;23;1;19,51;25;19,51;19,51;19,51;19,51;19,51;19,51;19,28;18,82;18,36;17,21
38981;633;Prívlačový podberák DELPHIN Spin-R pogumovaná sieť;24,94;1;24,94;13,62;23;1;21,20;25;21,20;21,20;21,20;21,20;21,20;21,20;20,95;20,45;19,95;18,71
38982;633;Prívlačový podberák DELPHIN Spin-R pogumovaná sieť;28,95;1;28,95;7,86;23;1;24,61;25;24,61;24,61;24,61;24,61;24,61;24,61;24,32;23,74;23,16;21,71
91649;;Termohrnček DELPHIN IsolaCup Green;15,95;1;15,95;8,34;23;1;13,56;25;13,56;13,56;13,56;13,56;13,56;13,56;13,40;13,08;12,76;11,96
88754;;Navijak DAM Quick Impulse 4 Feeder 5000 FD;46,03;1;46,03;23,20;23;1;46,03;;44,19;43,27;42,35;41,43;40,51;39,59;38,67;37,74;36,82;34,52
108685;;Plandavka BALZER Shooter Spoon 2,5 g, FireShark;5,40;1;5,40;2,98;23;1;5,40;;5,18;5,08;4,97;4,86;4,75;4,64;4,54;4,43;4,32;4,05
101737;;Taška SHIMANO Surf Carrybag;56,95;1;56,95;23,02;23;1;56,95;;54,67;53,53;52,39;51,26;50,12;48,98;47,84;46,70;45,56;42,71
23232;;Krmivo CarpZoom Method Feeder;3,79;1;3,79;2,41;23;1;3,79;;3,64;3,56;3,49;3,41;3,34;3,26;3,18;3,11;3,03;2,84
88788;634;Plandavka DAM Effzett Standard Spoon;4,91;1;4,91;2,15;23;1;4,91;;4,71;4,62;4,52;4,42;4,32;4,22;4,12;4,03;3,93;3,68
88790;634;Plandavka DAM Effzett Standard Spoon;4,08;1;4,08;2,16;23;1;4,08;;3,92;3,84;3,75;3,67;3,59;3,51;3,43;3,35;3,26;3,06
88791;634;Plandavka DAM Effzett Standard Spoon;4,91;1;4,91;2,15;23;1;4,91;;4,71;4,62;4,52;4,42;4,32;4,22;4,12;4,03;3,93;3,68
88792;634;Plandavka DAM Effzett Standard Spoon;4,91;1;4,91;2,15;23;1;4,91;;4,71;4,62;4,52;4,42;4,32;4,22;4,12;4,03;3,93;3,68
88793;634;Plandavka DAM Effzett Standard Spoon;4,91;1;4,91;2,15;23;1;4,91;;4,71;4,62;4,52;4,42;4,32;4,22;4,12;4,03;3,93;3,68
88794;634;Plandavka DAM Effzett Standard Spoon;4,91;1;4,91;2,15;23;1;4,91;;4,71;4,62;4,52;4,42;4,32;4,22;4,12;4,03;3,93;3,68
88797;634;Plandavka DAM Effzett Standard Spoon;3,47;1;3,47;1,52;23;1;3,47;;3,33;3,26;3,19;3,12;3,05;2,98;2,91;2,85;2,78;2,60
88800;634;Plandavka DAM Effzett Standard Spoon;4,08;1;4,08;1,80;23;1;4,08;;3,92;3,84;3,75;3,67;3,59;3,51;3,43;3,35;3,26;3,06
88801;634;Plandavka DAM Effzett Standard Spoon;4,08;1;4,08;1,80;23;1;4,08;;3,92;3,84;3,75;3,67;3,59;3,51;3,43;3,35;3,26;3,06
88838;634;Plandavka DAM Effzett Standard Spoon;3,78;1;3,78;1,50;23;1;3,78;;3,63;3,55;3,48;3,40;3,33;3,25;3,18;3,10;3,02;2,84
88844;634;Plandavka DAM Effzett Standard Spoon;3,47;1;3,47;1,64;23;1;3,47;;3,33;3,26;3,19;3,12;3,05;2,98;2,91;2,85;2,78;2,60
88845;634;Plandavka DAM Effzett Standard Spoon;3,47;1;3,47;1,64;23;1;3,47;;3,33;3,26;3,19;3,12;3,05;2,98;2,91;2,85;2,78;2,60
88847;634;Plandavka DAM Effzett Standard Spoon;3,47;1;3,47;1,64;23;1;3,47;;3,33;3,26;3,19;3,12;3,05;2,98;2,91;2,85;2,78;2,60
108701;;Držiak BALZER Shirasu na fľašu;3,51;1;3,51;1,92;23;1;3,51;;3,37;3,30;3,23;3,16;3,09;3,02;2,95;2,88;2,81;2,63
93407;;Kaprársky SET - prút DELPHIN Yakuza + navijak ...;61,96;1;61,96;33,48;23;1;52,67;25;52,67;52,67;52,67;52,67;52,67;52,67;52,05;50,81;49,57;46,47
101754;;Vobler SHIMANO Bantam BT Spin 4,5 cm, 14 g, Flash WS;13,27;1;13,27;6,28;23;1;13,27;;12,74;12,47;12,21;11,94;11,68;11,41;11,15;10,88;10,62;9,95
68647;635;Prsačky MIKADO Premium Strong;77,99;1;77,99;36,50;23;1;70,97;25;70,97;70,97;70,97;70,19;68,63;67,07;65,51;63,95;62,39;58,49
68648;635;Prsačky MIKADO Premium Strong;77,99;1;77,99;36,50;23;1;70,97;25;70,97;70,97;70,97;70,19;68,63;67,07;65,51;63,95;62,39;58,49
68649;635;Prsačky MIKADO Premium Strong;77,99;1;77,99;36,50;23;1;70,97;25;70,97;70,97;70,97;70,19;68,63;67,07;65,51;63,95;62,39;58,49
68654;635;Prsačky MIKADO Premium Strong;77,99;1;77,99;36,50;23;1;70,97;25;70,97;70,97;70,97;70,19;68,63;67,07;65,51;63,95;62,39;58,49
68655;635;Prsačky MIKADO Premium Strong;77,99;1;77,99;42,28;23;1;70,97;25;70,97;70,97;70,97;70,19;68,63;67,07;65,51;63,95;62,39;58,49
91682;;Taška DELPHIN Spool SPACE C2G na cievky;18,50;1;18,50;9,46;23;1;15,73;25;15,73;15,73;15,73;15,73;15,73;15,73;15,54;15,17;14,80;13,88
23687;;Uťahovač a odblankovač MIVARDI;2,76;1;2,76;1,23;23;1;2,48;10;2,48;2,48;2,48;2,48;2,48;2,48;2,48;2,48;2,48;2,48
88814;636;Navijak DAM Runshift 3A FS;31,76;1;31,76;14,80;23;1;31,76;;30,49;29,85;29,22;28,58;27,95;27,31;26,68;26,04;25,41;23,82
88817;636;Navijak DAM Runshift 3A FS;37,91;1;37,91;17,67;23;1;37,91;;36,39;35,64;34,88;34,12;33,36;32,60;31,84;31,09;30,33;28,43
108717;;Koreniaca zmes BALZER Pstruh Gourmet na údenie;6,80;1;6,80;3,73;23;1;6,80;;6,53;6,39;6,26;6,12;5,98;5,85;5,71;5,58;5,44;5,10
93423;637;Kožené nepremokavé topánky DELPHIN Ixtera Sierra;65,95;1;65,95;35,65;23;1;56,06;25;56,06;56,06;56,06;56,06;56,06;56,06;55,40;54,08;52,76;49,46
93424;637;Kožené nepremokavé topánky DELPHIN Ixtera Sierra;65,95;1;65,95;35,65;23;1;56,06;25;56,06;56,06;56,06;56,06;56,06;56,06;55,40;54,08;52,76;49,46
93425;637;Kožené nepremokavé topánky DELPHIN Ixtera Sierra;65,95;1;65,95;35,65;23;1;56,06;25;56,06;56,06;56,06;56,06;56,06;56,06;55,40;54,08;52,76;49,46
93426;637;Kožené nepremokavé topánky DELPHIN Ixtera Sierra;65,95;1;65,95;35,65;23;1;56,06;25;56,06;56,06;56,06;56,06;56,06;56,06;55,40;54,08;52,76;49,46
93427;637;Kožené nepremokavé topánky DELPHIN Ixtera Sierra;65,95;1;65,95;35,65;23;1;56,06;25;56,06;56,06;56,06;56,06;56,06;56,06;55,40;54,08;52,76;49,46
93428;637;Kožené nepremokavé topánky DELPHIN Ixtera Sierra;65,95;1;65,95;35,65;23;1;56,06;25;56,06;56,06;56,06;56,06;56,06;56,06;55,40;54,08;52,76;49,46
101775;;Navijak SHIMANO Twin Power XD FB 4000 PG;504,95;1;504,95;308,53;23;1;504,95;;484,75;474,65;464,55;454,46;444,36;434,26;424,16;414,06;403,96;378,71
68662;;Nástraha MIKADO Sicario 18 cm, 2 ks, Bleeding Dace;9,50;1;9,50;4,13;23;1;8,65;25;8,65;8,65;8,65;8,55;8,36;8,17;7,98;7,79;7,60;7,13
23880;;Taška MIVARDI Carryall Premium;45,09;1;45,09;22,03;23;1;40,58;10;40,58;40,58;40,58;40,58;40,58;40,58;40,58;40,58;40,58;40,58
88859;;Navijak DAM Combo Tech Carp 5000;37,82;1;37,82;15,98;23;1;37,82;;36,31;35,55;34,79;34,04;33,28;32,53;31,77;31,01;30,26;28,37
10879;;Batéria BC Batteries Alkaline 9V;2,90;1;2,90;1,73;23;1;2,90;;2,78;2,73;2,67;2,61;2,55;2,49;2,44;2,38;2,32;2,18
79146;;Koncová zostava EXTRA CARP Safety Clips with Camo Tubing, 3ks;1,61;1;1,67;0,98;23;1;1,67;;1,60;1,57;1,54;1,50;1,47;1,44;1,40;1,37;1,34;1,25
103000;;Booster ABAITS Liquid Cesnak;9,74;1;9,74;5,70;23;1;9,74;;9,35;9,16;8,96;8,77;8,57;8,38;8,18;7,99;7,79;7,31
23982;638;Náväzec MIVARDI Classic Boilie Rig;2,55;1;2,55;1,14;23;1;2,30;10;2,30;2,30;2,30;2,30;2,30;2,30;2,30;2,30;2,30;2,30
23983;638;Náväzec MIVARDI Classic Boilie Rig;2,55;1;2,55;1,14;23;1;2,30;10;2,30;2,30;2,30;2,30;2,30;2,30;2,30;2,30;2,30;2,30
23984;638;Náväzec MIVARDI Classic Boilie Rig;2,48;1;2,48;1,18;23;1;2,23;10;2,23;2,23;2,23;2,23;2,23;2,23;2,23;2,23;2,23;2,23
23985;638;Náväzec MIVARDI Classic Boilie Rig;2,55;1;2,55;1,18;23;1;2,30;10;2,30;2,30;2,30;2,30;2,30;2,30;2,30;2,30;2,30;2,30
88883;;Hĺbkomer DAM Line Counter;17,43;1;17,43;9,71;23;1;17,43;;16,73;16,38;16,04;15,69;15,34;14,99;14,64;14,29;13,94;13,07
109016;639;Boilie TB Baits GLM Squid Strawbery, 2,5 kg;34,70;1;34,70;17,41;23;1;34,70;15;33,31;32,62;31,92;31,23;30,54;29,84;29,50;29,50;29,50;29,50
109017;639;Boilie TB Baits GLM Squid Strawbery, 2,5 kg;34,70;1;34,70;16,93;23;1;34,70;15;33,31;32,62;31,92;31,23;30,54;29,84;29,50;29,50;29,50;29,50
47338;640;Vobler RAPALA X-Light Crank Mid Runner 03;9,27;1;9,27;4,91;23;1;9,27;;8,90;8,71;8,53;8,34;8,16;7,97;7,79;7,60;7,42;6,95
47339;640;Vobler RAPALA X-Light Crank Mid Runner 03;7,59;1;7,59;4,91;23;1;7,59;;7,29;7,13;6,98;6,83;6,68;6,53;6,38;6,22;6,07;5,69
47340;640;Vobler RAPALA X-Light Crank Mid Runner 03;9,05;1;9,05;5,03;23;1;9,05;;8,69;8,51;8,33;8,15;7,96;7,78;7,60;7,42;7,24;6,79
47341;640;Vobler RAPALA X-Light Crank Mid Runner 03;9,05;1;9,05;5,03;23;1;9,05;;8,69;8,51;8,33;8,15;7,96;7,78;7,60;7,42;7,24;6,79
47342;640;Vobler RAPALA X-Light Crank Mid Runner 03;9,27;1;9,27;4,91;23;1;9,27;;8,90;8,71;8,53;8,34;8,16;7,97;7,79;7,60;7,42;6,95
47395;640;Vobler RAPALA X-Light Crank Mid Runner 03;7,59;1;7,59;4,91;23;1;7,59;;7,29;7,13;6,98;6,83;6,68;6,53;6,38;6,22;6,07;5,69
79174;;Skladacie vedro ZFISH 18 l;16,40;1;16,40;6,12;23;1;16,40;;15,74;15,42;15,09;14,76;14,43;14,10;13,78;13,45;13,12;12,30
103101;641;Boilie ABAITS Pop Up Fluo, Aníz & Višňa;7,50;1;7,50;4,48;23;1;7,50;;7,20;7,05;6,90;6,75;6,60;6,45;6,30;6,15;6,00;5,63
103106;641;Boilie ABAITS Pop Up Fluo, Aníz & Višňa;7,50;1;7,50;4,48;23;1;7,50;;7,20;7,05;6,90;6,75;6,60;6,45;6,30;6,15;6,00;5,63
39267;642;Olovo DELPHIN Leads hruška s obratlíkom;1,22;1;1,22;0,50;23;1;1,04;25;1,04;1,04;1,04;1,04;1,04;1,04;1,02;1,00;0,98;0,92
39272;642;Olovo DELPHIN Leads hruška s obratlíkom;3,27;1;3,27;1,21;23;1;2,78;25;2,78;2,78;2,78;2,78;2,78;2,78;2,75;2,68;2,62;2,45
24454;;Vlajka Slovensko na lode;15,89;1;15,89;8,45;23;1;15,89;;15,25;14,94;14,62;14,30;13,98;13,67;13,35;13,03;12,71;11,92
88952;643;Nástraha SAVAGE GEAR Slender Scoop Shad Bulk, Lemon Back;1,73;1;1,73;0,82;23;1;1,73;;1,66;1,63;1,59;1,56;1,52;1,49;1,45;1,42;1,38;1,30
88955;643;Nástraha SAVAGE GEAR Slender Scoop Shad Bulk, Lemon Back;2,04;1;2,04;0,97;23;1;2,04;;1,96;1,92;1,88;1,84;1,80;1,75;1,71;1,67;1,63;1,53
109032;644;Boilie TB Baits Red Crab, 2,50 kg;30,39;1;30,39;15,03;23;1;30,39;15;29,17;28,57;27,96;27,35;26,74;26,14;25,83;25,83;25,83;25,83
109033;644;Boilie TB Baits Red Crab, 2,50 kg;30,39;1;30,39;15,12;23;1;30,39;15;29,17;28,57;27,96;27,35;26,74;26,14;25,83;25,83;25,83;25,83
47353;;Nástraha RAPALA Rap-V Pearch Bladed Jig 10;12,35;1;12,35;6,88;23;1;12,35;;11,86;11,61;11,36;11,12;10,87;10,62;10,37;10,13;9,88;9,26
103124;645;Boilie ABAITS Pop Up Fluo, Slivka;6,49;1;6,49;3,91;23;1;6,49;;6,23;6,10;5,97;5,84;5,71;5,58;5,45;5,32;5,19;4,87
103125;645;Boilie ABAITS Pop Up Fluo, Slivka;6,49;1;6,49;4,10;23;1;6,49;;6,23;6,10;5,97;5,84;5,71;5,58;5,45;5,32;5,19;4,87
68727;;Háčiky MIKADO Sensual Chinu;1,39;1;1,39;0,44;23;1;1,26;25;1,26;1,26;1,26;1,25;1,22;1,20;1,17;1,14;1,11;1,04
88970;;Jojo SAVAGE GEAR MP Retractor;7,90;1;7,90;4,37;23;1;7,90;;7,58;7,43;7,27;7,11;6,95;6,79;6,64;6,48;6,32;5,93
79210;646;Krimpovacie spojky NGT Spare Crimps;1,98;1;1,98;0,89;23;1;1,98;;1,90;1,86;1,82;1,78;1,74;1,70;1,66;1,62;1,58;1,49
79211;646;Krimpovacie spojky NGT Spare Crimps;2,05;1;2,05;0,89;23;1;2,05;;1,97;1,93;1,89;1,85;1,80;1,76;1,72;1,68;1,64;1,54
103156;647;Krmivo ABAITS Feeder Mix zmes, Kreveta & Arašid;4,19;1;4,19;2,21;23;1;4,19;;4,02;3,94;3,85;3,77;3,69;3,60;3,52;3,44;3,35;3,14
103157;647;Krmivo ABAITS Feeder Mix zmes, Kreveta & Arašid;9,70;1;9,70;5,99;23;1;9,70;;9,31;9,12;8,92;8,73;8,54;8,34;8,15;7,95;7,76;7,28
103158;647;Krmivo ABAITS Feeder Mix zmes, Kreveta & Arašid;17,99;1;17,99;10,87;23;1;17,99;;17,27;16,91;16,55;16,19;15,83;15,47;15,11;14,75;14,39;13,49
39382;648;Špička DELPHIN Carbon U-Heavy River Trophy;10,50;1;10,50;5,35;23;1;8,93;25;8,93;8,93;8,93;8,93;8,93;8,93;8,82;8,61;8,40;7,88
39384;648;Špička DELPHIN Carbon U-Heavy River Trophy;8,95;1;8,95;4,82;23;1;7,61;25;7,61;7,61;7,61;7,61;7,61;7,61;7,52;7,34;7,16;6,71
39385;648;Špička DELPHIN Carbon U-Heavy River Trophy;8,95;1;8,95;4,82;23;1;7,61;25;7,61;7,61;7,61;7,61;7,61;7,61;7,52;7,34;7,16;6,71
64223;;Stoper BLACK CAT Hard Bead;3,28;1;3,28;1,65;23;1;3,28;;3,15;3,08;3,02;2,95;2,89;2,82;2,76;2,69;2,62;2,46
88986;649;Dvojháčiky MADCAT A-Static Deadbait Gripper Hooks;8,99;1;8,99;4,59;23;1;8,99;;8,63;8,45;8,27;8,09;7,91;7,73;7,55;7,37;7,19;6,74
88993;649;Dvojháčiky MADCAT A-Static Deadbait Gripper Hooks;9,21;1;9,21;4,17;23;1;9,21;;8,84;8,66;8,47;8,29;8,10;7,92;7,74;7,55;7,37;6,91
79232;;Šnúra ZFISH Scorpion Sinking Braid;3,90;1;3,90;1,72;23;1;3,90;;3,74;3,67;3,59;3,51;3,43;3,35;3,28;3,20;3,12;2,93
103206;650;Mini boilie ABAITS Wafters, 8 mm, Med;5,01;1;5,01;3,27;23;1;5,01;;4,81;4,71;4,61;4,51;4,41;4,31;4,21;4,11;4,01;3,76
39419;;Okysličovač DELPHIN A-Pump Mini;11,96;1;11,96;6,29;23;1;10,17;25;10,17;10,17;10,17;10,17;10,17;10,17;10,05;9,81;9,57;8,97
68760;651;Navijak MIKADO NSC N.G. FD;28,99;1;28,99;11,43;23;1;26,38;25;26,38;26,38;26,38;26,09;25,51;24,93;24,35;23,77;23,19;21,74
68761;651;Navijak MIKADO NSC N.G. FD;29,99;1;29,99;12,31;23;1;27,29;25;27,29;27,29;27,29;26,99;26,39;25,79;25,19;24,59;23,99;22,49
47438;;Vobler RAPALA Rippin Rap 05, OLM;8,91;1;8,91;5,12;23;1;8,91;;8,55;8,38;8,20;8,02;7,84;7,66;7,48;7,31;7,13;6,68
79252;;Podberák ZFISH Landing Net Compact RM;26,70;1;26,70;12,50;23;1;26,70;;25,63;25,10;24,56;24,03;23,50;22,96;22,43;21,89;21,36;20,03
103247;;Pelety PVA ABAITS Enzymatic Black G.L.M., 3 mm, 1 kg;5,50;1;5,50;3,37;23;1;5,50;;5,28;5,17;5,06;4,95;4,84;4,73;4,62;4,51;4,40;4,13
39460;652;Nadväzcová šnúra DELPHIN Skin Line Sixcoat Grass;6,95;1;6,95;3,64;23;1;5,91;25;5,91;5,91;5,91;5,91;5,91;5,91;5,84;5,70;5,56;5,21
39461;652;Nadväzcová šnúra DELPHIN Skin Line Sixcoat Grass;10,50;1;10,50;5,52;23;1;8,93;25;8,93;8,93;8,93;8,93;8,93;8,93;8,82;8,61;8,40;7,88
68776;653;Prút MIKADO Sensual NG Heavy Feeder;76,99;1;76,99;30,24;23;1;70,06;25;70,06;70,06;70,06;69,29;67,75;66,21;64,67;63,13;61,59;57,74
68777;653;Prút MIKADO Sensual NG Heavy Feeder;81,00;1;81,00;32,17;23;1;73,71;25;73,71;73,71;73,71;72,90;71,28;69,66;68,04;66,42;64,80;60,75
64547;654;Nástraha SPORTS Kaprí sen kostný červ plávajúci;2,08;1;2,08;1,25;23;1;2,08;;2,00;1,96;1,91;1,87;1,83;1,79;1,75;1,71;1,66;1,56
64548;654;Nástraha SPORTS Kaprí sen kostný červ plávajúci;2,08;1;2,08;1,25;23;1;2,08;;2,00;1,96;1,91;1,87;1,83;1,79;1,75;1,71;1,66;1,56
109098;;Obaľovacia pasta TB Baits Red Crab, 200 ml;6,49;1;6,49;3,16;23;1;6,49;15;6,23;6,10;5,97;5,84;5,71;5,58;5,52;5,52;5,52;5,52
49989;655;Boilies NIKL Criticals Chilli & Peach;10,16;1;10,16;5,89;23;1;10,16;;9,75;9,55;9,35;9,14;8,94;8,74;8,53;8,33;8,13;7,62
49990;655;Boilies NIKL Criticals Chilli & Peach;10,16;1;10,16;6,28;23;1;10,16;;9,75;9,55;9,35;9,14;8,94;8,74;8,53;8,33;8,13;7,62
79270;;Signalizátor EXTRA CARP Bite Indicator + Light Stick;1,40;1;1,40;0,49;23;1;1,40;;1,34;1,32;1,29;1,26;1,23;1,20;1,18;1,15;1,12;1,05
93535;;Gumený stoper DELPHIN TheEnd Ronnie, 20 ks;2,71;1;2,71;1,29;23;1;2,30;25;2,30;2,30;2,30;2,30;2,30;2,30;2,28;2,22;2,17;2,03
103263;;Dip ABAITS Ghost Med, 100 ml;8,00;1;8,00;4,75;23;1;8,00;;7,68;7,52;7,36;7,20;7,04;6,88;6,72;6,56;6,40;6,00
39547;656;Vlasec DELPHIN Kyoto modrý;3,60;1;;;23;1;;25;3,46;3,38;3,31;3,24;3,17;3,10;3,02;2,95;2,88;2,70
27039;657;Vlasec ESOX Raptor Hi-tech;2,10;1;2,10;1,28;23;1;2,10;;2,02;1,97;1,93;1,89;1,85;1,81;1,76;1,72;1,68;1,58
27040;657;Vlasec ESOX Raptor Hi-tech;1,75;1;1,75;1,38;23;1;1,75;;1,68;1,65;1,61;1,58;1,54;1,51;1,47;1,44;1,40;1,31
27041;657;Vlasec ESOX Raptor Hi-tech;2,60;1;2,60;1,57;23;1;2,60;;2,50;2,44;2,39;2,34;2,29;2,24;2,18;2,13;2,08;1,95
27042;657;Vlasec ESOX Raptor Hi-tech;2,71;1;2,71;1,67;23;1;2,71;;2,60;2,55;2,49;2,44;2,38;2,33;2,28;2,22;2,17;2,03
27043;657;Vlasec ESOX Raptor Hi-tech;3,00;1;3,00;1,77;23;1;3,00;;2,88;2,82;2,76;2,70;2,64;2,58;2,52;2,46;2,40;2,25
27044;657;Vlasec ESOX Raptor Hi-tech;3,10;1;3,10;1,87;23;1;3,10;;2,98;2,91;2,85;2,79;2,73;2,67;2,60;2,54;2,48;2,33
27045;657;Vlasec ESOX Raptor Hi-tech;3,60;1;3,60;2,07;23;1;3,60;;3,46;3,38;3,31;3,24;3,17;3,10;3,02;2,95;2,88;2,70
27046;657;Vlasec ESOX Raptor Hi-tech;3,80;1;3,80;2,16;23;1;3,80;;3,65;3,57;3,50;3,42;3,34;3,27;3,19;3,12;3,04;2,85
27047;657;Vlasec ESOX Raptor Hi-tech;4,00;1;4,00;2,36;23;1;4,00;;3,84;3,76;3,68;3,60;3,52;3,44;3,36;3,28;3,20;3,00
27048;657;Vlasec ESOX Raptor Hi-tech;4,19;1;4,19;2,46;23;1;4,19;;4,02;3,94;3,85;3,77;3,69;3,60;3,52;3,44;3,35;3,14
27049;657;Vlasec ESOX Raptor Hi-tech;4,80;1;4,80;2,85;23;1;4,80;;4,61;4,51;4,42;4,32;4,22;4,13;4,03;3,94;3,84;3,60
27144;657;Vlasec ESOX Raptor Hi-tech;3,39;1;3,39;1,87;23;1;3,39;;3,25;3,19;3,12;3,05;2,98;2,92;2,85;2,78;2,71;2,54
76685;657;Vlasec ESOX Raptor Hi-tech;2,50;1;2,50;1,48;23;1;2,50;;2,40;2,35;2,30;2,25;2,20;2,15;2,10;2,05;2,00;1,88
64862;658;Prút BLACK CAT Silu Cast;138,70;1;;;23;1;;;133,15;130,38;127,60;124,83;122,06;119,28;116,51;113,73;110,96;104,03
93551;;Elastické zarážky DELPHIN TheEnd Elastic Stopper Ground+Clear;2,60;1;2,60;1,24;23;1;2,21;25;2,21;2,21;2,21;2,21;2,21;2,21;2,18;2,13;2,08;1,95
103520;;Nabíjacia čelovka FLACARP HL4RX s príposluchom;92,25;1;92,25;50,00;23;1;92,25;;88,56;86,72;84,87;83,03;81,18;79,34;77,49;75,65;73,80;69,19
68808;659;Vlasec MIKADO Sensual N.G. Method Feeder Black, 150 m;3,69;1;3,69;1,32;23;1;3,36;25;3,36;3,36;3,36;3,32;3,25;3,17;3,10;3,03;2,95;2,77
68809;659;Vlasec MIKADO Sensual N.G. Method Feeder Black, 150 m;3,69;1;3,69;1,32;23;1;3,36;25;3,36;3,36;3,36;3,32;3,25;3,17;3,10;3,03;2,95;2,77
68810;659;Vlasec MIKADO Sensual N.G. Method Feeder Black, 150 m;3,69;1;3,69;1,32;23;1;3,36;25;3,36;3,36;3,36;3,32;3,25;3,17;3,10;3,03;2,95;2,77
68811;659;Vlasec MIKADO Sensual N.G. Method Feeder Black, 150 m;3,69;1;3,69;1,32;23;1;3,36;25;3,36;3,36;3,36;3,32;3,25;3,17;3,10;3,03;2,95;2,77
68812;659;Vlasec MIKADO Sensual N.G. Method Feeder Black, 150 m;3,69;1;3,69;1,32;23;1;3,36;25;3,36;3,36;3,36;3,32;3,25;3,17;3,10;3,03;2,95;2,77
109130;660;Boilie TB Baits Hard Orient Shrimp;15,20;1;15,20;7,66;23;1;15,20;15;14,59;14,29;13,98;13,68;13,38;13,07;12,92;12,92;12,92;12,92
109131;660;Boilie TB Baits Hard Orient Shrimp;5,20;1;5,20;2,72;23;1;5,20;15;4,99;4,89;4,78;4,68;4,58;4,47;4,42;4,42;4,42;4,42
5161;661;Fúkaná kukurica CUKK;2,55;1;2,55;1,67;23;1;2,55;;2,45;2,40;2,35;2,30;2,24;2,19;2,14;2,09;2,04;1,91
5407;661;Fúkaná kukurica CUKK;2,55;1;2,55;1,91;23;1;2,55;;2,45;2,40;2,35;2,30;2,24;2,19;2,14;2,09;2,04;1,91
5408;661;Fúkaná kukurica CUKK;2,55;1;2,55;1,91;23;1;2,55;;2,45;2,40;2,35;2,30;2,24;2,19;2,14;2,09;2,04;1,91
79302;;Obratlík s karabínkou FILFISHING Power Snap M;1,93;1;1,93;0,83;23;1;1,93;;1,85;1,81;1,78;1,74;1,70;1,66;1,62;1,58;1,54;1,45
93568;662;Nadväzec DELPHIN TheEnd D-Rig, 2 ks;3,70;1;3,70;1,77;23;1;3,15;25;3,15;3,15;3,15;3,15;3,15;3,15;3,11;3,03;2,96;2,78
93569;662;Nadväzec DELPHIN TheEnd D-Rig, 2 ks;3,70;1;3,70;1,77;23;1;3,15;25;3,15;3,15;3,15;3,15;3,15;3,15;3,11;3,03;2,96;2,78
69003;663;Boilie LK BAITS Nutrigo Feed-Ex, 800 g, 20 mm;12,71;1;12,71;6,70;23;1;12,71;;12,20;11,95;11,69;11,44;11,18;10,93;10,68;10,42;10,17;9,53
69004;663;Boilie LK BAITS Nutrigo Feed-Ex, 800 g, 20 mm;11,89;1;11,89;6,36;23;1;11,89;;11,41;11,18;10,94;10,70;10,46;10,23;9,99;9,75;9,51;8,92
69005;663;Boilie LK BAITS Nutrigo Feed-Ex, 800 g, 20 mm;13,01;1;13,01;7,55;23;1;13,01;;12,49;12,23;11,97;11,71;11,45;11,19;10,93;10,67;10,41;9,76
65122;;Pelety SPORTS Kaprí sen Úhor 7mm;1,69;1;1,69;1,20;23;1;1,69;;1,62;1,59;1,55;1,52;1,49;1,45;1,42;1,39;1,35;1,27
5246;;Plavák Sports KP 35;1,91;1;1,91;0,95;23;1;1,91;;1,83;1,80;1,76;1,72;1,68;1,64;1,60;1,57;1,53;1,43
79322;;Prístrešok NGT Day Shelter with Storm Poles;47,29;1;47,29;29,38;23;1;47,29;;45,40;44,45;43,51;42,56;41,62;40,67;39,72;38,78;37,83;35,47
93584;664;Nadväzec DELPHIN Fluoro Sting Chinu, 10 ks;4,70;1;4,70;2,35;23;1;4,00;25;4,00;4,00;4,00;4,00;4,00;4,00;3,95;3,85;3,76;3,53
93585;664;Nadväzec DELPHIN Fluoro Sting Chinu, 10 ks;4,70;1;4,70;2,35;23;1;4,00;25;4,00;4,00;4,00;4,00;4,00;4,00;3,95;3,85;3,76;3,53
93586;664;Nadväzec DELPHIN Fluoro Sting Chinu, 10 ks;4,70;1;4,70;2,35;23;1;4,00;25;4,00;4,00;4,00;4,00;4,00;4,00;3,95;3,85;3,76;3,53
93587;664;Nadväzec DELPHIN Fluoro Sting Chinu, 10 ks;4,70;1;4,70;2,35;23;1;4,00;25;4,00;4,00;4,00;4,00;4,00;4,00;3,95;3,85;3,76;3,53
93588;664;Nadväzec DELPHIN Fluoro Sting Chinu, 10 ks;4,70;1;4,70;2,35;23;1;4,00;25;4,00;4,00;4,00;4,00;4,00;4,00;3,95;3,85;3,76;3,53
93589;664;Nadväzec DELPHIN Fluoro Sting Chinu, 10 ks;4,70;1;4,70;2,35;23;1;4,00;25;4,00;4,00;4,00;4,00;4,00;4,00;3,95;3,85;3,76;3,53
103635;;Muška UNIQUE Flies Krystal Bugger Motor Oil Daiichi;3,06;1;3,06;1,13;23;1;3,06;;2,94;2,88;2,82;2,75;2,69;2,63;2,57;2,51;2,45;2,30
91987;;Detská pletené rukavice DELPHIN Yupie;4,70;1;4,70;2,44;23;1;4,00;25;4,00;4,00;4,00;4,00;4,00;4,00;3,95;3,85;3,76;3,53
110000;665;Vobler TAPADO SZ, Redhead;9,50;1;9,50;6,03;23;1;9,50;;9,12;8,93;8,74;8,55;8,36;8,17;7,98;7,79;7,60;7,13
110005;665;Vobler TAPADO SZ, Redhead;10,30;1;10,30;6,52;23;1;10,30;;9,89;9,68;9,48;9,27;9,06;8,86;8,65;8,45;8,24;7,73
110008;665;Vobler TAPADO SZ, Redhead;10,30;1;10,30;6,52;23;1;10,30;;9,89;9,68;9,48;9,27;9,06;8,86;8,65;8,45;8,24;7,73
110013;665;Vobler TAPADO SZ, Redhead;10,30;1;10,30;6,52;23;1;10,30;;9,89;9,68;9,48;9,27;9,06;8,86;8,65;8,45;8,24;7,73
110018;665;Vobler TAPADO SZ, Redhead;10,30;1;10,30;6,52;23;1;10,30;;9,89;9,68;9,48;9,27;9,06;8,86;8,65;8,45;8,24;7,73
110035;665;Vobler TAPADO SZ, Redhead;9,50;1;9,50;6,03;23;1;9,50;;9,12;8,93;8,74;8,55;8,36;8,17;7,98;7,79;7,60;7,13
103652;;Krabička WESTIN W3 Tackle Box;12,29;1;12,29;6,38;23;1;12,29;;11,80;11,55;11,31;11,06;10,82;10,57;10,32;10,08;9,83;9,22
69071;;Boilie LK BAITS Nutrigo Wafters Scopex & Squid;6,00;1;6,00;3,10;23;1;6,00;;5,76;5,64;5,52;5,40;5,28;5,16;5,04;4,92;4,80;4,50
27889;;Obratlík ESOX Quick Change Swivel;2,25;1;2,25;1,29;23;1;2,25;;2,16;2,12;2,07;2,03;1,98;1,94;1,89;1,85;1,80;1,69
89353;;Púzdro DELPHIN Area Stick Carpat na vidličky;20,95;1;20,95;11,08;23;1;17,81;25;17,81;17,81;17,81;17,81;17,81;17,81;17,60;17,18;16,76;15,71
53271;;Tuba na plaváky;4,90;1;4,90;2,01;23;1;4,46;25;4,46;4,46;4,46;4,41;4,31;4,21;4,12;4,02;3,92;3,68
79354;;Ventilátor NGT Bivvy 3v1, svetlo, powerbanka;34,35;1;34,35;16,53;23;1;34,35;;32,98;32,29;31,60;30,92;30,23;29,54;28,85;28,17;27,48;25,76
103668;;Nástraha WESTIN Crecraw Creaturebait, UV Gloom, 6 ks;8,19;1;8,19;4,75;23;1;8,19;;7,86;7,70;7,53;7,37;7,21;7,04;6,88;6,72;6,55;6,14
69096;;Pelety LK BAITS Pop Up v dipe, Pečeň;6,46;1;6,46;3,60;23;1;6,46;;6,20;6,07;5,94;5,81;5,68;5,56;5,43;5,30;5,17;4,85
27911;666;Kopyto ESOX Raptor Lures 12,5cm;1,25;1;1,25;0,70;23;1;1,25;;1,20;1,18;1,15;1,13;1,10;1,08;1,05;1,03;1,00;0,94
27912;666;Kopyto ESOX Raptor Lures 12,5cm;1,28;1;1,28;0,70;23;1;1,28;;1,23;1,20;1,18;1,15;1,13;1,10;1,08;1,05;1,02;0,96
27913;666;Kopyto ESOX Raptor Lures 12,5cm;1,22;1;1,22;0,70;23;1;1,22;;1,17;1,15;1,12;1,10;1,07;1,05;1,02;1,00;0,98;0,92
27914;666;Kopyto ESOX Raptor Lures 12,5cm;1,22;1;1,22;0,70;23;1;1,22;;1,17;1,15;1,12;1,10;1,07;1,05;1,02;1,00;0,98;0,92
89425;;Stojan DELPHIN Bronx 2G;64,94;1;64,94;37,11;23;1;55,20;25;55,20;55,20;55,20;55,20;55,20;55,20;54,55;53,25;51,95;48,71
110027;667;Vobler TAPADO Druid, Chub;10,30;1;10,30;6,27;23;1;10,30;;9,89;9,68;9,48;9,27;9,06;8,86;8,65;8,45;8,24;7,73
110032;667;Vobler TAPADO Druid, Chub;10,30;1;10,30;6,27;23;1;10,30;;9,89;9,68;9,48;9,27;9,06;8,86;8,65;8,45;8,24;7,73
79372;;Vedro ZFISH Z-Core Bucket s miskou, 17 litrov;13,51;1;13,51;6,33;23;1;13,51;;12,97;12,70;12,43;12,16;11,89;11,62;11,35;11,08;10,81;10,13
93632;668;Krmítko bez olova DELPHIN Method Quix Eco XL;2,60;1;2,60;1,40;23;1;2,21;25;2,21;2,21;2,21;2,21;2,21;2,21;2,18;2,13;2,08;1,95
93633;668;Krmítko bez olova DELPHIN Method Quix Eco XL;2,60;1;2,60;1,40;23;1;2,21;25;2,21;2,21;2,21;2,21;2,21;2,21;2,18;2,13;2,08;1,95
93634;668;Krmítko bez olova DELPHIN Method Quix Eco XL;2,80;1;2,80;1,51;23;1;2,38;25;2,38;2,38;2,38;2,38;2,38;2,38;2,35;2,30;2,24;2,10
93635;668;Krmítko bez olova DELPHIN Method Quix Eco XL;3,00;1;3,00;1,61;23;1;2,55;25;2,55;2,55;2,55;2,55;2,55;2,55;2,52;2,46;2,40;2,25
93636;668;Krmítko bez olova DELPHIN Method Quix Eco XL;3,20;1;3,20;1,72;23;1;2,72;25;2,72;2,72;2,72;2,72;2,72;2,72;2,69;2,62;2,56;2,40
93637;668;Krmítko bez olova DELPHIN Method Quix Eco XL;3,39;1;3,39;1,83;23;1;2,88;25;2,88;2,88;2,88;2,88;2,88;2,88;2,85;2,78;2,71;2,54
93638;668;Krmítko bez olova DELPHIN Method Quix Eco XL;3,70;1;3,70;2,00;23;1;3,15;25;3,15;3,15;3,15;3,15;3,15;3,15;3,11;3,03;2,96;2,78
93639;668;Krmítko bez olova DELPHIN Method Quix Eco XL;3,90;1;3,90;2,12;23;1;3,32;25;3,32;3,32;3,32;3,32;3,32;3,32;3,28;3,20;3,12;2,93
93640;668;Krmítko bez olova DELPHIN Method Quix Eco XL;4,10;1;4,10;2,21;23;1;3,49;25;3,49;3,49;3,49;3,49;3,49;3,49;3,44;3,36;3,28;3,08
103682;669;Nástraha WESTIN Shadteez Hollow, Headlight;1,62;1;1,62;;23;1;1,62;;1,56;1,52;1,49;1,46;1,43;1,39;1,36;1,33;1,30;1,22
103683;669;Nástraha WESTIN Shadteez Hollow, Headlight;2,55;1;2,55;;23;1;2,55;;2,45;2,40;2,35;2,30;2,24;2,19;2,14;2,09;2,04;1,91
39832;;Okuliare DELPHIN SG Twist;20,95;1;20,95;11,27;23;1;17,81;25;17,81;17,81;17,81;17,81;17,81;17,81;17,60;17,18;16,76;15,71
69114;670;Nástraha kukurica LK BAITS CUC! Corn Med;5,50;1;5,50;2,90;23;1;5,50;;5,28;5,17;5,06;4,95;4,84;4,73;4,62;4,51;4,40;4,13
69117;670;Nástraha kukurica LK BAITS CUC! Corn Med;5,69;1;5,69;2,90;23;1;5,69;;5,46;5,35;5,23;5,12;5,01;4,89;4,78;4,67;4,55;4,27
69118;670;Nástraha kukurica LK BAITS CUC! Corn Med;5,50;1;5,50;2,90;23;1;5,50;;5,28;5,17;5,06;4,95;4,84;4,73;4,62;4,51;4,40;4,13
28120;;Ochranná vidlička MIVARDI Snag Gear ku signalizátoru;9,99;1;9,99;5,00;23;1;8,99;10;8,99;8,99;8,99;8,99;8,99;8,99;8,99;8,99;8,99;8,99
110409;;Penové nástrahy APS Slim SET-3, 135 mm, bal. 3 ks;6,75;1;6,75;2,93;23;1;6,75;;6,48;6,35;6,21;6,08;5,94;5,81;5,67;5,54;5,40;5,06
53695;671;Vlasec fluorokarbón DELPHIN FLR Carbon;5,95;1;5,95;2,76;23;1;5,06;25;5,06;5,06;5,06;5,06;5,06;5,06;5,00;4,88;4,76;4,46
53697;671;Vlasec fluorokarbón DELPHIN FLR Carbon;6,49;1;6,49;2,98;23;1;5,52;25;5,52;5,52;5,52;5,52;5,52;5,52;5,45;5,32;5,19;4,87
53698;671;Vlasec fluorokarbón DELPHIN FLR Carbon;6,95;1;6,95;3,23;23;1;5,91;25;5,91;5,91;5,91;5,91;5,91;5,91;5,84;5,70;5,56;5,21
54659;671;Vlasec fluorokarbón DELPHIN FLR Carbon;6,49;1;6,49;2,96;23;1;5,52;25;5,52;5,52;5,52;5,52;5,52;5,52;5,45;5,32;5,19;4,87
93648;;Karbónová vrhacia tyč DELPHIN CarbonShot+ Long;59,95;1;59,95;32,41;23;1;50,96;25;50,96;50,96;50,96;50,96;50,96;50,96;50,36;49,16;47,96;44,96
103698;;Vobler WESTIN Babybite DR Crankbait 6,5 cm;10,25;1;10,25;2,98;23;1;10,25;;9,84;9,64;9,43;9,23;9,02;8,82;8,61;8,41;8,20;7,69
69136;;Varený partikel LK BAITS Extra Shrimp, 1 kg;6,30;1;6,30;3,60;23;1;6,30;;6,05;5,92;5,80;5,67;5,54;5,42;5,29;5,17;5,04;4,73
61602;672;"Kopyto RELAX RK 3"" S,  7,5 cm";1,17;1;1,17;0,70;23;1;1,17;;1,12;1,10;1,08;1,05;1,03;1,01;0,98;0,96;0,94;0,88
65452;672;"Kopyto RELAX RK 3"" S,  7,5 cm";1,17;1;1,17;0,70;23;1;1,17;;1,12;1,10;1,08;1,05;1,03;1,01;0,98;0,96;0,94;0,88
65454;672;"Kopyto RELAX RK 3"" S,  7,5 cm";1,17;1;1,17;0,64;23;1;1,17;;1,12;1,10;1,08;1,05;1,03;1,01;0,98;0,96;0,94;0,88
65455;672;"Kopyto RELAX RK 3"" S,  7,5 cm";1,17;1;1,17;0,69;23;1;1,17;;1,12;1,10;1,08;1,05;1,03;1,01;0,98;0,96;0,94;0,88
8076-21;672;"Kopyto RELAX RK 3"" S,  7,5 cm";1,17;1;1,17;0,69;23;1;1,17;;1,12;1,10;1,08;1,05;1,03;1,01;0,98;0,96;0,94;0,88
110426;;Penová nástraha APS Jig Head 175 mm, Foam Lure, Set-1, bal. 3 ks;7,39;1;7,39;3,21;23;1;7,39;;7,09;6,95;6,80;6,65;6,50;6,36;6,21;6,06;5,91;5,54
54086;;Čereň DELPHIN s nylonovou sieťou;16,95;1;16,95;8,82;23;1;14,41;25;14,41;14,41;14,41;14,41;14,41;14,41;14,24;13,90;13,56;12,71
79404;;Nadväzec ZFISH Ronnie Rig Boom 18 cm, 30 lb, krimpovací;3,26;1;3,26;1,36;23;1;3,26;;3,13;3,06;3,00;2,93;2,87;2,80;2,74;2,67;2,61;2,45
93664;;Fluo dip DELPHIN D Snax LiquiX, 100 ml, Frankfurtská klobása & Chilli;7,80;1;7,80;4,12;23;1;6,63;25;6,63;6,63;6,63;6,63;6,63;6,63;6,55;6,40;6,24;5,85
103715;;Blyskáč KINETIC Bug 4 g, Gold;3,06;1;3,06;0,86;23;1;3,06;;2,94;2,88;2,82;2,75;2,69;2,63;2,57;2,51;2,45;2,30
39876;;Krabička DELPHIN TBX One 100-10P;2,00;1;2,00;1,06;23;1;1,70;25;1,70;1,70;1,70;1,70;1,70;1,70;1,68;1,64;1,60;1,50
69573;673;Kukurica CarpZoom Extra sladká;1,70;1;1,70;0,98;23;1;1,70;;1,63;1,60;1,56;1,53;1,50;1,46;1,43;1,39;1,36;1,28
69574;673;Kukurica CarpZoom Extra sladká;2,20;1;2,20;1,25;23;1;2,20;;2,11;2,07;2,02;1,98;1,94;1,89;1,85;1,80;1,76;1,65
92111;674;nadväzec DELPHIN The End Skin Rig 2ks, 20cm, 25lb, veľ. 8;4,90;1;4,90;2,46;23;1;4,17;25;4,17;4,17;4,17;4,17;4,17;4,17;4,12;4,02;3,92;3,68
92112;674;nadväzec DELPHIN The End Skin Rig 2ks, 20cm, 25lb, veľ. 8;4,90;1;4,90;2,56;23;1;4,17;25;4,17;4,17;4,17;4,17;4,17;4,17;4,12;4,02;3,92;3,68
92113;674;nadväzec DELPHIN The End Skin Rig 2ks, 20cm, 25lb, veľ. 8;4,90;1;4,90;2,46;23;1;4,17;25;4,17;4,17;4,17;4,17;4,17;4,17;4,12;4,02;3,92;3,68
65494;;Nabíjačka k loďke M1, M2, PRISMA 230V/50Hz - 12VDC;25,72;1;25,72;18,28;23;1;25,72;;24,69;24,18;23,66;23,15;22,63;22,12;21,60;21,09;20,58;19,29
89534;;Rukoväť pre podberák DELPHIN Omega;21,96;1;21,96;11,27;23;1;18,67;25;18,67;18,67;18,67;18,67;18,67;18,67;18,45;18,01;17,57;16,47
103733;675;Bič KINETIC Prospero Tele Pole;8,00;1;8,00;3,40;23;1;8,00;;7,68;7,52;7,36;7,20;7,04;6,88;6,72;6,56;6,40;6,00
103756;675;Bič KINETIC Prospero Tele Pole;12,29;1;12,29;5,35;23;1;12,29;;11,80;11,55;11,31;11,06;10,82;10,57;10,32;10,08;9,83;9,22
103757;675;Bič KINETIC Prospero Tele Pole;17,42;1;17,42;6,81;23;1;17,42;;16,72;16,37;16,03;15,68;15,33;14,98;14,63;14,28;13,94;13,07
39897;;Prak DELPHIN Shot Cubus;8,50;1;8,50;4,58;23;1;7,23;25;7,23;7,23;7,23;7,23;7,23;7,23;7,14;6,97;6,80;6,38
111027;676;bunda Geoff Anderson Dozer 7 Leaf, maskáč, veľ. S;499,00;1;499,00;339,32;23;1;499,00;;479,04;469,06;459,08;449,10;439,12;429,14;419,16;409,18;399,20;374,25
111028;676;bunda Geoff Anderson Dozer 7 Leaf, maskáč, veľ. S;499,00;1;499,00;339,32;23;1;499,00;;479,04;469,06;459,08;449,10;439,12;429,14;419,16;409,18;399,20;374,25
111029;676;bunda Geoff Anderson Dozer 7 Leaf, maskáč, veľ. S;499,00;1;499,00;339,32;23;1;499,00;;479,04;469,06;459,08;449,10;439,12;429,14;419,16;409,18;399,20;374,25
111030;676;bunda Geoff Anderson Dozer 7 Leaf, maskáč, veľ. S;499,00;1;499,00;339,32;23;1;499,00;;479,04;469,06;459,08;449,10;439,12;429,14;419,16;409,18;399,20;374,25
111031;676;bunda Geoff Anderson Dozer 7 Leaf, maskáč, veľ. S;499,00;1;499,00;339,32;23;1;499,00;;479,04;469,06;459,08;449,10;439,12;429,14;419,16;409,18;399,20;374,25
111032;676;bunda Geoff Anderson Dozer 7 Leaf, maskáč, veľ. S;499,00;1;499,00;339,32;23;1;499,00;;479,04;469,06;459,08;449,10;439,12;429,14;419,16;409,18;399,20;374,25
103746;677;Nástraha WESTIN Dropbite Tungsten Spin Tail Jig, Gold Rush;17,42;1;17,42;7,91;23;1;17,42;;16,72;16,37;16,03;15,68;15,33;14,98;14,63;14,28;13,94;13,07
106755;677;Nástraha WESTIN Dropbite Tungsten Spin Tail Jig, Gold Rush;12,99;1;12,99;5,65;23;1;12,99;;12,47;12,21;11,95;11,69;11,43;11,17;10,91;10,65;10,39;9,74
69708;;Krmivo CarpZoom Busa Feeder Groungbait Tolstolobik;3,90;1;3,90;2,05;23;1;3,90;;3,74;3,67;3,59;3,51;3,43;3,35;3,28;3,20;3,12;2,93
92146;678;Muškárska šnúra DELPHIN Flyrx, 100 FT;22,95;1;22,95;11,87;23;1;19,51;25;19,51;19,51;19,51;19,51;19,51;19,51;19,28;18,82;18,36;17,21
92147;678;Muškárska šnúra DELPHIN Flyrx, 100 FT;22,95;1;22,95;11,87;23;1;19,51;25;19,51;19,51;19,51;19,51;19,51;19,51;19,28;18,82;18,36;17,21
92148;678;Muškárska šnúra DELPHIN Flyrx, 100 FT;22,95;1;22,95;12,41;23;1;19,51;25;19,51;19,51;19,51;19,51;19,51;19,51;19,28;18,82;18,36;17,21
92149;678;Muškárska šnúra DELPHIN Flyrx, 100 FT;22,95;1;22,95;11,87;23;1;19,51;25;19,51;19,51;19,51;19,51;19,51;19,51;19,28;18,82;18,36;17,21
92150;678;Muškárska šnúra DELPHIN Flyrx, 100 FT;22,95;1;22,95;11,87;23;1;19,51;25;19,51;19,51;19,51;19,51;19,51;19,51;19,28;18,82;18,36;17,21
69737;679;Vyvážené boilie CARPZOOM Wafters NBC 10 mm, 15 g;3,51;1;3,51;1,85;23;1;3,51;;3,37;3,30;3,23;3,16;3,09;3,02;2,95;2,88;2,81;2,63
69738;679;Vyvážené boilie CARPZOOM Wafters NBC 10 mm, 15 g;3,51;1;3,51;1,85;23;1;3,51;;3,37;3,30;3,23;3,16;3,09;3,02;2,95;2,88;2,81;2,63
92162;;Krabička DELPHIN KlikBOX Mega;32,95;1;32,95;17,27;23;1;28,01;25;28,01;28,01;28,01;28,01;28,01;28,01;27,68;27,02;26,36;24,71
28572;;Tyč MIVARDI k lopatkám;17,99;1;17,99;9,01;23;1;16,19;10;16,19;16,19;16,19;16,19;16,19;16,19;16,19;16,19;16,19;16,19
80850;;Vábnička VAGNER 2,5 cm;62,40;1;62,40;38,45;23;1;62,40;;59,90;58,66;57,41;56,16;54,91;53,66;52,42;51,17;49,92;46,80
39996;680;Prút DELPHIN Hyperio 2;53,95;1;53,95;27,92;23;1;45,86;25;45,86;45,86;45,86;45,86;45,86;45,86;45,32;44,24;43,16;40,46
39997;680;Prút DELPHIN Hyperio 2;56,95;1;56,95;29,54;23;1;48,41;25;48,41;48,41;48,41;48,41;48,41;48,41;47,84;46,70;45,56;42,71
39998;680;Prút DELPHIN Hyperio 2;61,96;1;61,96;32,23;23;1;52,67;25;52,67;52,67;52,67;52,67;52,67;52,67;52,05;50,81;49,57;46,47
69763;681;Šnúra CARPZOOM CatZoom Braided Line 8x;15,15;1;15,15;7,90;23;1;15,15;;14,54;14,24;13,94;13,64;13,33;13,03;12,73;12,42;12,12;11,36
69764;681;Šnúra CARPZOOM CatZoom Braided Line 8x;14,80;1;14,80;7,90;23;1;14,80;;14,21;13,91;13,62;13,32;13,02;12,73;12,43;12,14;11,84;11,10
69765;681;Šnúra CARPZOOM CatZoom Braided Line 8x;14,80;1;14,80;9,10;23;1;14,80;;14,21;13,91;13,62;13,32;13,02;12,73;12,43;12,14;11,84;11,10
28890;;Gumený úchyt MIVARDI Screw Rest Soft U;7,16;1;7,16;3,30;23;1;6,44;10;6,44;6,44;6,44;6,44;6,44;6,44;6,44;6,44;6,44;6,44
111076;682;Prút SPORTEX Invictus CS-2 Spod;297,20;1;297,20;202,10;23;1;297,20;;285,31;279,37;273,42;267,48;261,54;255,59;249,65;243,70;237,76;222,90
111077;682;Prút SPORTEX Invictus CS-2 Spod;322,80;1;322,80;219,52;23;1;322,80;;309,89;303,43;296,98;290,52;284,06;277,61;271,15;264,70;258,24;242,10
81048;683;Háčiky FOX Edges Wide Gape Straight;6,14;1;6,14;2,79;23;1;6,14;;5,89;5,77;5,65;5,53;5,40;5,28;5,16;5,03;4,91;4,61
81050;683;Háčiky FOX Edges Wide Gape Straight;6,14;1;6,14;2,79;23;1;6,14;;5,89;5,77;5,65;5,53;5,40;5,28;5,16;5,03;4,91;4,61
103796;684;Prsačky KINETIC X5 St. Foot Boulder Grey;204,99;1;204,99;109,88;23;1;204,99;;196,79;192,69;188,59;184,49;180,39;176,29;172,19;168,09;163,99;153,74
103797;684;Prsačky KINETIC X5 St. Foot Boulder Grey;204,99;1;204,99;109,88;23;1;204,99;;196,79;192,69;188,59;184,49;180,39;176,29;172,19;168,09;163,99;153,74
92198;;Púzdro DELPHIN ID Space C2G na doklady;11,96;1;11,96;6,43;23;1;10,17;25;10,17;10,17;10,17;10,17;10,17;10,17;10,05;9,81;9,57;8,97
54812;685;Úlovková sieť DELPHIN Lux;11,96;1;11,96;6,40;23;1;10,17;25;10,17;10,17;10,17;10,17;10,17;10,17;10,05;9,81;9,57;8,97
54813;685;Úlovková sieť DELPHIN Lux;14,50;1;14,50;7,80;23;1;12,33;25;12,33;12,33;12,33;12,33;12,33;12,33;12,18;11,89;11,60;10,88
54990;685;Úlovková sieť DELPHIN Lux;23,95;1;23,95;12,88;23;1;20,36;25;20,36;20,36;20,36;20,36;20,36;20,36;20,12;19,64;19,16;17,96
91264;685;Úlovková sieť DELPHIN Lux;15,50;1;15,50;8,38;23;1;13,18;25;13,18;13,18;13,18;13,18;13,18;13,18;13,02;12,71;12,40;11,63
40327;;Bivak Giants Fishing Luxury Bivvy 2-3 Man;456,63;1;456,63;241,21;23;1;456,63;;438,36;429,23;420,10;410,97;401,83;392,70;383,57;374,44;365,30;342,47
70286;;Dip spray SENSAS BOMBIX Perches (ostriež);7,60;1;7,60;3,57;23;1;7,60;;7,30;7,14;6,99;6,84;6,69;6,54;6,38;6,23;6,08;5,70
92215;686;Nadväzec DELPHIN FDR LongRig Barb;3,39;1;3,39;1,80;23;1;2,88;25;2,88;2,88;2,88;2,88;2,88;2,88;2,85;2,78;2,71;2,54
92216;686;Nadväzec DELPHIN FDR LongRig Barb;3,39;1;3,39;1,80;23;1;2,88;25;2,88;2,88;2,88;2,88;2,88;2,88;2,85;2,78;2,71;2,54
92217;686;Nadväzec DELPHIN FDR LongRig Barb;3,39;1;3,39;1,80;23;1;2,88;25;2,88;2,88;2,88;2,88;2,88;2,88;2,85;2,78;2,71;2,54
92218;686;Nadväzec DELPHIN FDR LongRig Barb;3,39;1;3,39;1,80;23;1;2,88;25;2,88;2,88;2,88;2,88;2,88;2,88;2,85;2,78;2,71;2,54
92219;686;Nadväzec DELPHIN FDR LongRig Barb;3,39;1;3,39;1,80;23;1;2,88;25;2,88;2,88;2,88;2,88;2,88;2,88;2,85;2,78;2,71;2,54
01070;;Čelovka NITECORE HU60 + powerbank NPB1;136,22;1;136,22;94,93;23;1;136,22;10;130,77;128,05;125,32;122,60;122,60;122,60;122,60;122,60;122,60;122,60
89694;;Ručičkové hodinky DELPHIN Wisia;25,95;1;25,95;13,96;23;1;22,06;25;22,06;22,06;22,06;22,06;22,06;22,06;21,80;21,28;20,76;19,46
92267;687;Prút DELPHIN Opium Inova;107,94;1;107,94;56,19;23;1;91,75;25;91,75;91,75;91,75;91,75;91,75;91,75;90,67;88,51;86,35;80,96
92268;687;Prút DELPHIN Opium Inova;112,95;1;112,95;58,89;23;1;96,01;25;96,01;96,01;96,01;96,01;96,01;96,01;94,88;92,62;90,36;84,71
92269;687;Prút DELPHIN Opium Inova;118,95;1;118,95;62,14;23;1;101,11;25;101,11;101,11;101,11;101,11;101,11;101,11;99,92;97,54;95,16;89,21
5262;688;Nástraha Puffi CUKK Mini na háčik;2,55;1;2,55;1,67;23;1;2,55;;2,45;2,40;2,35;2,30;2,24;2,19;2,14;2,09;2,04;1,91
5361;688;Nástraha Puffi CUKK Mini na háčik;2,55;1;2,55;1,67;23;1;2,55;;2,45;2,40;2,35;2,30;2,24;2,19;2,14;2,09;2,04;1,91
8156;688;Nástraha Puffi CUKK Mini na háčik;2,55;1;2,55;1,67;23;1;2,55;;2,45;2,40;2,35;2,30;2,24;2,19;2,14;2,09;2,04;1,91
40636;;Lampa GIANTS FISHING Camping Lamp Led Multicolour;30,90;1;30,90;15,71;23;1;30,90;;29,66;29,05;28,43;27,81;27,19;26,57;25,96;25,34;24,72;23,18
100108;;Sada swingrov CARPON CDE 4x;51,14;1;51,14;34,02;23;1;51,14;;49,09;48,07;47,05;46,03;45,00;43,98;42,96;41,93;40,91;38,36
65719;;SET 3x swinger SPORTS v puzdre;30,68;1;30,68;21,80;23;1;30,68;;29,45;28,84;28,23;27,61;27,00;26,38;25,77;25,16;24,54;23,01
111140;;Sonar LOWRANCE Elite FS™ 10 so sondou Active Imaging 3-v-1;2089,70;1;2089,70;1667,63;23;1;2089,70;4;2006,11;2006,11;2006,11;2006,11;2006,11;2006,11;2006,11;2006,11;2006,11;2006,11
55117;;Držiak MIVARDI na kreslo;14,34;1;14,34;7,01;23;1;12,91;10;12,91;12,91;12,91;12,91;12,91;12,91;12,91;12,91;12,91;12,91
81715;;Vobler SALMO Rattlin Sting 9cm;13,99;1;13,99;6,07;23;1;13,99;;13,43;13,15;12,87;12,59;12,31;12,03;11,75;11,47;11,19;10,49
103876;;Vyvážené boilie STARBAITS Wafter Barrel Red Liver;7,69;1;7,69;3,68;23;1;7,69;;7,38;7,23;7,07;6,92;6,77;6,61;6,46;6,31;6,15;5,77
65736;689;Prút SPORTEX Catapult CS-4 Carp;251,08;1;251,08;152,75;23;1;251,08;;241,04;236,02;230,99;225,97;220,95;215,93;210,91;205,89;200,86;188,31
65737;689;Prút SPORTEX Catapult CS-4 Carp;240,80;1;240,80;163,76;23;1;240,80;;231,17;226,35;221,54;216,72;211,90;207,09;202,27;197,46;192,64;180,60
65738;689;Prút SPORTEX Catapult CS-4 Carp;264,40;1;264,40;179,79;23;1;264,40;;253,82;248,54;243,25;237,96;232,67;227,38;222,10;216,81;211,52;198,30
65739;689;Prút SPORTEX Catapult CS-4 Carp;274,65;1;274,65;161,22;23;1;274,65;;263,66;258,17;252,68;247,19;241,69;236,20;230,71;225,21;219,72;205,99
65740;689;Prút SPORTEX Catapult CS-4 Carp;284,90;1;284,90;193,74;23;1;284,90;;273,50;267,81;262,11;256,41;250,71;245,01;239,32;233,62;227,92;213,68
111156;690;Prút SPORTEX Black Pearl Maxx Ultra Light;163,95;1;163,95;111,49;23;1;163,95;;157,39;154,11;150,83;147,56;144,28;141,00;137,72;134,44;131,16;122,96
111157;690;Prút SPORTEX Black Pearl Maxx Ultra Light;174,20;1;174,20;118,45;23;1;174,20;;167,23;163,75;160,26;156,78;153,30;149,81;146,33;142,84;139,36;130,65
111158;690;Prút SPORTEX Black Pearl Maxx Ultra Light;184,45;1;184,45;125,41;23;1;184,45;;177,07;173,38;169,69;166,01;162,32;158,63;154,94;151,25;147,56;138,34
55164;691;Vlasec MIVARDI Royal Spinn 200m;4,69;1;4,69;2,04;23;1;4,22;10;4,22;4,22;4,22;4,22;4,22;4,22;4,22;4,22;4,22;4,22
55166;691;Vlasec MIVARDI Royal Spinn 200m;5,99;1;5,99;2,61;23;1;5,39;10;5,39;5,39;5,39;5,39;5,39;5,39;5,39;5,39;5,39;5,39
55167;691;Vlasec MIVARDI Royal Spinn 200m;5,99;1;5,99;2,61;23;1;5,39;10;5,39;5,39;5,39;5,39;5,39;5,39;5,39;5,39;5,39;5,39
55168;691;Vlasec MIVARDI Royal Spinn 200m;5,99;1;5,99;3,21;23;1;5,39;10;5,39;5,39;5,39;5,39;5,39;5,39;5,39;5,39;5,39;5,39
55169;691;Vlasec MIVARDI Royal Spinn 200m;6,14;1;6,14;2,61;23;1;5,53;10;5,53;5,53;5,53;5,53;5,53;5,53;5,53;5,53;5,53;5,53
8223;;Duálna sonda LOWRANCE HST-WSBL 60°-120° (83/200kHz);94,70;1;94,70;75,57;23;1;94,70;4;90,91;90,91;90,91;90,91;90,91;90,91;90,91;90,91;90,91;90,91
73629;;Krmivo MONDIAL F Method & Feeder;3,20;1;3,20;1,32;23;1;3,20;;3,07;3,01;2,94;2,88;2,82;2,75;2,69;2,62;2,56;2,40
100186;;Držiak dáždnika VDE-ROBINSON na kreslo;13,17;1;13,17;4,90;23;1;13,17;;12,64;12,38;12,12;11,85;11,59;11,33;11,06;10,80;10,54;9,88
111173;;Sonda ActiveTarget™2 XL s držiakom;1573,99;1;1573,99;1256,36;23;1;1573,99;4;1511,03;1511,03;1511,03;1511,03;1511,03;1511,03;1511,03;1511,03;1511,03;1511,03
82452;;Set 3 signalizátorov FOX Micron MX 2 Rod Set s príposluchom;359,98;1;359,98;193,99;23;1;359,98;;345,58;338,38;331,18;323,98;316,78;309,58;302,38;295,18;287,98;269,99
96756;692;Jigová hlava FANATIK Zanoza č. 1/0, 2 ks;2,77;1;2,77;2,06;23;1;1,66;;1,66;1,66;1,66;1,66;1,66;1,66;1,66;1,66;1,66;1,66
96757;692;Jigová hlava FANATIK Zanoza č. 1/0, 2 ks;2,77;1;2,77;1,72;23;1;1,66;;1,66;1,66;1,66;1,66;1,66;1,66;1,66;1,66;1,66;1,66
96758;692;Jigová hlava FANATIK Zanoza č. 1/0, 2 ks;2,77;1;2,77;1,72;23;1;1,66;;1,66;1,66;1,66;1,66;1,66;1,66;1,66;1,66;1,66;1,66
96759;692;Jigová hlava FANATIK Zanoza č. 1/0, 2 ks;2,77;1;2,77;2,06;23;1;1,66;;1,66;1,66;1,66;1,66;1,66;1,66;1,66;1,66;1,66;1,66
96760;692;Jigová hlava FANATIK Zanoza č. 1/0, 2 ks;2,77;1;2,77;2,06;23;1;1,66;;1,66;1,66;1,66;1,66;1,66;1,66;1,66;1,66;1,66;1,66
96761;692;Jigová hlava FANATIK Zanoza č. 1/0, 2 ks;2,98;1;2,98;2,22;23;1;1,79;;1,79;1,79;1,79;1,79;1,79;1,79;1,79;1,79;1,79;1,79
96762;692;Jigová hlava FANATIK Zanoza č. 1/0, 2 ks;2,98;1;2,98;2,22;23;1;1,79;;1,79;1,79;1,79;1,79;1,79;1,79;1,79;1,79;1,79;1,79
40851;693;Silikónové zarážky GIANTS FISHING Silicon Stopper Clear;0,75;1;0,75;0,34;23;1;0,75;;0,72;0,71;0,69;0,68;0,66;0,65;0,63;0,62;0,60;0,56
40852;693;Silikónové zarážky GIANTS FISHING Silicon Stopper Clear;0,75;1;0,75;0,36;23;1;0,75;;0,72;0,71;0,69;0,68;0,66;0,65;0,63;0,62;0,60;0,56
40853;693;Silikónové zarážky GIANTS FISHING Silicon Stopper Clear;0,75;1;0,75;0,36;23;1;0,75;;0,72;0,71;0,69;0,68;0,66;0,65;0,63;0,62;0,60;0,56
40854;693;Silikónové zarážky GIANTS FISHING Silicon Stopper Clear;0,75;1;0,75;0,36;23;1;0,75;;0,72;0,71;0,69;0,68;0,66;0,65;0,63;0,62;0,60;0,56
40855;693;Silikónové zarážky GIANTS FISHING Silicon Stopper Clear;0,75;1;0,75;0,36;23;1;0,75;;0,72;0,71;0,69;0,68;0,66;0,65;0,63;0,62;0,60;0,56
92331;694;Navijak DELPHIN Lemon;24,94;1;24,94;9,34;23;1;21,20;25;21,20;21,20;21,20;21,20;21,20;21,20;20,95;20,45;19,95;18,71
92332;694;Navijak DELPHIN Lemon;26,95;1;26,95;14,03;23;1;22,91;25;22,91;22,91;22,91;22,91;22,91;22,91;22,64;22,10;21,56;20,21
92333;694;Navijak DELPHIN Lemon;28,95;1;28,95;15,10;23;1;24,61;25;24,61;24,61;24,61;24,61;24,61;24,61;24,32;23,74;23,16;21,71
92334;694;Navijak DELPHIN Lemon;30,95;1;30,95;16,19;23;1;26,31;25;26,31;26,31;26,31;26,31;26,31;26,31;26,00;25,38;24,76;23,21
92335;694;Navijak DELPHIN Lemon;32,95;1;32,95;17,27;23;1;28,01;25;28,01;28,01;28,01;28,01;28,01;28,01;27,68;27,02;26,36;24,71
100229;;Navijak ROBINSON Tactica FD 308;55,01;1;55,01;25,20;23;1;55,01;;52,81;51,71;50,61;49,51;48,41;47,31;46,21;45,11;44,01;41,26
65773;;Dipovaná umelá nástraha FishUp Tanta 5,1 cm, 9 ks;7,00;1;7,00;4,42;23;1;7,00;;6,72;6,58;6,44;6,30;6,16;6,02;5,88;5,74;5,60;5,25
82523;695;Vobler SALMO Hornet 3S;9,99;1;9,99;4,50;23;1;9,99;;9,59;9,39;9,19;8,99;8,79;8,59;8,39;8,19;7,99;7,49
82526;695;Vobler SALMO Hornet 3S;9,99;1;9,99;4,50;23;1;9,99;;9,59;9,39;9,19;8,99;8,79;8,59;8,39;8,19;7,99;7,49
83647;695;Vobler SALMO Hornet 3S;9,99;1;9,99;4,28;23;1;9,99;;9,59;9,39;9,19;8,99;8,79;8,59;8,39;8,19;7,99;7,49
96772;696;Jigová hlava FANATIK Zanoza č. 3/0, 2 ks;2,83;1;2,83;2,21;23;1;1,70;;1,70;1,70;1,70;1,70;1,70;1,70;1,70;1,70;1,70;1,70
96773;696;Jigová hlava FANATIK Zanoza č. 3/0, 2 ks;3,22;1;3,22;2,20;23;1;1,93;;1,93;1,93;1,93;1,93;1,93;1,93;1,93;1,93;1,93;1,93
96774;696;Jigová hlava FANATIK Zanoza č. 3/0, 2 ks;3,22;1;3,22;2,20;23;1;1,93;;1,93;1,93;1,93;1,93;1,93;1,93;1,93;1,93;1,93;1,93
96775;696;Jigová hlava FANATIK Zanoza č. 3/0, 2 ks;2,77;1;2,77;1,91;23;1;1,66;;1,66;1,66;1,66;1,66;1,66;1,66;1,66;1,66;1,66;1,66
96776;696;Jigová hlava FANATIK Zanoza č. 3/0, 2 ks;2,77;1;2,77;1,72;23;1;1,66;;1,66;1,66;1,66;1,66;1,66;1,66;1,66;1,66;1,66;1,66
96777;696;Jigová hlava FANATIK Zanoza č. 3/0, 2 ks;2,98;1;2,98;2,22;23;1;1,79;;1,79;1,79;1,79;1,79;1,79;1,79;1,79;1,79;1,79;1,79
96778;696;Jigová hlava FANATIK Zanoza č. 3/0, 2 ks;2,98;1;2,98;2,22;23;1;1,79;;1,79;1,79;1,79;1,79;1,79;1,79;1,79;1,79;1,79;1,79
96779;696;Jigová hlava FANATIK Zanoza č. 3/0, 2 ks;2,98;1;2,98;2,22;23;1;1,79;;1,79;1,79;1,79;1,79;1,79;1,79;1,79;1,79;1,79;1,79
96780;696;Jigová hlava FANATIK Zanoza č. 3/0, 2 ks;3,59;1;3,59;2,67;23;1;2,15;;2,15;2,15;2,15;2,15;2,15;2,15;2,15;2,15;2,15;2,15
40883;697;Vlasec GIANTS FISHING Luxury Carp High-Visibility Green;11,87;1;11,87;4,98;23;1;11,87;;11,40;11,16;10,92;10,68;10,45;10,21;9,97;9,73;9,50;8,90
40884;697;Vlasec GIANTS FISHING Luxury Carp High-Visibility Green;12,30;1;12,30;5,07;23;1;12,30;;11,81;11,56;11,32;11,07;10,82;10,58;10,33;10,09;9,84;9,23
92353;;Držiak DELPHIN Sixto Reaxe Front;6,95;1;6,95;3,75;23;1;5,91;25;5,91;5,91;5,91;5,91;5,91;5,91;5,84;5,70;5,56;5,21
100272;;Taška CARP CARE Carryall XXL Bag;71,65;1;71,65;43,68;23;1;71,65;;68,78;67,35;65,92;64,49;63,05;61,62;60,19;58,75;57,32;53,74
89933;;Vôňa DELPHIN Queen Bubble Gum;2,00;1;2,00;0,87;23;1;1,70;25;1,70;1,70;1,70;1,70;1,70;1,70;1,68;1,64;1,60;1,50
112021;698;Larva HARMONY BAITS Larva XL, Cheese, 37 mm, 7 ks;6,99;1;6,99;3,59;23;1;6,99;;6,71;6,57;6,43;6,29;6,15;6,01;5,87;5,73;5,59;5,24
112022;698;Larva HARMONY BAITS Larva XL, Cheese, 37 mm, 7 ks;6,99;1;6,99;3,59;23;1;6,99;;6,71;6,57;6,43;6,29;6,15;6,01;5,87;5,73;5,59;5,24
112023;698;Larva HARMONY BAITS Larva XL, Cheese, 37 mm, 7 ks;6,99;1;6,99;3,59;23;1;6,99;;6,71;6,57;6,43;6,29;6,15;6,01;5,87;5,73;5,59;5,24
112024;698;Larva HARMONY BAITS Larva XL, Cheese, 37 mm, 7 ks;6,99;1;6,99;3,59;23;1;6,99;;6,71;6,57;6,43;6,29;6,15;6,01;5,87;5,73;5,59;5,24
112025;698;Larva HARMONY BAITS Larva XL, Cheese, 37 mm, 7 ks;6,99;1;6,99;3,59;23;1;6,99;;6,71;6,57;6,43;6,29;6,15;6,01;5,87;5,73;5,59;5,24
112026;698;Larva HARMONY BAITS Larva XL, Cheese, 37 mm, 7 ks;6,99;1;6,99;3,59;23;1;6,99;;6,71;6,57;6,43;6,29;6,15;6,01;5,87;5,73;5,59;5,24
112027;698;Larva HARMONY BAITS Larva XL, Cheese, 37 mm, 7 ks;6,99;1;6,99;3,59;23;1;6,99;;6,71;6,57;6,43;6,29;6,15;6,01;5,87;5,73;5,59;5,24
55498;699;Pelety MIVARDI Rapid Classic Halibut;9,99;1;9,99;5,41;23;1;8,99;10;8,99;8,99;8,99;8,99;8,99;8,99;8,99;8,99;8,99;8,99
55499;699;Pelety MIVARDI Rapid Classic Halibut;9,99;1;9,99;5,31;23;1;8,99;10;8,99;8,99;8,99;8,99;8,99;8,99;8,99;8,99;8,99;8,99
55762;699;Pelety MIVARDI Rapid Classic Halibut;10,25;1;10,25;5,25;23;1;9,23;10;9,23;9,23;9,23;9,23;9,23;9,23;9,23;9,23;9,23;9,23
82611;;Powerbanka FOX Halo 96k Power Pack;279,98;1;279,98;150,88;23;1;279,98;;268,78;263,18;257,58;251,98;246,38;240,78;235,18;229,58;223,98;209,99
103957;700;Nástraha GUNKI Tipsy CXL 11,5 cm;1,64;1;1,64;0,70;23;1;1,64;;1,57;1,54;1,51;1,48;1,44;1,41;1,38;1,34;1,31;1,23
74605;700;Nástraha GUNKI Tipsy CXL 11,5 cm;1,64;1;1,64;0,74;23;1;1,64;;1,57;1,54;1,51;1,48;1,44;1,41;1,38;1,34;1,31;1,23
74606;700;Nástraha GUNKI Tipsy CXL 11,5 cm;1,40;1;1,40;0,75;23;1;1,40;;1,34;1,32;1,29;1,26;1,23;1,20;1,18;1,15;1,12;1,05
74607;700;Nástraha GUNKI Tipsy CXL 11,5 cm;1,64;1;1,64;0,70;23;1;1,64;;1,57;1,54;1,51;1,48;1,44;1,41;1,38;1,34;1,31;1,23
74609;700;Nástraha GUNKI Tipsy CXL 11,5 cm;1,40;1;1,40;0,70;23;1;1,40;;1,34;1,32;1,29;1,26;1,23;1,20;1,18;1,15;1,12;1,05
40918;;Puzdro GIANTS FISHING Electronics Eva Table Bag;31,73;1;31,73;16,76;23;1;31,73;;30,46;29,83;29,19;28,56;27,92;27,29;26,65;26,02;25,38;23,80
74478;;Pelety STARBAITS Hot Demon Mixed;20,95;1;20,95;9,75;23;1;20,95;;20,11;19,69;19,27;18,86;18,44;18,02;17,60;17,18;16,76;15,71
30541;;Vankúš GABY Pstruh dúhový;17,70;1;17,70;13,78;23;1;17,70;10;16,99;16,64;16,28;15,93;15,93;15,93;15,93;15,93;15,93;15,93
89998;701;Navijak DELPHIN Elixir;19,95;1;19,95;10,73;23;1;16,96;25;16,96;16,96;16,96;16,96;16,96;16,96;16,76;16,36;15,96;14,96
89999;701;Navijak DELPHIN Elixir;21,96;1;21,96;11,81;23;1;18,67;25;18,67;18,67;18,67;18,67;18,67;18,67;18,45;18,01;17,57;16,47
90000;701;Navijak DELPHIN Elixir;22,95;1;22,95;12,35;23;1;19,51;25;19,51;19,51;19,51;19,51;19,51;19,51;19,28;18,82;18,36;17,21
55542;;Sada svietiacich swingrov MIVARDI Swing Arm MCX 66, RGB;39,99;1;39,99;20,03;23;1;35,99;10;35,99;35,99;35,99;35,99;35,99;35,99;35,99;35,99;35,99;35,99
40962;702;Guličky GIANTS FISHING Rubbers Beads Transparent Brown;1,03;1;1,03;0,54;23;1;1,03;;0,99;0,97;0,95;0,93;0,91;0,89;0,87;0,84;0,82;0,77
40963;702;Guličky GIANTS FISHING Rubbers Beads Transparent Brown;1,03;1;1,03;0,54;23;1;1,03;;0,99;0,97;0,95;0,93;0,91;0,89;0,87;0,84;0,82;0,77
40964;702;Guličky GIANTS FISHING Rubbers Beads Transparent Brown;0,98;1;0,98;0,50;23;1;0,98;;0,94;0,92;0,90;0,88;0,86;0,84;0,82;0,80;0,78;0,74
100326;703;Šnúra ROBINSON Phantom Pro Feeder X8 hnedá;27,63;1;27,63;12,25;23;1;27,63;;26,52;25,97;25,42;24,87;24,31;23,76;23,21;22,66;22,10;20,72
100327;703;Šnúra ROBINSON Phantom Pro Feeder X8 hnedá;27,63;1;27,63;12,25;23;1;27,63;;26,52;25,97;25,42;24,87;24,31;23,76;23,21;22,66;22,10;20,72
100328;703;Šnúra ROBINSON Phantom Pro Feeder X8 hnedá;26,95;1;26,95;8,87;23;1;26,95;;25,87;25,33;24,79;24,26;23,72;23,18;22,64;22,10;21,56;20,21
100329;703;Šnúra ROBINSON Phantom Pro Feeder X8 hnedá;26,95;1;26,95;8,87;23;1;26,95;;25,87;25,33;24,79;24,26;23,72;23,18;22,64;22,10;21,56;20,21
90078;;Vrták DELPHIN Slim Drill;2,90;1;2,90;1,39;23;1;2,47;25;2,47;2,47;2,47;2,47;2,47;2,47;2,44;2,38;2,32;2,18
41232;704;Montáž STARBAITS Clip Kit Set;7,40;1;7,40;2,96;23;1;7,40;;7,10;6,96;6,81;6,66;6,51;6,36;6,22;6,07;5,92;5,55
41234;704;Montáž STARBAITS Clip Kit Set;7,40;1;7,40;3,28;23;1;7,40;;7,10;6,96;6,81;6,66;6,51;6,36;6,22;6,07;5,92;5,55
100346;705;Krmítko Method Feeder Fans Eco Feeder Basket;2,04;1;2,04;1,25;23;1;2,04;;1,96;1,92;1,88;1,84;1,80;1,75;1,71;1,67;1,63;1,53
100347;705;Krmítko Method Feeder Fans Eco Feeder Basket;2,04;1;2,04;1,25;23;1;2,04;;1,96;1,92;1,88;1,84;1,80;1,75;1,71;1,67;1,63;1,53
100348;705;Krmítko Method Feeder Fans Eco Feeder Basket;2,04;1;2,04;1,25;23;1;2,04;;1,96;1,92;1,88;1,84;1,80;1,75;1,71;1,67;1,63;1,53
100349;705;Krmítko Method Feeder Fans Eco Feeder Basket;2,04;1;2,04;1,25;23;1;2,04;;1,96;1,92;1,88;1,84;1,80;1,75;1,71;1,67;1,63;1,53
30810;;Magnet KORDA Zig Magnet;8,70;1;8,70;4,72;23;1;8,70;;8,35;8,18;8,00;7,83;7,66;7,48;7,31;7,13;6,96;6,53
112318;706;Čln STARKBOAT DT-290S s kýlom, tmavo šedý;980,00;1;980,00;686,00;23;1;980,00;10;940,80;921,20;901,60;882,00;882,00;882,00;882,00;882,00;882,00;882,00
112319;706;Čln STARKBOAT DT-290S s kýlom, tmavo šedý;955,00;1;955,00;668,49;23;1;955,00;10;916,80;897,70;878,60;859,50;859,50;859,50;859,50;859,50;859,50;859,50
112320;706;Čln STARKBOAT DT-290S s kýlom, tmavo šedý;898,99;1;898,99;629,29;23;1;898,99;10;863,03;845,05;827,07;809,09;809,09;809,09;809,09;809,09;809,09;809,09
55591X;;SET = Kreslo MIVARDI CamoCode Combi + skladací nôž DELPHIN;94,49;1;94,49;53,82;23;1;85,04;10;85,04;85,04;85,04;85,04;85,04;85,04;85,04;85,04;85,04;85,04
104024;;Gel SENSAS Crazy Super SKrill;16,35;1;16,35;7,60;23;1;16,35;;15,70;15,37;15,04;14,72;14,39;14,06;13,73;13,41;13,08;12,26
74585;707;Nymfa GUNKI Naiad 7 cm;0,65;1;0,65;0,28;23;1;0,65;;0,62;0,61;0,60;0,59;0,57;0,56;0,55;0,53;0,52;0,49
74586;707;Nymfa GUNKI Naiad 7 cm;0,65;1;0,65;0,28;23;1;0,65;;0,62;0,61;0,60;0,59;0,57;0,56;0,55;0,53;0,52;0,49
74587;707;Nymfa GUNKI Naiad 7 cm;0,65;1;0,65;0,30;23;1;0,65;;0,62;0,61;0,60;0,59;0,57;0,56;0,55;0,53;0,52;0,49
74588;707;Nymfa GUNKI Naiad 7 cm;0,65;1;0,65;0,28;23;1;0,65;;0,62;0,61;0,60;0,59;0,57;0,56;0,55;0,53;0,52;0,49
74590;707;Nymfa GUNKI Naiad 7 cm;0,65;1;0,65;0,28;23;1;0,65;;0,62;0,61;0,60;0,59;0,57;0,56;0,55;0,53;0,52;0,49
100387;;Nožnice Cvakačky;2,04;1;2,04;0,01;23;1;2,04;;1,96;1,92;1,88;1,84;1,80;1,75;1,71;1,67;1,63;1,53
41432;;Prívlačový batoh GIANTS FISHING Spinning Rucksack Deluxe;73,42;1;73,42;38,79;23;1;73,42;;70,48;69,01;67,55;66,08;64,61;63,14;61,67;60,20;58,74;55,07
100421;;Chytacie boilie CARP FANS Total Liver v dipe;8,00;1;8,00;5,42;23;1;8,00;;7,68;7,52;7,36;7,20;7,04;6,88;6,72;6,56;6,40;6,00
90113;708;Nástraha DELPHIN D Snax Pop Čokoláda - Banán;4,70;1;4,70;2,37;23;1;4,00;25;4,00;4,00;4,00;4,00;4,00;4,00;3,95;3,85;3,76;3,53
90114;708;Nástraha DELPHIN D Snax Pop Čokoláda - Banán;4,70;1;4,70;2,37;23;1;4,00;25;4,00;4,00;4,00;4,00;4,00;4,00;3,95;3,85;3,76;3,53
91478;708;Nástraha DELPHIN D Snax Pop Čokoláda - Banán;4,70;1;4,70;2,48;23;1;4,00;25;4,00;4,00;4,00;4,00;4,00;4,00;3,95;3,85;3,76;3,53
55689;709;Vidlička MIVARDI Bankstick Steel;2,48;1;2,48;1,27;23;1;2,23;10;2,23;2,23;2,23;2,23;2,23;2,23;2,23;2,23;2,23;2,23
55690;709;Vidlička MIVARDI Bankstick Steel;2,48;1;2,48;1,27;23;1;2,23;10;2,23;2,23;2,23;2,23;2,23;2,23;2,23;2,23;2,23;2,23
55691;709;Vidlička MIVARDI Bankstick Steel;2,55;1;2,55;1,25;23;1;2,30;10;2,30;2,30;2,30;2,30;2,30;2,30;2,30;2,30;2,30;2,30
104075;710;Boilie STARBAITS Pro Banana Nut Pop Up;6,70;1;6,70;3,16;23;1;6,70;;6,43;6,30;6,16;6,03;5,90;5,76;5,63;5,49;5,36;5,03
104076;710;Boilie STARBAITS Pro Banana Nut Pop Up;6,70;1;6,70;3,31;23;1;6,70;;6,43;6,30;6,16;6,03;5,90;5,76;5,63;5,49;5,36;5,03
74657;;Obratlíky STARBAITS Spinner Swivel Ronnie;5,99;1;5,99;2,75;23;1;5,99;;5,75;5,63;5,51;5,39;5,27;5,15;5,03;4,91;4,79;4,49
92456;;Opasok DELPHIN BlackWay;11,96;1;11,96;6,43;23;1;10,17;25;10,17;10,17;10,17;10,17;10,17;10,17;10,05;9,81;9,57;8,97
31003;;Stolička ROBINSON KW 009;8,19;1;8,19;3,90;23;1;8,19;;7,86;7,70;7,53;7,37;7,21;7,04;6,88;6,72;6,55;6,14
112361;711;Čln STARKBOAT DT-290 bez kýlu, zelený;730,00;1;730,00;510,99;23;1;730,00;10;700,80;686,20;671,60;657,00;657,00;657,00;657,00;657,00;657,00;657,00
112362;711;Čln STARKBOAT DT-290 bez kýlu, zelený;745,00;1;745,00;521,50;23;1;745,00;10;715,20;700,30;685,40;670,50;670,50;670,50;670,50;670,50;670,50;670,50
112363;711;Čln STARKBOAT DT-290 bez kýlu, zelený;715,00;1;715,00;500,50;23;1;715,00;10;686,40;672,10;657,80;643,50;643,50;643,50;643,50;643,50;643,50;643,50
55740;712;Boilie MIVARDI Rapid Easy Catch Cesnak & Chilli;6,99;1;6,99;3,85;23;1;6,29;10;6,29;6,29;6,29;6,29;6,29;6,29;6,29;6,29;6,29;6,29
55820;712;Boilie MIVARDI Rapid Easy Catch Cesnak & Chilli;6,99;1;6,99;3,71;23;1;6,29;10;6,29;6,29;6,29;6,29;6,29;6,29;6,29;6,29;6,29;6,29
56180;712;Boilie MIVARDI Rapid Easy Catch Cesnak & Chilli;6,99;1;6,99;3,85;23;1;6,29;10;6,29;6,29;6,29;6,29;6,29;6,29;6,29;6,29;6,29;6,29
83140;;Sada nástrah FOX Rage UV Micro Fry 4 cm, 8 ks;7,49;1;7,49;3,15;23;1;7,49;;7,19;7,04;6,89;6,74;6,59;6,44;6,29;6,14;5,99;5,62
97116;713;Nástraha KEITECH Swing Impact Fat 4,3 inch/ 10,92cm, bal. 6ks;8,92;1;8,92;3,53;23;1;8,92;;8,56;8,38;8,21;8,03;7,85;7,67;7,49;7,31;7,14;6,69
97547;713;Nástraha KEITECH Swing Impact Fat 4,3 inch/ 10,92cm, bal. 6ks;7,90;1;7,90;4,50;23;1;7,90;;7,58;7,43;7,27;7,11;6,95;6,79;6,64;6,48;6,32;5,93
104090;714;Boilie STARBAITS Pro Blackberry, 800 g;13,51;1;13,51;6,67;23;1;13,51;;12,97;12,70;12,43;12,16;11,89;11,62;11,35;11,08;10,81;10,13
104091;714;Boilie STARBAITS Pro Blackberry, 800 g;13,51;1;13,51;6,97;23;1;13,51;;12,97;12,70;12,43;12,16;11,89;11,62;11,35;11,08;10,81;10,13
104092;714;Boilie STARBAITS Pro Blackberry, 800 g;13,51;1;13,51;6,67;23;1;13,51;;12,97;12,70;12,43;12,16;11,89;11,62;11,35;11,08;10,81;10,13
104313;714;Boilie STARBAITS Pro Blackberry, 800 g;13,51;1;13,51;5,79;23;1;13,51;;12,97;12,70;12,43;12,16;11,89;11,62;11,35;11,08;10,81;10,13
74743;;Partikel STARBAITS Ready Seeds Hot Demon Bright Tiger (tigrí orech);12,50;1;12,50;6,12;23;1;12,50;;12,00;11,75;11,50;11,25;11,00;10,75;10,50;10,25;10,00;9,38
92472;;Držiak DELPHIN Reaxe uniFix Duo na kreslo;37,95;1;37,95;20,41;23;1;32,26;25;32,26;32,26;32,26;32,26;32,26;32,26;31,88;31,12;30,36;28,46
31185;715;Vlasec ROBINSON Black Rock;8,79;1;8,79;4,15;23;1;8,79;;8,44;8,26;8,09;7,91;7,74;7,56;7,38;7,21;7,03;6,59
31186;715;Vlasec ROBINSON Black Rock;8,79;1;8,79;3,99;23;1;8,79;;8,44;8,26;8,09;7,91;7,74;7,56;7,38;7,21;7,03;6,59
31187;715;Vlasec ROBINSON Black Rock;8,79;1;8,79;3,99;23;1;8,79;;8,44;8,26;8,09;7,91;7,74;7,56;7,38;7,21;7,03;6,59
31212;715;Vlasec ROBINSON Black Rock;8,79;1;8,79;3,99;23;1;8,79;;8,44;8,26;8,09;7,91;7,74;7,56;7,38;7,21;7,03;6,59
31822;715;Vlasec ROBINSON Black Rock;8,79;1;8,79;3,99;23;1;8,79;;8,44;8,26;8,09;7,91;7,74;7,56;7,38;7,21;7,03;6,59
90163;;Klip DELPHIN The End Multi Snap;2,50;1;2,50;1,14;23;1;2,13;25;2,13;2,13;2,13;2,13;2,13;2,13;2,10;2,05;2,00;1,88
112377;;Podsedák STARKBOAT s úložným priestorom, 95 cm, čierny;50,00;1;50,00;37,59;23;1;50,00;10;48,00;47,00;46,00;45,00;45,00;45,00;45,00;45,00;45,00;45,00
55809;;Nadväzec MIVARDI Adjustable Hair Rig Easy Camo;2,48;1;2,48;1,18;23;1;2,23;10;2,23;2,23;2,23;2,23;2,23;2,23;2,23;2,23;2,23;2,23
104105;;Vyvážené boilie STARBAITS PRO Barrel Wafter Banana Nut;7,70;1;7,70;3,80;23;1;7,70;;7,39;7,24;7,08;6,93;6,78;6,62;6,47;6,31;6,16;5,78
41481;;Prenosná skladacia toaleta GIANTS FISHING Folding Toilet Compact;32,90;1;32,90;16,76;23;1;32,90;;31,58;30,93;30,27;29,61;28,95;28,29;27,64;26,98;26,32;24,68
74790;;Veko SENSAS Club na vedro 17l;2,76;1;2,76;1,29;23;1;2,76;;2,65;2,59;2,54;2,48;2,43;2,37;2,32;2,26;2,21;2,07
92490;716;Podberáková hlava DELPHIN Reaxe EasyRound;15,50;1;15,50;8,34;23;1;13,18;25;13,18;13,18;13,18;13,18;13,18;13,18;13,02;12,71;12,40;11,63
92491;716;Podberáková hlava DELPHIN Reaxe EasyRound;18,95;1;18,95;10,18;23;1;16,11;25;16,11;16,11;16,11;16,11;16,11;16,11;15,92;15,54;15,16;14,21
92492;716;Podberáková hlava DELPHIN Reaxe EasyRound;21,96;1;21,96;12,19;23;1;18,67;25;18,67;18,67;18,67;18,67;18,67;18,67;18,45;18,01;17,57;16,47
92493;716;Podberáková hlava DELPHIN Reaxe EasyRound;25,95;1;25,95;14,42;23;1;22,06;25;22,06;22,06;22,06;22,06;22,06;22,06;21,80;21,28;20,76;19,46
90195;;Zimná čiapka DELPHIN Carper;9,95;1;9,95;5,35;23;1;8,46;25;8,46;8,46;8,46;8,46;8,46;8,46;8,36;8,16;7,96;7,46
112393;;Náhradné veslá STARKBOAT, 2 ks;15,01;1;15,01;11,99;23;1;15,01;10;14,41;14,11;13,81;13,51;13,51;13,51;13,51;13,51;13,51;13,51
55858;;Púzdro MIVARDI Match Holdall;54,99;1;54,99;27,54;23;1;49,49;10;49,49;49,49;49,49;49,49;49,49;49,49;49,49;49,49;49,49;49,49
104124;;Method mix STARBAITS Grab&Go Global Tutti Frutti, 1,8 kg;7,29;1;7,29;3,42;23;1;7,29;;7,00;6,85;6,71;6,56;6,42;6,27;6,12;5,98;5,83;5,47
4151;717;Signalizátor DELKIM Txi-D;181,38;1;;;23;1;;;174,12;170,50;166,87;163,24;159,61;155,99;152,36;148,73;145,10;136,04
4152;717;Signalizátor DELKIM Txi-D;181,38;1;;;23;1;;;174,12;170,50;166,87;163,24;159,61;155,99;152,36;148,73;145,10;136,04
4154;717;Signalizátor DELKIM Txi-D;169,00;1;;;23;1;;;162,24;158,86;155,48;152,10;148,72;145,34;141,96;138,58;135,20;126,75
4155;717;Signalizátor DELKIM Txi-D;181,00;1;;;23;1;;;173,76;170,14;166,52;162,90;159,28;155,66;152,04;148,42;144,80;135,75
112804;718;Mikina FISHING POINT Carp Cartel Padre;49,00;1;49,00;39,00;23;1;49,00;;47,04;46,06;45,08;44,10;43,12;42,14;41,16;40,18;39,20;36,75
112805;718;Mikina FISHING POINT Carp Cartel Padre;49,00;1;49,00;39,00;23;1;49,00;;47,04;46,06;45,08;44,10;43,12;42,14;41,16;40,18;39,20;36,75
112806;718;Mikina FISHING POINT Carp Cartel Padre;49,00;1;49,00;39,00;23;1;49,00;;47,04;46,06;45,08;44,10;43,12;42,14;41,16;40,18;39,20;36,75
112807;718;Mikina FISHING POINT Carp Cartel Padre;49,00;1;49,00;39,00;23;1;49,00;;47,04;46,06;45,08;44,10;43,12;42,14;41,16;40,18;39,20;36,75
112808;718;Mikina FISHING POINT Carp Cartel Padre;49,00;1;49,00;39,00;23;1;49,00;;47,04;46,06;45,08;44,10;43,12;42,14;41,16;40,18;39,20;36,75
104142;719;Boilie STARBAITS Red Liver v dipe;6,70;1;6,70;3,33;23;1;6,70;;6,43;6,30;6,16;6,03;5,90;5,76;5,63;5,49;5,36;5,03
104143;719;Boilie STARBAITS Red Liver v dipe;6,70;1;6,70;3,33;23;1;6,70;;6,43;6,30;6,16;6,03;5,90;5,76;5,63;5,49;5,36;5,03
41537;;Sumcový záves HELL-CAT Changeable Slider Boom;1,96;1;1,96;1,03;23;1;1,96;;1,88;1,84;1,80;1,76;1,72;1,69;1,65;1,61;1,57;1,47
100538;720;Vobler ROBINSON Monroe F140;12,71;1;12,71;4,86;23;1;12,71;;12,20;11,95;11,69;11,44;11,18;10,93;10,68;10,42;10,17;9,53
100539;720;Vobler ROBINSON Monroe F140;12,71;1;12,71;4,86;23;1;12,71;;12,20;11,95;11,69;11,44;11,18;10,93;10,68;10,42;10,17;9,53
100540;720;Vobler ROBINSON Monroe F140;12,71;1;12,71;4,86;23;1;12,71;;12,20;11,95;11,69;11,44;11,18;10,93;10,68;10,42;10,17;9,53
100541;720;Vobler ROBINSON Monroe F140;12,71;1;12,71;4,86;23;1;12,71;;12,20;11,95;11,69;11,44;11,18;10,93;10,68;10,42;10,17;9,53
100542;720;Vobler ROBINSON Monroe F140;12,71;1;12,71;4,86;23;1;12,71;;12,20;11,95;11,69;11,44;11,18;10,93;10,68;10,42;10,17;9,53
100543;720;Vobler ROBINSON Monroe F140;12,71;1;12,71;4,86;23;1;12,71;;12,20;11,95;11,69;11,44;11,18;10,93;10,68;10,42;10,17;9,53
90249;;Multifunkčná šatka DELPHIN Atoma I Uni;4,70;1;4,70;2,15;23;1;4,00;25;4,00;4,00;4,00;4,00;4,00;4,00;3,95;3,85;3,76;3,53
83356;;Vobler SALMO Hornet Sinking, 3,5 cm;9,99;1;9,99;4,50;23;1;9,99;;9,59;9,39;9,19;8,99;8,79;8,59;8,39;8,19;7,99;7,49
97706;;"Drevený obraz ""Ostriež"", A07 20x7 cm";18,97;1;18,97;3,30;23;1;18,97;;18,21;17,83;17,45;17,07;16,69;16,31;15,93;15,56;15,18;14,23
41572;;Montáž GIANTS FISHING Helicopter Rig Set with PVC Tube;2,34;1;2,34;1,21;23;1;2,34;;2,25;2,20;2,15;2,11;2,06;2,01;1,97;1,92;1,87;1,76
92540;721;Prút DELPHIN Wasabi Feeder NXT;31,96;1;31,96;17,18;23;1;27,17;25;27,17;27,17;27,17;27,17;27,17;27,17;26,85;26,21;25,57;23,97
92541;721;Prút DELPHIN Wasabi Feeder NXT;33,95;1;33,95;17,18;23;1;28,86;25;28,86;28,86;28,86;28,86;28,86;28,86;28,52;27,84;27,16;25,46
92542;721;Prút DELPHIN Wasabi Feeder NXT;36,95;1;36,95;19,86;23;1;31,41;25;31,41;31,41;31,41;31,41;31,41;31,41;31,04;30,30;29,56;27,71
93699;721;Prút DELPHIN Wasabi Feeder NXT;0,00;1;0,00;0,00;;;0,00;0;0,00;0,00;0,00;0,00;0,00;0,00;0,00;0,00;0,00;0,00
93700;721;Prút DELPHIN Wasabi Feeder NXT;0,00;1;0,00;0,00;;;0,00;0;0,00;0,00;0,00;0,00;0,00;0,00;0,00;0,00;0,00;0,00
41599;;Hrkálka HELL-CAT Scream Balls Red;1,55;1;1,55;0,79;23;1;1,55;;1,49;1,46;1,43;1,40;1,36;1,33;1,30;1,27;1,24;1,16
74896;;Boilie STARBAITS Grab & Go Global Pop Up Mega Fish;3,70;1;3,70;1,72;23;1;3,70;;3,55;3,48;3,40;3,33;3,26;3,18;3,11;3,03;2,96;2,78
100578;;SET = 2x navijak CARPON 10000 PK;158,88;1;158,88;78,00;23;1;158,88;;152,52;149,35;146,17;142,99;139,81;136,64;133,46;130,28;127,10;119,16
31740;;Pogumovaný podberák ROBINSON Monster;51,14;1;51,14;25,12;23;1;51,14;;49,09;48,07;47,05;46,03;45,00;43,98;42,96;41,93;40,91;38,36
66027;;Zarážkové guličky CarpZoom;1,54;1;1,54;0,73;23;1;1,54;;1,48;1,45;1,42;1,39;1,36;1,32;1,29;1,26;1,23;1,16
90325;722;Tričko DELPHIN Catch me! Šťuka;18,95;1;18,95;10,25;23;1;16,11;25;16,11;16,11;16,11;16,11;16,11;16,11;15,92;15,54;15,16;14,21
90331;722;Tričko DELPHIN Catch me! Šťuka;18,95;1;18,95;10,25;23;1;16,11;25;16,11;16,11;16,11;16,11;16,11;16,11;15,92;15,54;15,16;14,21
12826;;Vážiaci vak StarBAITS Monster Weight Sling;75,95;1;75,95;34,09;23;1;75,95;;72,91;71,39;69,87;68,36;66,84;65,32;63,80;62,28;60,76;56,96
104205;;Nymfa ILLEX Scissor Comb 7,6 cm, Magic Pumpkin Craw, 8 ks;12,50;1;12,50;5,84;23;1;12,50;;12,00;11,75;11,50;11,25;11,00;10,75;10,50;10,25;10,00;9,38
41652;;Rýchlovýmenný obratlík GIANTS FISHING Fast Lock Swivel;5,12;1;5,12;2,58;23;1;5,12;;4,92;4,81;4,71;4,61;4,51;4,40;4,30;4,20;4,10;3,84
74933;;Nástraha GUNKI Boomer 14 g, Smoke Shad M.S;12,82;1;12,82;5,79;23;1;12,82;;12,31;12,05;11,79;11,54;11,28;11,03;10,77;10,51;10,26;9,62
92572;;Dipovací sprej DELPHIN Stinx Spray Ustrica, transparentný;3,90;1;3,90;2,09;23;1;3,32;25;3,32;3,32;3,32;3,32;3,32;3,32;3,28;3,20;3,12;2,93
9867;;Vidlička ZICO;5,80;1;6,04;3,92;23;1;6,04;;5,80;5,68;5,56;5,44;5,32;5,19;5,07;4,95;4,83;4,53
104223;;Krabička ILLEX Tackle Box 205 Slit Foam;9,30;1;9,30;4,39;23;1;9,30;;8,93;8,74;8,56;8,37;8,18;8,00;7,81;7,63;7,44;6,98
41673;723;Panvica GIANTS FISHING Eazi Pan;37,67;1;37,67;19,91;23;1;37,67;;36,16;35,41;34,66;33,90;33,15;32,40;31,64;30,89;30,14;28,25
41674;723;Panvica GIANTS FISHING Eazi Pan;39,31;1;39,31;20,77;23;1;39,31;;37,74;36,95;36,17;35,38;34,59;33,81;33,02;32,23;31,45;29,48
90393;724;Bunda DELPHIN Winter Cruiser 5T;79,95;1;79,95;51,29;23;1;67,96;25;67,96;67,96;67,96;67,96;67,96;67,96;67,16;65,56;63,96;59,96
90394;724;Bunda DELPHIN Winter Cruiser 5T;79,95;1;79,95;51,29;23;1;67,96;25;67,96;67,96;67,96;67,96;67,96;67,96;67,16;65,56;63,96;59,96
90395;724;Bunda DELPHIN Winter Cruiser 5T;79,95;1;79,95;53,30;23;1;67,96;25;67,96;67,96;67,96;67,96;67,96;67,96;67,16;65,56;63,96;59,96
90396;724;Bunda DELPHIN Winter Cruiser 5T;79,95;1;79,95;51,29;23;1;67,96;25;67,96;67,96;67,96;67,96;67,96;67,96;67,16;65,56;63,96;59,96
90397;724;Bunda DELPHIN Winter Cruiser 5T;79,95;1;79,95;51,29;23;1;67,96;25;67,96;67,96;67,96;67,96;67,96;67,96;67,16;65,56;63,96;59,96
90398;724;Bunda DELPHIN Winter Cruiser 5T;79,95;1;79,95;51,29;23;1;67,96;25;67,96;67,96;67,96;67,96;67,96;67,96;67,16;65,56;63,96;59,96
99515;;Automatická záchranná vesta ALLROUNDMARIN;98,30;1;98,30;77,22;23;1;98,30;10;94,37;92,40;90,44;88,47;88,47;88,47;88,47;88,47;88,47;88,47
41708;;Navijak GIANTS FISHING Deluxe Reel FD 9000 + cievka 10000;71,44;1;71,44;37,74;23;1;71,44;;68,58;67,15;65,72;64,30;62,87;61,44;60,01;58,58;57,15;53,58
74991;725;Boilie STARBAITS Mass Baiting SK30;28,95;1;28,95;13,70;23;1;28,95;;27,79;27,21;26,63;26,06;25,48;24,90;24,32;23,74;23,16;21,71
74992;725;Boilie STARBAITS Mass Baiting SK30;28,95;1;28,95;13,64;23;1;28,95;;27,79;27,21;26,63;26,06;25,48;24,90;24,32;23,74;23,16;21,71
74993;725;Boilie STARBAITS Mass Baiting SK30;28,95;1;28,95;12,99;23;1;28,95;;27,79;27,21;26,63;26,06;25,48;24,90;24,32;23,74;23,16;21,71
100618;;Fotochromatické polarizačné okuliare METHOD FEEDER FANS 1009;22,99;1;22,99;15,17;23;1;22,99;;22,07;21,61;21,15;20,69;20,23;19,77;19,31;18,85;18,39;17,24
90437;;Šiltovka DELPHIN BlackWay Trucker;9,50;1;9,50;2,69;23;1;8,08;25;8,08;8,08;8,08;8,08;8,08;8,08;7,98;7,79;7,60;7,13
13509;;Hrkálka RHINO Black Cat;2,04;1;2,04;1,12;23;1;2,04;;1,96;1,92;1,88;1,84;1,80;1,75;1,71;1,67;1,63;1,53
56092;726;Pelety MIVARDI Rapid Pellets Extreme Krill;6,99;1;6,99;3,78;23;1;6,29;10;6,29;6,29;6,29;6,29;6,29;6,29;6,29;6,29;6,29;6,29
56093;726;Pelety MIVARDI Rapid Pellets Extreme Krill;6,99;1;6,99;3,78;23;1;6,29;10;6,29;6,29;6,29;6,29;6,29;6,29;6,29;6,29;6,29;6,29
56094;726;Pelety MIVARDI Rapid Pellets Extreme Krill;6,99;1;6,99;3,78;23;1;6,29;10;6,29;6,29;6,29;6,29;6,29;6,29;6,29;6,29;6,29;6,29
90514;;Signalizátor DELPHIN Smart pre sadu;32,95;1;32,95;10,31;23;1;28,01;25;28,01;28,01;28,01;28,01;28,01;28,01;27,68;27,02;26,36;24,71
56119;;Spacák MIVARDI Professional 5 Season;119,99;1;119,99;62,76;23;1;107,99;10;107,99;107,99;107,99;107,99;107,99;107,99;107,99;107,99;107,99;107,99
92654;;Držiak prútov DELPHIN RodHolder;7,95;1;7,95;4,29;23;1;6,76;25;6,76;6,76;6,76;6,76;6,76;6,76;6,68;6,52;6,36;5,96
100663;;Sekundový stan CARPON Camou;50,22;1;50,22;31,92;23;1;50,22;;48,21;47,21;46,20;45,20;44,19;43,19;42,18;41,18;40,18;37,67
33245;;Booster MIKBAITS Spiceman Chilli Squid;7,20;1;7,20;5,36;23;1;7,20;10;6,91;6,77;6,62;6,48;6,48;6,48;6,48;6,48;6,48;6,48
66715;727;Nástraha QUANTUM 4Street Pike Chatter 16 g;8,67;1;8,67;1,80;23;1;8,67;;8,32;8,15;7,98;7,80;7,63;7,46;7,28;7,11;6,94;6,50
66716;727;Nástraha QUANTUM 4Street Pike Chatter 16 g;8,67;1;8,67;1,80;23;1;8,67;;8,32;8,15;7,98;7,80;7,63;7,46;7,28;7,11;6,94;6,50
66717;727;Nástraha QUANTUM 4Street Pike Chatter 16 g;8,67;1;8,67;1,80;23;1;8,67;;8,32;8,15;7,98;7,80;7,63;7,46;7,28;7,11;6,94;6,50
66718;727;Nástraha QUANTUM 4Street Pike Chatter 16 g;8,67;1;8,67;1,80;23;1;8,67;;8,32;8,15;7,98;7,80;7,63;7,46;7,28;7,11;6,94;6,50
90559;728;Nástraha DELPHIN BOMB! Rippa 5 cm, 5 ks;3,20;1;3,20;1,61;23;1;3,20;25;3,07;3,01;2,94;2,88;2,82;2,75;2,69;2,62;2,56;2,40
90564;728;Nástraha DELPHIN BOMB! Rippa 5 cm, 5 ks;3,80;1;3,80;1,87;23;1;3,80;25;3,65;3,57;3,50;3,42;3,34;3,27;3,19;3,12;3,04;2,85
90565;728;Nástraha DELPHIN BOMB! Rippa 5 cm, 5 ks;3,80;1;3,80;1,87;23;1;3,80;25;3,65;3,57;3,50;3,42;3,34;3,27;3,19;3,12;3,04;2,85
56140;;Krmivo MIVARDI V1 Carp Med;6,99;1;6,99;3,85;23;1;6,29;10;6,29;6,29;6,29;6,29;6,29;6,29;6,29;6,29;6,29;6,29
99633;729;Motor HONDA BF 20;3049,00;1;3049,00;;23;1;3049,00;3;2957,53;2957,53;2957,53;2957,53;2957,53;2957,53;2957,53;2957,53;2957,53;2957,53
99634;729;Motor HONDA BF 20;3660,00;1;3660,00;;23;1;3660,00;3;3550,20;3550,20;3550,20;3550,20;3550,20;3550,20;3550,20;3550,20;3550,20;3550,20
99635;729;Motor HONDA BF 20;3855,00;1;3855,00;2527,42;23;1;3855,00;3;3739,35;3739,35;3739,35;3739,35;3739,35;3739,35;3739,35;3739,35;3739,35;3739,35
99636;729;Motor HONDA BF 20;4030,00;1;4030,00;;23;1;4030,00;3;3909,10;3909,10;3909,10;3909,10;3909,10;3909,10;3909,10;3909,10;3909,10;3909,10
99637;729;Motor HONDA BF 20;4259,99;1;4259,99;;23;1;4259,99;3;4132,19;4132,19;4132,19;4132,19;4132,19;4132,19;4132,19;4132,19;4132,19;4132,19
99638;729;Motor HONDA BF 20;4199,99;1;4199,99;;23;1;4199,99;3;4073,99;4073,99;4073,99;4073,99;4073,99;4073,99;4073,99;4073,99;4073,99;4073,99
99639;729;Motor HONDA BF 20;4305,00;1;4305,00;;23;1;4305,00;3;4175,85;4175,85;4175,85;4175,85;4175,85;4175,85;4175,85;4175,85;4175,85;4175,85
99640;729;Motor HONDA BF 20;4995,01;1;4995,01;;23;1;4995,01;3;4845,16;4845,16;4845,16;4845,16;4845,16;4845,16;4845,16;4845,16;4845,16;4845,16
99641;729;Motor HONDA BF 20;5105,00;1;5105,00;;23;1;5105,00;3;4951,85;4951,85;4951,85;4951,85;4951,85;4951,85;4951,85;4951,85;4951,85;4951,85
104293;;Vážiaci sak STARBAITS Floating Sling L;37,95;1;37,95;18,33;23;1;37,95;;36,43;35,67;34,91;34,16;33,40;32,64;31,88;31,12;30,36;28,46
41770;;Bivak GIANTS FISHING Deluxe Plus 2 Man Bivvy;238,21;1;238,21;133,71;23;1;238,21;;228,68;223,92;219,15;214,39;209,62;204,86;200,10;195,33;190,57;178,66
100681;730;Vlasec METHOD FEEDER FANS Shock Profesional Carp Line Adaptive color, 650 m;13,32;1;13,32;3,61;23;1;13,32;;12,79;12,52;12,25;11,99;11,72;11,46;11,19;10,92;10,66;9,99
100682;730;Vlasec METHOD FEEDER FANS Shock Profesional Carp Line Adaptive color, 650 m;13,32;1;13,32;3,61;23;1;13,32;;12,79;12,52;12,25;11,99;11,72;11,46;11,19;10,92;10,66;9,99
100683;730;Vlasec METHOD FEEDER FANS Shock Profesional Carp Line Adaptive color, 650 m;13,32;1;13,32;3,61;23;1;13,32;;12,79;12,52;12,25;11,99;11,72;11,46;11,19;10,92;10,66;9,99
33267;;Pelety MIKBAITS Amur Range PVA Bomb, 15 ks;9,15;1;9,15;6,93;23;1;9,15;10;8,78;8,60;8,42;8,24;8,24;8,24;8,24;8,24;8,24;8,24
56172;;Krmivo Team MIVARDI M1 Bream;4,99;1;4,99;2,87;23;1;4,49;10;4,49;4,49;4,49;4,49;4,49;4,49;4,49;4,49;4,49;4,49
83586;731;Riad FOX Cookware Infrared Power Boil Pans;35,99;1;35,99;18,59;23;1;35,99;;34,55;33,83;33,11;32,39;31,67;30,95;30,23;29,51;28,79;26,99
83587;731;Riad FOX Cookware Infrared Power Boil Pans;27,99;1;27,99;14,46;23;1;27,99;;26,87;26,31;25,75;25,19;24,63;24,07;23,51;22,95;22,39;20,99
104309;732;Ponožky SENSAS Champion Sock;11,50;1;11,50;5,05;23;1;11,50;;11,04;10,81;10,58;10,35;10,12;9,89;9,66;9,43;9,20;8,63
104310;732;Ponožky SENSAS Champion Sock;11,50;1;11,50;5,20;23;1;11,50;;11,04;10,81;10,58;10,35;10,12;9,89;9,66;9,43;9,20;8,63
83610;;Krabička FOX Edges Standard Adjustable Box;9,50;1;9,50;4,42;23;1;9,50;;9,12;8,93;8,74;8,55;8,36;8,17;7,98;7,79;7,60;7,13
99679;;Kultivátor HONDA Versatool adaptér;285,00;1;285,00;;23;1;285,00;3;276,45;276,45;276,45;276,45;276,45;276,45;276,45;276,45;276,45;276,45
104330;;Podberák STARBAITS Epuisette LN 100;43,95;1;43,95;19,67;23;1;43,95;;42,19;41,31;40,43;39,56;38,68;37,80;36,92;36,04;35,16;32,96
41823;733;Boilie CARP INFERNO Nutra Line Višňa Chilli;7,90;1;7,90;4,41;23;1;7,90;;7,58;7,43;7,27;7,11;6,95;6,79;6,64;6,48;6,32;5,93
41824;733;Boilie CARP INFERNO Nutra Line Višňa Chilli;3,53;1;3,53;2,02;23;1;3,53;;3,39;3,32;3,25;3,18;3,11;3,04;2,97;2,89;2,82;2,65
41825;733;Boilie CARP INFERNO Nutra Line Višňa Chilli;7,90;1;7,90;4,41;23;1;7,90;;7,58;7,43;7,27;7,11;6,95;6,79;6,64;6,48;6,32;5,93
75151;734;Kopyto KONGER Killer Shadow 7,5cm;0,66;1;0,66;0,34;23;1;0,66;;0,63;0,62;0,61;0,59;0,58;0,57;0,55;0,54;0,53;0,50
75157;734;Kopyto KONGER Killer Shadow 7,5cm;0,71;1;0,71;0,37;23;1;0,71;;0,68;0,67;0,65;0,64;0,62;0,61;0,60;0,58;0,57;0,53
75158;734;Kopyto KONGER Killer Shadow 7,5cm;0,65;1;0,65;0,37;23;1;0,65;;0,62;0,61;0,60;0,59;0,57;0,56;0,55;0,53;0,52;0,49
75160;734;Kopyto KONGER Killer Shadow 7,5cm;0,66;1;0,66;0,34;23;1;0,66;;0,63;0,62;0,61;0,59;0,58;0,57;0,55;0,54;0,53;0,50
75163;734;Kopyto KONGER Killer Shadow 7,5cm;0,75;1;0,75;0,38;23;1;0,75;;0,72;0,71;0,69;0,68;0,66;0,65;0,63;0,62;0,60;0,56
75165;734;Kopyto KONGER Killer Shadow 7,5cm;0,75;1;0,75;0,30;23;1;0,75;;0,72;0,71;0,69;0,68;0,66;0,65;0,63;0,62;0,60;0,56
75166;734;Kopyto KONGER Killer Shadow 7,5cm;0,70;1;0,70;0,37;23;1;0,70;;0,67;0,66;0,64;0,63;0,62;0,60;0,59;0,57;0,56;0,53
100718;;Nástraha ROBINSON Ripper Longinus, 18 cm, Firetiger;4,30;1;4,30;1,98;23;1;4,30;;4,13;4,04;3,96;3,87;3,78;3,70;3,61;3,53;3,44;3,23
33341;735;Boilie MIKBAITS Chilli Chips, Chilli Scopex;6,24;1;6,24;4,48;23;1;6,24;10;5,99;5,87;5,74;5,62;5,62;5,62;5,62;5,62;5,62;5,62
33342;735;Boilie MIKBAITS Chilli Chips, Chilli Scopex;6,00;1;6,00;4,48;23;1;6,00;10;5,76;5,64;5,52;5,40;5,40;5,40;5,40;5,40;5,40;5,40
66869;;vobler QUANTUM Fat Minnow DR, Hot Perch, 4cm, 6g;9,13;1;9,13;1,98;23;1;9,13;;8,76;8,58;8,40;8,22;8,03;7,85;7,67;7,49;7,30;6,85
90699;736;Kónický vlasec DELPHIN Conic Shocker 6x13m;10,95;1;10,95;5,89;23;1;9,31;25;9,31;9,31;9,31;9,31;9,31;9,31;9,20;8,98;8,76;8,21
90700;736;Kónický vlasec DELPHIN Conic Shocker 6x13m;10,95;1;10,95;5,89;23;1;9,31;25;9,31;9,31;9,31;9,31;9,31;9,31;9,20;8,98;8,76;8,21
90701;736;Kónický vlasec DELPHIN Conic Shocker 6x13m;10,95;1;10,95;5,89;23;1;9,31;25;9,31;9,31;9,31;9,31;9,31;9,31;9,20;8,98;8,76;8,21
92020;736;Kónický vlasec DELPHIN Conic Shocker 6x13m;10,95;1;10,95;5,89;23;1;9,31;25;9,31;9,31;9,31;9,31;9,31;9,31;9,20;8,98;8,76;8,21
14525;;Čln KOLIBRI KM-260 D nafukovací kýl, pevná podlaha;757,00;1;757,00;567,75;23;1;757,00;10;726,72;711,58;696,44;681,30;681,30;681,30;681,30;681,30;681,30;681,30
56214;;Podberák MIVARDI Easy 210;12,29;1;12,29;5,90;23;1;11,06;10;11,06;11,06;11,06;11,06;11,06;11,06;11,06;11,06;11,06;11,06
41844;;Ihla GIANTS FISHING Baiting Needle Purple Fluo;2,34;1;2,34;1,24;23;1;2,34;;2,25;2,20;2,15;2,11;2,06;2,01;1,97;1,92;1,87;1,76
66900;;Pančucha ZEBCO Z-Carp Disperse PVA Funnel Mesh Refill;10,06;1;10,06;2,58;23;1;10,06;;9,66;9,46;9,26;9,05;8,85;8,65;8,45;8,25;8,05;7,55
14800;737;Taška KOLIBRI do čela člna;37,00;1;37,00;27,75;23;1;37,00;10;35,52;34,78;34,04;33,30;33,30;33,30;33,30;33,30;33,30;33,30
14801;737;Taška KOLIBRI do čela člna;37,92;1;37,92;27,75;23;1;37,92;10;36,40;35,64;34,89;34,13;34,13;34,13;34,13;34,13;34,13;34,13
14802;737;Taška KOLIBRI do čela člna;43,00;1;43,00;32,25;23;1;43,00;10;41,28;40,42;39,56;38,70;38,70;38,70;38,70;38,70;38,70;38,70
56238;738;Partikel MIVARDI Kukurica;3,28;1;3,28;1,81;23;1;2,95;10;2,95;2,95;2,95;2,95;2,95;2,95;2,95;2,95;2,95;2,95
56247;738;Partikel MIVARDI Kukurica;6,14;1;6,14;3,30;23;1;5,53;10;5,53;5,53;5,53;5,53;5,53;5,53;5,53;5,53;5,53;5,53
104369;;Podberák STARBAITS LN 300;82,95;1;82,95;37,35;23;1;82,95;;79,63;77,97;76,31;74,66;73,00;71,34;69,68;68,02;66,36;62,21
92772;739;Nepremokavý oblek DELPHIN Proof;20,95;1;20,95;13,11;23;1;17,81;25;17,81;17,81;17,81;17,81;17,81;17,81;17,60;17,18;16,76;15,71
92773;739;Nepremokavý oblek DELPHIN Proof;20,95;1;20,95;13,76;23;1;17,81;25;17,81;17,81;17,81;17,81;17,81;17,81;17,60;17,18;16,76;15,71
92774;739;Nepremokavý oblek DELPHIN Proof;20,95;1;20,95;13,11;23;1;17,81;25;17,81;17,81;17,81;17,81;17,81;17,81;17,60;17,18;16,76;15,71
92775;739;Nepremokavý oblek DELPHIN Proof;20,95;1;20,95;13,76;23;1;17,81;25;17,81;17,81;17,81;17,81;17,81;17,81;17,60;17,18;16,76;15,71
92776;739;Nepremokavý oblek DELPHIN Proof;20,95;1;20,95;13,11;23;1;17,81;25;17,81;17,81;17,81;17,81;17,81;17,81;17,60;17,18;16,76;15,71
92777;739;Nepremokavý oblek DELPHIN Proof;20,95;1;20,95;13,76;23;1;17,81;25;17,81;17,81;17,81;17,81;17,81;17,81;17,60;17,18;16,76;15,71
100752;740;Navijak ROBINSON Platinum FD;45,90;1;45,90;19,50;23;1;45,90;;44,06;43,15;42,23;41,31;40,39;39,47;38,56;37,64;36,72;34,43
100753;740;Navijak ROBINSON Platinum FD;49,70;1;49,70;20,98;23;1;49,70;;47,71;46,72;45,72;44,73;43,74;42,74;41,75;40,75;39,76;37,28
66922;;Elektromotor RHINO BLX 80 V2 Electric Outboard Motor;699,99;1;699,99;365,02;23;1;699,99;;671,99;657,99;643,99;629,99;615,99;601,99;587,99;573,99;559,99;524,99
90776;;Klobúk DELPHIN Raider C2G;17,50;1;17,50;9,11;23;1;14,88;25;14,88;14,88;14,88;14,88;14,88;14,88;14,70;14,35;14,00;13,13
14817;;Čln Katamaran KOLIBRI Sea Cat KM-340CM, tmavo šedý, Air-deck podlaha;1216,68;1;1216,68;890,25;23;1;1216,68;10;1168,01;1143,68;1119,35;1095,01;1095,01;1095,01;1095,01;1095,01;1095,01;1095,01
56255;741;Prút MIVARDI Akasa TeleCarp II;16,40;1;16,40;8,01;23;1;14,76;10;14,76;14,76;14,76;14,76;14,76;14,76;14,76;14,76;14,76;14,76
56256;741;Prút MIVARDI Akasa TeleCarp II;18,44;1;18,44;9,01;23;1;16,60;10;16,60;16,60;16,60;16,60;16,60;16,60;16,60;16,60;16,60;16,60
56257;741;Prút MIVARDI Akasa TeleCarp II;23,57;1;23,57;11,52;23;1;21,21;10;21,21;21,21;21,21;21,21;21,21;21,21;21,21;21,21;21,21;21,21
56258;741;Prút MIVARDI Akasa TeleCarp II;23,98;1;23,98;12,02;23;1;21,58;10;21,58;21,58;21,58;21,58;21,58;21,58;21,58;21,58;21,58;21,58
83711;;Šnúra FOX Naturals Soft Braid Hooklength;17,42;1;17,42;7,91;23;1;17,42;;16,72;16,37;16,03;15,68;15,33;14,98;14,63;14,28;13,94;13,07
104387;;Vobler GUNKI Gamera 65 SP, HL Rainbow Trout;8,70;1;8,70;3,79;23;1;8,70;;8,35;8,18;8,00;7,83;7,66;7,48;7,31;7,13;6,96;6,53
41888;;Náhradná pančucha GIANTS FISHING PVA Mesh Fast Melt Refill;15,60;1;15,60;7,63;23;1;15,60;;14,98;14,66;14,35;14,04;13,73;13,42;13,10;12,79;12,48;11,70
92788;742;Extra termo ponožky DELPHIN Xtremo;7,50;1;7,50;4,06;23;1;6,38;25;6,38;6,38;6,38;6,38;6,38;6,38;6,30;6,15;6,00;5,63
92789;742;Extra termo ponožky DELPHIN Xtremo;7,50;1;7,50;4,06;23;1;6,38;25;6,38;6,38;6,38;6,38;6,38;6,38;6,30;6,15;6,00;5,63
92790;742;Extra termo ponožky DELPHIN Xtremo;7,50;1;7,50;3,01;23;1;6,38;25;6,38;6,38;6,38;6,38;6,38;6,38;6,30;6,15;6,00;5,63
100768;;Nástraha Method Feeder Fans Worms Wafter 10 mm, Spicy Meat;4,99;1;4,99;2,03;23;1;4,99;;4,79;4,69;4,59;4,49;4,39;4,29;4,19;4,09;3,99;3,74
36050;;Plastový kľúč ZICO;5,30;1;;;23;1;;;5,09;4,98;4,88;4,77;4,66;4,56;4,45;4,35;4,24;3,98
67034;743;Karabínka MIKADO Fastlock Snap;0,93;1;0,93;0,35;23;1;0,85;25;0,85;0,85;0,85;0,84;0,82;0,80;0,78;0,76;0,74;0,70
67035;743;Karabínka MIKADO Fastlock Snap;0,96;1;0,96;0,32;23;1;0,87;25;0,87;0,87;0,87;0,86;0,84;0,83;0,81;0,79;0,77;0,72
90809;;Taška DELPHIN CarryALL SPACE C2G 3XL;89,95;1;89,95;51,11;23;1;76,46;25;76,46;76,46;76,46;76,46;76,46;76,46;75,56;73,76;71,96;67,46
14835;;Ventil kompletný BRAVO šedý;10,76;1;10,76;7,50;23;1;10,76;10;10,33;10,11;9,90;9,68;9,68;9,68;9,68;9,68;9,68;9,68
104403;;Vodotesná krabička ILLEX Tackle Box 270 Waterproof 5C;12,30;1;12,30;5,99;23;1;12,30;;11,81;11,56;11,32;11,07;10,82;10,58;10,33;10,09;9,84;9,23
36114;744;Háčik OWNER S-59 s veľkým očkom;3,28;1;3,28;1,49;23;1;3,28;;3,15;3,08;3,02;2,95;2,89;2,82;2,76;2,69;2,62;2,46
36115;744;Háčik OWNER S-59 s veľkým očkom;3,28;1;3,28;1,49;23;1;3,28;;3,15;3,08;3,02;2,95;2,89;2,82;2,76;2,69;2,62;2,46
56285;;Rýchlovýmenné krmítko MIVARDI QMR Flat XL;2,69;1;2,69;1,35;23;1;2,42;10;2,42;2,42;2,42;2,42;2,42;2,42;2,42;2,42;2,42;2,42
104420;;Vobler ILLEX Chubby Micro 30, Truitelle;19,70;1;19,70;9,25;23;1;19,70;;18,91;18,52;18,12;17,73;17,34;16,94;16,55;16,15;15,76;14,78
75594;;Plandavka MISTRALL Kiro PTA, 3 g;2,60;1;2,60;1,55;23;1;2,60;;2,50;2,44;2,39;2,34;2,29;2,24;2,18;2,13;2,08;1,95
36216;;SET 3 signalizátorov ZICO Unicarp III s príposluchom;174,14;1;174,14;91,11;23;1;174,14;;167,17;163,69;160,21;156,73;153,24;149,76;146,28;142,79;139,31;130,61
56299;;Swinger MIVARDI MCX 77 Swing Arm fialový;11,99;1;11,99;5,83;23;1;10,79;10;10,79;10,79;10,79;10,79;10,79;10,79;10,79;10,79;10,79;10,79
104436;;Krmivo SENSAS Method Mix Dark Mackerel, 1 kg;6,49;1;6,49;2,90;23;1;6,49;;6,23;6,10;5,97;5,84;5,71;5,58;5,45;5,32;5,19;4,87
76202;;Oválna bublina;1,30;1;1,30;0,71;23;1;1,30;;1,25;1,22;1,20;1,17;1,14;1,12;1,09;1,07;1,04;0,98
92848;;Dipovací sprej DELPHIN AromaX, Syr - Pečeň;3,90;1;3,90;2,09;23;1;3,32;25;3,32;3,32;3,32;3,32;3,32;3,32;3,28;3,20;3,12;2,93
67324;;Blyskáč MIKADO Focus with Tassel;1,80;1;1,80;0,76;23;1;1,64;25;1,64;1,64;1,64;1,62;1,58;1,55;1,51;1,48;1,44;1,35
16724;;Spacák MIVARDI Easy Sleeping Bag;68,66;1;68,66;34,60;23;1;61,79;10;61,79;61,79;61,79;61,79;61,79;61,79;61,79;61,79;61,79;61,79
56319;;Podložka MIVARDI Entrix XL;31,99;1;31,99;16,22;23;1;28,79;10;28,79;28,79;28,79;28,79;28,79;28,79;28,79;28,79;28,79;28,79
83775;;Okuliare FOX Rage Transparent Black Brown Lens Mirror Blue;23,98;1;23,98;12,00;23;1;23,98;;23,02;22,54;22,06;21,58;21,10;20,62;20,14;19,66;19,18;17,99
104451;;Gél SENSAS Power Flash Pink Mackerel, 115 ml;8,20;1;8,20;3,68;23;1;8,20;;7,87;7,71;7,54;7,38;7,22;7,05;6,89;6,72;6,56;6,15
41972;;Filetovací nôž GIANTS FISHING 4 filleting Knife;10,68;1;10,68;5,74;23;1;10,68;;10,25;10,04;9,83;9,61;9,40;9,18;8,97;8,76;8,54;8,01
76502;;Navijak TICA Scepter GTY 6000;69,00;1;69,00;39,47;23;1;69,00;;66,24;64,86;63,48;62,10;60,72;59,34;57,96;56,58;55,20;51,75
92864;745;Nástraha DELPHIN D Snax Shell Wafters, Mušľa - Korenie;4,94;1;4,94;2,66;23;1;4,20;25;4,20;4,20;4,20;4,20;4,20;4,20;4,15;4,05;3,95;3,71
92865;745;Nástraha DELPHIN D Snax Shell Wafters, Mušľa - Korenie;4,94;1;4,94;2,47;23;1;4,20;25;4,20;4,20;4,20;4,20;4,20;4,20;4,15;4,05;3,95;3,71
92866;745;Nástraha DELPHIN D Snax Shell Wafters, Mušľa - Korenie;4,94;1;4,94;2,18;23;1;4,20;25;4,20;4,20;4,20;4,20;4,20;4,20;4,15;4,05;3,95;3,71
16984;;Navijak MIVARDI Bandit 8000;60,47;1;60,47;29,55;23;1;54,42;10;54,42;54,42;54,42;54,42;54,42;54,42;54,42;54,42;54,42;54,42
56335;;Navijak MIVARDI Speedex Spod;78,99;1;78,99;39,56;23;1;71,09;10;71,09;71,09;71,09;71,09;71,09;71,09;71,09;71,09;71,09;71,09
104467;746;Boilie STARBAITS Grab & Go Global Mega Fish, 800 g;5,60;1;5,60;2,63;23;1;5,60;;5,38;5,26;5,15;5,04;4,93;4,82;4,70;4,59;4,48;4,20
104468;746;Boilie STARBAITS Grab & Go Global Mega Fish, 800 g;5,60;1;5,60;2,75;23;1;5,60;;5,38;5,26;5,15;5,04;4,93;4,82;4,70;4,59;4,48;4,20
104469;746;Boilie STARBAITS Grab & Go Global Mega Fish, 800 g;5,60;1;5,60;2,63;23;1;5,60;;5,38;5,26;5,15;5,04;4,93;4,82;4,70;4,59;4,48;4,20
76553;747;Rotačka MEPPS Black Fury medená;4,40;1;4,40;2,60;23;1;4,40;;4,22;4,14;4,05;3,96;3,87;3,78;3,70;3,61;3,52;3,30
76759;747;Rotačka MEPPS Black Fury medená;3,60;1;3,60;1,84;23;1;3,60;;3,46;3,38;3,31;3,24;3,17;3,10;3,02;2,95;2,88;2,70
76760;747;Rotačka MEPPS Black Fury medená;3,70;1;3,70;2,28;23;1;3,70;;3,55;3,48;3,40;3,33;3,26;3,18;3,11;3,03;2,96;2,78
92880;;Rozťahovacia hrazda DELPHIN FlexiMag Buzz L;20,95;1;20,95;10,54;23;1;17,81;25;17,81;17,81;17,81;17,81;17,81;17,81;17,60;17,18;16,76;15,71
101062;;Pelety NIKL Giga Squid s dierkou;8,59;1;8,59;5,34;23;1;8,59;;8,25;8,07;7,90;7,73;7,56;7,39;7,22;7,04;6,87;6,44
56351;;Mix sada pelety MIVARDI Soft Extruded Pellets, 10 mm, 75 g;6,99;1;6,99;3,85;23;1;6,29;10;6,29;6,29;6,29;6,29;6,29;6,29;6,29;6,29;6,29;6,29
104484;;Boilie STARBAITS Grab & Go Global Tutti Frutti, 800 g;5,60;1;5,60;2,75;23;1;5,60;;5,38;5,26;5,15;5,04;4,93;4,82;4,70;4,59;4,48;4,20
42236;;Naviják SHIMANO Baitrunner ST 10000 RB;90,90;1;90,90;46,59;23;1;90,90;;87,26;85,45;83,63;81,81;79,99;78,17;76,36;74,54;72,72;68,18
101096;;Čelovka TRAKKER Nitelite Headtorch 220M;18,84;1;18,84;11,18;23;1;18,84;;18,09;17,71;17,33;16,96;16,58;16,20;15,83;15,45;15,07;14,13
36364;;Nabíjacia batéria Líthiová 9 V/ 650 mAh (1000 cyklov);7,08;1;7,08;3,14;23;1;7,08;;6,80;6,66;6,51;6,37;6,23;6,09;5,95;5,81;5,66;5,31
90986;;Pletený šál DELPHIN Knity;16,95;1;16,95;8,88;23;1;14,41;25;14,41;14,41;14,41;14,41;14,41;14,41;14,24;13,90;13,56;12,71
83815;748;Bunda FOX Collection Hybrid Jacket;69,99;1;69,99;37,71;23;1;69,99;;67,19;65,79;64,39;62,99;61,59;60,19;58,79;57,39;55,99;52,49
83816;748;Bunda FOX Collection Hybrid Jacket;69,99;1;69,99;37,71;23;1;69,99;;67,19;65,79;64,39;62,99;61,59;60,19;58,79;57,39;55,99;52,49
104500;;Podložka STARBAITS Safety Craddle;119,95;1;119,95;58,91;23;1;119,95;;115,15;112,75;110,35;107,96;105,56;103,16;100,76;98,36;95,96;89,96
42694;;Naviják SHIMANO Ultegra 5500 XTD;194,96;1;194,96;107,75;23;1;194,96;;187,16;183,26;179,36;175,46;171,56;167,67;163,77;159,87;155,97;146,22
36380;749;Nadväzec OWNER FDB-03;6,70;1;6,70;2,65;23;1;6,70;;6,43;6,30;6,16;6,03;5,90;5,76;5,63;5,49;5,36;5,03
36381;749;Nadväzec OWNER FDB-03;6,70;1;6,70;2,65;23;1;6,70;;6,43;6,30;6,16;6,03;5,90;5,76;5,63;5,49;5,36;5,03
36382;749;Nadväzec OWNER FDB-03;6,70;1;6,70;2,65;23;1;6,70;;6,43;6,30;6,16;6,03;5,90;5,76;5,63;5,49;5,36;5,03
36383;749;Nadväzec OWNER FDB-03;6,70;1;6,70;2,65;23;1;6,70;;6,43;6,30;6,16;6,03;5,90;5,76;5,63;5,49;5,36;5,03
36389;749;Nadväzec OWNER FDB-03;6,70;1;6,70;2,65;23;1;6,70;;6,43;6,30;6,16;6,03;5,90;5,76;5,63;5,49;5,36;5,03
67520;750;Háčiky MIKADO Jaws Offset with Screw & Lead s olovkom;3,70;1;3,70;1,75;23;1;3,37;25;3,37;3,37;3,37;3,33;3,26;3,18;3,11;3,03;2,96;2,78
67525;750;Háčiky MIKADO Jaws Offset with Screw & Lead s olovkom;4,61;1;4,61;2,06;23;1;4,20;25;4,20;4,20;4,20;4,15;4,06;3,96;3,87;3,78;3,69;3,46
67527;750;Háčiky MIKADO Jaws Offset with Screw & Lead s olovkom;3,91;1;3,91;2,02;23;1;3,56;25;3,56;3,56;3,56;3,52;3,44;3,36;3,28;3,21;3,13;2,93
67529;750;Háčiky MIKADO Jaws Offset with Screw & Lead s olovkom;5,90;1;5,90;2,41;23;1;5,37;25;5,37;5,37;5,37;5,31;5,19;5,07;4,96;4,84;4,72;4,43
18111;751;Krabičky StarBAITS Bait Box;6,70;1;6,70;3,00;23;1;6,70;;6,43;6,30;6,16;6,03;5,90;5,76;5,63;5,49;5,36;5,03
18112;751;Krabičky StarBAITS Bait Box;6,70;1;6,70;3,01;23;1;6,70;;6,43;6,30;6,16;6,03;5,90;5,76;5,63;5,49;5,36;5,03
104516;;Váha STARBAITS Challenger Digital Scale, 50 kg;27,95;1;27,95;13,73;23;1;27,95;;26,83;26,27;25,71;25,16;24,60;24,04;23,48;22,92;22,36;20,96
76726;;Navijak TICA Scepter GTB 10000;69,00;1;69,00;40,44;23;1;69,00;;66,24;64,86;63,48;62,10;60,72;59,34;57,96;56,58;55,20;51,75
101138;752;Plávajúce boilie NIKL Pop Up Calanus & Krill;8,00;1;8,00;4,24;23;1;8,00;;7,68;7,52;7,36;7,20;7,04;6,88;6,72;6,56;6,40;6,00
101139;752;Plávajúce boilie NIKL Pop Up Calanus & Krill;8,40;1;8,40;4,53;23;1;8,40;;8,06;7,90;7,73;7,56;7,39;7,22;7,06;6,89;6,72;6,30
101140;752;Plávajúce boilie NIKL Pop Up Calanus & Krill;8,40;1;8,40;4,46;23;1;8,40;;8,06;7,90;7,73;7,56;7,39;7,22;7,06;6,89;6,72;6,30
36396;;Vobler OWNER TD-95, Baby Bass;12,30;1;12,30;4,82;23;1;12,30;;11,81;11,56;11,32;11,07;10,82;10,58;10,33;10,09;9,84;9,23
67665;;Box MIKADO Seat Box;29,99;1;29,99;14,91;23;1;27,29;25;27,29;27,29;27,29;26,99;26,39;25,79;25,19;24,59;23,99;22,49
18670;753;Závesný klip StarBAITS Safety Lead Clip;3,60;1;3,60;1,64;23;1;3,60;;3,46;3,38;3,31;3,24;3,17;3,10;3,02;2,95;2,88;2,70
18671;753;Závesný klip StarBAITS Safety Lead Clip;3,60;1;3,60;1,49;23;1;3,60;;3,46;3,38;3,31;3,24;3,17;3,10;3,02;2,95;2,88;2,70
104534;;Lehátko STARBAITS Bivie Bed DLX;239,95;1;239,95;109,00;23;1;239,95;;230,35;225,55;220,75;215,96;211,16;206,36;201,56;196,76;191,96;179,96
76756;;Navijak TICA Mentor Feeder Heavy 5000;75,01;1;75,01;40,34;23;1;75,01;;72,01;70,51;69,01;67,51;66,01;64,51;63,01;61,51;60,01;56,26
101154;754;Boilie NIKL Ready Calanus & Krill;6,70;1;6,70;3,56;23;1;6,70;;6,43;6,30;6,16;6,03;5,90;5,76;5,63;5,49;5,36;5,03
101155;754;Boilie NIKL Ready Calanus & Krill;19,00;1;19,00;10,48;23;1;19,00;;18,24;17,86;17,48;17,10;16,72;16,34;15,96;15,58;15,20;14,25
101156;754;Boilie NIKL Ready Calanus & Krill;19,00;1;19,00;10,06;23;1;19,00;;18,24;17,86;17,48;17,10;16,72;16,34;15,96;15,58;15,20;14,25
101157;754;Boilie NIKL Ready Calanus & Krill;19,00;1;19,00;10,56;23;1;19,00;;18,24;17,86;17,48;17,10;16,72;16,34;15,96;15,58;15,20;14,25
101158;754;Boilie NIKL Ready Calanus & Krill;19,00;1;19,00;10,48;23;1;19,00;;18,24;17,86;17,48;17,10;16,72;16,34;15,96;15,58;15,20;14,25
101159;754;Boilie NIKL Ready Calanus & Krill;19,00;1;19,00;10,56;23;1;19,00;;18,24;17,86;17,48;17,10;16,72;16,34;15,96;15,58;15,20;14,25
101160;754;Boilie NIKL Ready Calanus & Krill;55,46;1;55,46;30,31;23;1;55,46;;53,24;52,13;51,02;49,91;48,80;47,70;46,59;45,48;44,37;41,60
101161;754;Boilie NIKL Ready Calanus & Krill;55,46;1;55,46;30,31;23;1;55,46;;53,24;52,13;51,02;49,91;48,80;47,70;46,59;45,48;44,37;41,60
36565;;Kompresor Scheppach HC 53 DC;279,00;1;279,00;178,00;23;1;279,00;;267,84;262,26;256,68;251,10;245,52;239,94;234,36;228,78;223,20;209,25
67839;;Multifunkčný nástroj MIKADO Multi Tool uťahovač;7,16;1;7,16;2,91;23;1;6,52;25;6,52;6,52;6,52;6,44;6,30;6,16;6,01;5,87;5,73;5,37
91055;755;Neoprénové prsačky DELPHIN Orava;138,95;1;138,95;74,98;23;1;118,11;25;118,11;118,11;118,11;118,11;118,11;118,11;116,72;113,94;111,16;104,21
91056;755;Neoprénové prsačky DELPHIN Orava;138,95;1;138,95;77,19;23;1;118,11;25;118,11;118,11;118,11;118,11;118,11;118,11;116,72;113,94;111,16;104,21
91057;755;Neoprénové prsačky DELPHIN Orava;138,95;1;138,95;74,98;23;1;118,11;25;118,11;118,11;118,11;118,11;118,11;118,11;116,72;113,94;111,16;104,21
91058;755;Neoprénové prsačky DELPHIN Orava;138,95;1;138,95;74,98;23;1;118,11;25;118,11;118,11;118,11;118,11;118,11;118,11;116,72;113,94;111,16;104,21
91059;755;Neoprénové prsačky DELPHIN Orava;138,95;1;138,95;77,19;23;1;118,11;25;118,11;118,11;118,11;118,11;118,11;118,11;116,72;113,94;111,16;104,21
91060;755;Neoprénové prsačky DELPHIN Orava;138,95;1;138,95;74,98;23;1;118,11;25;118,11;118,11;118,11;118,11;118,11;118,11;116,72;113,94;111,16;104,21
91061;755;Neoprénové prsačky DELPHIN Orava;138,95;1;138,95;74,98;23;1;118,11;25;118,11;118,11;118,11;118,11;118,11;118,11;116,72;113,94;111,16;104,21
19224;756;Prút ROBINSON Carbonic Picker;32,00;1;32,00;14,99;23;1;32,00;;30,72;30,08;29,44;28,80;28,16;27,52;26,88;26,24;25,60;24,00
19244;756;Prút ROBINSON Carbonic Picker;30,04;1;30,04;13,70;23;1;30,04;;28,84;28,24;27,64;27,04;26,44;25,83;25,23;24,63;24,03;22,53
43704;757;Naviják SHIMANO Sienna RE;35,36;1;35,36;22,54;23;1;35,36;;33,95;33,24;32,53;31,82;31,12;30,41;29,70;29,00;28,29;26,52
43705;757;Naviják SHIMANO Sienna RE;36,38;1;36,38;21,85;23;1;36,38;;34,92;34,20;33,47;32,74;32,01;31,29;30,56;29,83;29,10;27,29
77223;758;Vobler DAIWA Silver Creek ST Inline Lunker 8,5cm;11,07;1;11,07;3,89;23;1;11,07;;10,63;10,41;10,18;9,96;9,74;9,52;9,30;9,08;8,86;8,30
77227;758;Vobler DAIWA Silver Creek ST Inline Lunker 8,5cm;11,07;1;11,07;3,89;23;1;11,07;;10,63;10,41;10,18;9,96;9,74;9,52;9,30;9,08;8,86;8,30
77230;758;Vobler DAIWA Silver Creek ST Inline Lunker 8,5cm;11,07;1;11,07;3,89;23;1;11,07;;10,63;10,41;10,18;9,96;9,74;9,52;9,30;9,08;8,86;8,30
92988;;Vážiaca trojnožka DELPHIN Classa Triple;50,95;1;50,95;29,62;23;1;43,31;25;43,31;43,31;43,31;43,31;43,31;43,31;42,80;41,78;40,76;38,21
36630;;Pílový kotúč SCHEPPACH TCT 500;140,43;1;140,43;;23;1;140,43;;134,81;132,00;129,20;126,39;123,58;120,77;117,96;115,15;112,34;105,32
36656;;Sada pílových kotúčov SCHEPPACH 315mm;61,49;1;61,49;;23;1;61,49;;59,03;57,80;56,57;55,34;54,11;52,88;51,65;50,42;49,19;46,12
57783;759;Záťaž FANATIK Oliva, 5 ks;0,97;1;0,97;0,64;23;1;0,58;;0,58;0,58;0,58;0,58;0,58;0,58;0,58;0,58;0,58;0,58
57784;759;Záťaž FANATIK Oliva, 5 ks;0,92;1;0,92;0,26;23;1;0,55;;0,55;0,55;0,55;0,55;0,55;0,55;0,55;0,55;0,55;0,55
57785;759;Záťaž FANATIK Oliva, 5 ks;0,97;1;0,97;0,64;23;1;0,58;;0,58;0,58;0,58;0,58;0,58;0,58;0,58;0,58;0,58;0,58
57787;759;Záťaž FANATIK Oliva, 5 ks;1,08;1;1,08;0,39;23;1;0,65;;0,65;0,65;0,65;0,65;0,65;0,65;0,65;0,65;0,65;0,65
57793;759;Záťaž FANATIK Oliva, 5 ks;1,75;1;1,75;1,22;23;1;1,05;;1,05;1,05;1,05;1,05;1,05;1,05;1,05;1,05;1,05;1,05
105043;;Obojstranná krabička DRAGON;8,92;1;8,92;4,43;23;1;8,92;;8,56;8,38;8,21;8,03;7,85;7,67;7,49;7,31;7,14;6,69
36683;;Pílový pás SCHEPPACH;30,74;1;30,74;;23;1;30,74;;29,51;28,90;28,28;27,67;27,05;26,44;25,82;25,21;24,59;23,06
91110;760;Vlasec DELPHIN Yupie, fluo žltý, 300 m;6,49;1;6,49;2,98;23;1;5,52;25;5,52;5,52;5,52;5,52;5,52;5,52;5,45;5,32;5,19;4,87
91111;760;Vlasec DELPHIN Yupie, fluo žltý, 300 m;6,49;1;6,49;2,98;23;1;5,52;25;5,52;5,52;5,52;5,52;5,52;5,52;5,45;5,32;5,19;4,87
91112;760;Vlasec DELPHIN Yupie, fluo žltý, 300 m;6,49;1;6,49;2,98;23;1;5,52;25;5,52;5,52;5,52;5,52;5,52;5,52;5,45;5,32;5,19;4,87
19486;761;Prút ROBINSON PowerFlex Spin;21,89;1;21,89;10,50;23;1;21,89;;21,01;20,58;20,14;19,70;19,26;18,83;18,39;17,95;17,51;16,42
31175;761;Prút ROBINSON PowerFlex Spin;21,22;1;21,22;0,01;23;1;21,22;;20,37;19,95;19,52;19,10;18,67;18,25;17,82;17,40;16,98;15,92
31176;761;Prút ROBINSON PowerFlex Spin;25,90;1;25,90;11,79;23;1;25,90;;24,86;24,35;23,83;23,31;22,79;22,27;21,76;21,24;20,72;19,43
31177;761;Prút ROBINSON PowerFlex Spin;22,55;1;22,55;12,39;23;1;22,55;;21,65;21,20;20,75;20,30;19,84;19,39;18,94;18,49;18,04;16,91
87308;762;Naviják OKUMA Custom Black;69,90;1;69,90;43,25;23;1;69,90;;67,10;65,71;64,31;62,91;61,51;60,11;58,72;57,32;55,92;52,43
87309;762;Naviják OKUMA Custom Black;74,89;1;74,89;37,56;23;1;74,89;;71,89;70,40;68,90;67,40;65,90;64,41;62,91;61,41;59,91;56,17
105601;763;Nástraha SAVAGE GEAR Cannibal Shad B, Lemon Cracker Fluo;0,80;1;0,80;0,36;23;1;0,80;;0,77;0,75;0,74;0,72;0,70;0,69;0,67;0,66;0,64;0,60
105621;763;Nástraha SAVAGE GEAR Cannibal Shad B, Lemon Cracker Fluo;1,02;1;1,02;0,46;23;1;1,02;;0,98;0,96;0,94;0,92;0,90;0,88;0,86;0,84;0,82;0,77
88994;763;Nástraha SAVAGE GEAR Cannibal Shad B, Lemon Cracker Fluo;0,68;1;0,68;0,30;23;1;0,68;;0,65;0,64;0,63;0,61;0,60;0,58;0,57;0,56;0,54;0,51
101296;;Dip SHIMANO TX1 Hookbait 200ml, Tiger Nut;9,18;1;9,18;4,39;23;1;9,18;;8,81;8,63;8,45;8,26;8,08;7,89;7,71;7,53;7,34;6,89
4444;;Elektromotor MinnKota Endura C2 34;240,00;1;240,00;188,63;23;1;240,00;;230,40;225,60;220,80;216,00;211,20;206,40;201,60;196,80;192,00;180,00
77564;764;Vlasec DAIWA J-Fluorocarbon Leader;13,74;1;13,74;6,45;23;1;13,74;;13,19;12,92;12,64;12,37;12,09;11,82;11,54;11,27;10,99;10,31
77565;764;Vlasec DAIWA J-Fluorocarbon Leader;11,30;1;11,30;4,84;23;1;11,30;;10,85;10,62;10,40;10,17;9,94;9,72;9,49;9,27;9,04;8,48
77566;764;Vlasec DAIWA J-Fluorocarbon Leader;12,40;1;12,40;6,52;23;1;12,40;;11,90;11,66;11,41;11,16;10,91;10,66;10,42;10,17;9,92;9,30
36720;;Vzduchová striekacia pištoľ SCHEPPACH;32,79;1;32,79;21,62;23;1;32,79;;31,48;30,82;30,17;29,51;28,86;28,20;27,54;26,89;26,23;24,59
91166;765;Nástrahy DELPHIN Zandera UVs 10 cm, 5 ks;3,39;1;3,39;1,83;23;1;2,88;25;2,88;2,88;2,88;2,88;2,88;2,88;2,85;2,78;2,71;2,54
91167;765;Nástrahy DELPHIN Zandera UVs 10 cm, 5 ks;3,39;1;3,39;1,88;23;1;2,88;25;2,88;2,88;2,88;2,88;2,88;2,88;2,85;2,78;2,71;2,54
91168;765;Nástrahy DELPHIN Zandera UVs 10 cm, 5 ks;3,39;1;3,39;1,88;23;1;2,88;25;2,88;2,88;2,88;2,88;2,88;2,88;2,85;2,78;2,71;2,54
91169;765;Nástrahy DELPHIN Zandera UVs 10 cm, 5 ks;3,39;1;3,39;1,83;23;1;2,88;25;2,88;2,88;2,88;2,88;2,88;2,88;2,85;2,78;2,71;2,54
91170;765;Nástrahy DELPHIN Zandera UVs 10 cm, 5 ks;3,39;1;3,39;1,83;23;1;2,88;25;2,88;2,88;2,88;2,88;2,88;2,88;2,85;2,78;2,71;2,54
91171;765;Nástrahy DELPHIN Zandera UVs 10 cm, 5 ks;3,39;1;3,39;1,83;23;1;2,88;25;2,88;2,88;2,88;2,88;2,88;2,88;2,85;2,78;2,71;2,54
91172;765;Nástrahy DELPHIN Zandera UVs 10 cm, 5 ks;3,39;1;3,39;1,83;23;1;2,88;25;2,88;2,88;2,88;2,88;2,88;2,88;2,85;2,78;2,71;2,54
91173;765;Nástrahy DELPHIN Zandera UVs 10 cm, 5 ks;3,39;1;3,39;1,83;23;1;2,88;25;2,88;2,88;2,88;2,88;2,88;2,88;2,85;2,78;2,71;2,54
91174;765;Nástrahy DELPHIN Zandera UVs 10 cm, 5 ks;3,39;1;3,39;1,83;23;1;2,88;25;2,88;2,88;2,88;2,88;2,88;2,88;2,85;2,78;2,71;2,54
91176;765;Nástrahy DELPHIN Zandera UVs 10 cm, 5 ks;3,39;1;3,39;1,88;23;1;2,88;25;2,88;2,88;2,88;2,88;2,88;2,88;2,85;2,78;2,71;2,54
91177;765;Nástrahy DELPHIN Zandera UVs 10 cm, 5 ks;3,39;1;3,39;1,83;23;1;2,88;25;2,88;2,88;2,88;2,88;2,88;2,88;2,85;2,78;2,71;2,54
91178;765;Nástrahy DELPHIN Zandera UVs 10 cm, 5 ks;3,39;1;3,39;1,83;23;1;2,88;25;2,88;2,88;2,88;2,88;2,88;2,88;2,85;2,78;2,71;2,54
91179;765;Nástrahy DELPHIN Zandera UVs 10 cm, 5 ks;3,39;1;3,39;1,83;23;1;2,88;25;2,88;2,88;2,88;2,88;2,88;2,88;2,85;2,78;2,71;2,54
91180;765;Nástrahy DELPHIN Zandera UVs 10 cm, 5 ks;3,39;1;3,39;1,83;23;1;2,88;25;2,88;2,88;2,88;2,88;2,88;2,88;2,85;2,78;2,71;2,54
91875;765;Nástrahy DELPHIN Zandera UVs 10 cm, 5 ks;3,39;1;3,39;1,83;23;1;2,88;25;2,88;2,88;2,88;2,88;2,88;2,88;2,85;2,78;2,71;2,54
19583;766;Vesta ROBINSON SpinFly;46,08;1;46,08;23,64;23;1;46,08;;44,24;43,32;42,39;41,47;40,55;39,63;38,71;37,79;36,86;34,56
19584;766;Vesta ROBINSON SpinFly;0,00;1;0,00;0,00;;;0,00;0;0,00;0,00;0,00;0,00;0,00;0,00;0,00;0,00;0,00;0,00
19585;766;Vesta ROBINSON SpinFly;44,94;1;44,94;23,64;23;1;44,94;;43,14;42,24;41,34;40,45;39,55;38,65;37,75;36,85;35,95;33,71
19587;766;Vesta ROBINSON SpinFly;47,10;1;47,10;23,64;23;1;47,10;;45,22;44,27;43,33;42,39;41,45;40,51;39,56;38,62;37,68;35,33
19588;766;Vesta ROBINSON SpinFly;46,08;1;46,08;23,64;23;1;46,08;;44,24;43,32;42,39;41,47;40,55;39,63;38,71;37,79;36,86;34,56
19620;766;Vesta ROBINSON SpinFly;46,08;1;46,08;23,64;23;1;46,08;;44,24;43,32;42,39;41,47;40,55;39,63;38,71;37,79;36,86;34,56
105616;767;Nohavice SAVAGE GEAR SG4 Combat Trousers Olive Green;76,86;1;76,86;37,18;23;1;76,86;;73,79;72,25;70,71;69,17;67,64;66,10;64,56;63,03;61,49;57,65
105617;767;Nohavice SAVAGE GEAR SG4 Combat Trousers Olive Green;76,86;1;76,86;39,84;23;1;76,86;;73,79;72,25;70,71;69,17;67,64;66,10;64,56;63,03;61,49;57,65
105618;767;Nohavice SAVAGE GEAR SG4 Combat Trousers Olive Green;76,86;1;76,86;37,18;23;1;76,86;;73,79;72,25;70,71;69,17;67,64;66,10;64,56;63,03;61,49;57,65
101352;768;Vobler SHIMANO Cardiff Dartheat 46S, 4,7 cm, 4,6 g;12,80;1;12,80;6,06;23;1;12,80;;12,29;12,03;11,78;11,52;11,26;11,01;10,75;10,50;10,24;9,60
101353;768;Vobler SHIMANO Cardiff Dartheat 46S, 4,7 cm, 4,6 g;12,80;1;12,80;6,06;23;1;12,80;;12,29;12,03;11,78;11,52;11,26;11,01;10,75;10,50;10,24;9,60
101355;768;Vobler SHIMANO Cardiff Dartheat 46S, 4,7 cm, 4,6 g;12,80;1;12,80;6,06;23;1;12,80;;12,29;12,03;11,78;11,52;11,26;11,01;10,75;10,50;10,24;9,60
93094;769;Prút DELPHIN Amulet Tele;22,95;1;22,95;12,41;23;1;19,51;25;19,51;19,51;19,51;19,51;19,51;19,51;19,28;18,82;18,36;17,21
93095;769;Prút DELPHIN Amulet Tele;25,95;1;25,95;14,03;23;1;22,06;25;22,06;22,06;22,06;22,06;22,06;22,06;21,80;21,28;20,76;19,46
93096;769;Prút DELPHIN Amulet Tele;28,95;1;28,95;15,10;23;1;24,61;25;24,61;24,61;24,61;24,61;24,61;24,61;24,32;23,74;23,16;21,71
93097;769;Prút DELPHIN Amulet Tele;31,96;1;31,96;17,27;23;1;27,17;25;27,17;27,17;27,17;27,17;27,17;27,17;26,85;26,21;25,57;23,97
36787;;Multifunkčná kosačka RIWALL Pro RPM 5135 E s pojazdom a elektroštartom;359,00;1;359,00;229,04;23;1;359,00;;344,64;337,46;330,28;323,10;315,92;308,74;301,56;294,38;287,20;269,25
68261;770;Karabínky MIKADO Jaws Predator Snap, 10ks;1,59;1;1,59;0,69;23;1;1,45;25;1,45;1,45;1,45;1,43;1,40;1,37;1,34;1,30;1,27;1,19
68262;770;Karabínky MIKADO Jaws Predator Snap, 10ks;1,59;1;1,59;0,69;23;1;1,45;25;1,45;1,45;1,45;1,43;1,40;1,37;1,34;1,30;1,27;1,19
68263;770;Karabínky MIKADO Jaws Predator Snap, 10ks;1,59;1;1,59;0,69;23;1;1,45;25;1,45;1,45;1,45;1,43;1,40;1,37;1,34;1,30;1,27;1,19
68264;770;Karabínky MIKADO Jaws Predator Snap, 10ks;1,62;1;1,62;0,66;23;1;1,47;25;1,47;1,47;1,47;1,46;1,43;1,39;1,36;1,33;1,30;1,22
68265;770;Karabínky MIKADO Jaws Predator Snap, 10ks;1,59;1;1,59;0,69;23;1;1,45;25;1,45;1,45;1,45;1,43;1,40;1,37;1,34;1,30;1,27;1,19
68266;770;Karabínky MIKADO Jaws Predator Snap, 10ks;1,59;1;1,59;0,69;23;1;1,45;25;1,45;1,45;1,45;1,43;1,40;1,37;1,34;1,30;1,27;1,19
19698;771;Vobler ROBINSON Sniper 7cm;8,14;1;8,14;3,35;23;1;8,14;;7,81;7,65;7,49;7,33;7,16;7,00;6,84;6,67;6,51;6,11
31404;771;Vobler ROBINSON Sniper 7cm;8,14;1;8,14;3,36;23;1;8,14;;7,81;7,65;7,49;7,33;7,16;7,00;6,84;6,67;6,51;6,11
31405;771;Vobler ROBINSON Sniper 7cm;8,14;1;8,14;3,35;23;1;8,14;;7,81;7,65;7,49;7,33;7,16;7,00;6,84;6,67;6,51;6,11
106613;772;Čižmy KINETIC Drywalker Boot Black;39,99;1;39,99;19,05;23;1;39,99;;38,39;37,59;36,79;35,99;35,19;34,39;33,59;32,79;31,99;29,99
106614;772;Čižmy KINETIC Drywalker Boot Black;39,99;1;39,99;19,05;23;1;39,99;;38,39;37,59;36,79;35,99;35,19;34,39;33,59;32,79;31,99;29,99
106615;772;Čižmy KINETIC Drywalker Boot Black;39,99;1;39,99;19,05;23;1;39,99;;38,39;37,59;36,79;35,99;35,19;34,39;33,59;32,79;31,99;29,99
106680;772;Čižmy KINETIC Drywalker Boot Black;39,99;1;39,99;19,05;23;1;39,99;;38,39;37,59;36,79;35,99;35,19;34,39;33,59;32,79;31,99;29,99
106681;772;Čižmy KINETIC Drywalker Boot Black;39,99;1;39,99;19,05;23;1;39,99;;38,39;37,59;36,79;35,99;35,19;34,39;33,59;32,79;31,99;29,99
106682;772;Čižmy KINETIC Drywalker Boot Black;39,99;1;39,99;19,05;23;1;39,99;;38,39;37,59;36,79;35,99;35,19;34,39;33,59;32,79;31,99;29,99
101398;;Navijak SHIMANO Ultegra 3500 XSE Competition;169,90;1;169,90;104,99;23;1;169,90;;163,10;159,71;156,31;152,91;149,51;146,11;142,72;139,32;135,92;127,43
36852;;Domáca vodáreň ELMPUMPS VB 25/1300 B;281,88;1;281,88;180,02;23;1;281,88;10;270,60;264,97;259,33;253,69;253,69;253,69;253,69;253,69;253,69;253,69
88068;;Nástraha SAVAGE GEAR Craft Cannibal Paddletail 12,5 cm, 20 g;1,93;1;1,93;0,88;23;1;1,93;;1,85;1,81;1,78;1,74;1,70;1,66;1,62;1,58;1,54;1,45
106626;;Podberák KINETIC Zander Net;30,74;1;30,74;13,60;23;1;30,74;;29,51;28,90;28,28;27,67;27,05;26,44;25,82;25,21;24,59;23,06
45554;;Vobler BERKLEY Hit Stick S 3,5 cm, 2,1 g;7,58;1;7,58;2,70;23;1;7,58;;7,28;7,13;6,97;6,82;6,67;6,52;6,37;6,22;6,06;5,69
37043;;Batérie ENERGIZER CR 2032, 2 ks;2,55;1;2,55;1,43;23;1;2,55;;2,45;2,40;2,35;2,30;2,24;2,19;2,14;2,09;2,04;1,91
68306;773;Twister MIKADO, White;2,60;1;2,60;1,14;23;1;2,37;25;2,37;2,37;2,37;2,34;2,29;2,24;2,18;2,13;2,08;1,95
68332;773;Twister MIKADO, White;2,67;1;2,67;1,06;23;1;2,43;25;2,43;2,43;2,43;2,40;2,35;2,30;2,24;2,19;2,14;2,00
19905;774;Prút ROBINSON Toshido Spin;60,37;1;60,37;29,86;23;1;60,37;;57,96;56,75;55,54;54,33;53,13;51,92;50,71;49,50;48,30;45,28
19906;774;Prút ROBINSON Toshido Spin;57,29;1;57,29;28,71;23;1;57,29;;55,00;53,85;52,71;51,56;50,42;49,27;48,12;46,98;45,83;42,97
45585;;Nástraha SAVAGE GEAR 3D Line Thru Whitefish Moderate Sinking, Dirty Whitefish;15,99;1;15,99;7,35;23;1;15,99;;15,35;15,03;14,71;14,39;14,07;13,75;13,43;13,11;12,79;11,99
101481;775;Navijak SHIMANO SEDONA FJ;75,79;1;75,79;37,47;23;1;75,79;;72,76;71,24;69,73;68,21;66,70;65,18;63,66;62,15;60,63;56,84
101485;775;Navijak SHIMANO SEDONA FJ;75,79;1;75,79;37,47;23;1;75,79;;72,76;71,24;69,73;68,21;66,70;65,18;63,66;62,15;60,63;56,84
101486;775;Navijak SHIMANO SEDONA FJ;73,95;1;73,95;39,49;23;1;73,95;;70,99;69,51;68,03;66,56;65,08;63,60;62,12;60,64;59,16;55,46
101487;775;Navijak SHIMANO SEDONA FJ;75,79;1;75,79;37,07;23;1;75,79;;72,76;71,24;69,73;68,21;66,70;65,18;63,66;62,15;60,63;56,84
101491;775;Navijak SHIMANO SEDONA FJ;75,79;1;75,79;37,47;23;1;75,79;;72,76;71,24;69,73;68,21;66,70;65,18;63,66;62,15;60,63;56,84
68344;;Držiak MIKADO Quad Feeder Arm;32,69;1;32,69;13,31;23;1;29,75;25;29,75;29,75;29,75;29,42;28,77;28,11;27,46;26,81;26,15;24,52
91288;;Prehoz DELPHIN C3 Lux C2G;199,95;1;199,95;144,40;23;1;169,96;25;169,96;169,96;169,96;169,96;169,96;169,96;167,96;163,96;159,96;149,96
93161;;Prívlačová taška DELPHIN EvaSpin Boat;27,95;1;27,95;11,59;23;1;23,76;25;23,76;23,76;23,76;23,76;23,76;23,76;23,48;22,92;22,36;20,96
5810;;Vobler ILLEX CHUBBY Mat Tiger 3,8 cm, 4 g;20,95;1;20,95;10,58;23;1;20,95;;20,11;19,69;19,27;18,86;18,44;18,02;17,60;17,18;16,76;15,71
88254;776;Blyskáč DAM Singlehook Spinner Silver;2,99;1;2,99;1,38;23;1;2,99;;2,87;2,81;2,75;2,69;2,63;2,57;2,51;2,45;2,39;2,24
88266;776;Blyskáč DAM Singlehook Spinner Silver;2,99;1;2,99;1,42;23;1;2,99;;2,87;2,81;2,75;2,69;2,63;2,57;2,51;2,45;2,39;2,24
106678;;Krabička WESTIN W3 Tackle Box Grey/ Clear;15,99;1;15,99;8,57;23;1;15,99;;15,35;15,03;14,71;14,39;14,07;13,75;13,43;13,11;12,79;11,99
93177;;Taška DELPHIN EVA NuEVA Flexi XL;25,95;1;25,95;13,48;23;1;22,06;25;22,06;22,06;22,06;22,06;22,06;22,06;21,80;21,28;20,76;19,46
38192;777;Kobra DELPHIN Thrower;10,50;1;10,50;5,35;23;1;8,93;25;8,93;8,93;8,93;8,93;8,93;8,93;8,82;8,61;8,40;7,88
38230;777;Kobra DELPHIN Thrower;11,96;1;11,96;6,43;23;1;10,17;25;10,17;10,17;10,17;10,17;10,17;10,17;10,05;9,81;9,57;8,97
91343;778;Sada signalizátorov DELPHIN Minor s príposluchom;52,95;1;52,95;28,45;23;1;45,01;25;45,01;45,01;45,01;45,01;45,01;45,01;44,48;43,42;42,36;39,71
91344;778;Sada signalizátorov DELPHIN Minor s príposluchom;68,95;1;68,95;37,07;23;1;58,61;25;58,61;58,61;58,61;58,61;58,61;58,61;57,92;56,54;55,16;51,71
91345;778;Sada signalizátorov DELPHIN Minor s príposluchom;86,95;1;86,95;46,75;23;1;73,91;25;73,91;73,91;73,91;73,91;73,91;73,91;73,04;71,30;69,56;65,21
58641;779;Pelety LK Baits Salt Black Halibut;4,19;1;4,19;2,10;23;1;4,19;;4,02;3,94;3,85;3,77;3,69;3,60;3,52;3,44;3,35;3,14
58642;779;Pelety LK Baits Salt Black Halibut;4,19;1;4,19;2,10;23;1;4,19;;4,02;3,94;3,85;3,77;3,69;3,60;3,52;3,44;3,35;3,14
58643;779;Pelety LK Baits Salt Black Halibut;4,19;1;4,19;2,15;23;1;4,19;;4,02;3,94;3,85;3,77;3,69;3,60;3,52;3,44;3,35;3,14
88284;780;Blyskáč DAM Effzett Standard Dressed Spinner;3,78;1;3,78;1,66;23;1;3,78;;3,63;3,55;3,48;3,40;3,33;3,25;3,18;3,10;3,02;2,84
88547;780;Blyskáč DAM Effzett Standard Dressed Spinner;4,29;1;4,29;1,88;23;1;4,29;;4,12;4,03;3,95;3,86;3,78;3,69;3,60;3,52;3,43;3,22
93195;;Peračník DELPHIN KlikBox Rig;8,50;1;8,50;4,29;23;1;7,23;25;7,23;7,23;7,23;7,23;7,23;7,23;7,14;6,97;6,80;6,38
101527;;Navijak SHIMANO Ultegra 14000 XR XSD;334,95;1;334,95;246,69;23;1;334,95;;321,55;314,85;308,15;301,46;294,76;288,06;281,36;274,66;267,96;251,21
38350;781;Prúty DELPHIN Zephyr Spin;30,95;1;30,95;16,10;23;1;26,31;25;26,31;26,31;26,31;26,31;26,31;26,31;26,00;25,38;24,76;23,21
38351;781;Prúty DELPHIN Zephyr Spin;32,95;1;32,95;17,18;23;1;28,01;25;28,01;28,01;28,01;28,01;28,01;28,01;27,68;27,02;26,36;24,71
38353;781;Prúty DELPHIN Zephyr Spin;39,95;1;39,95;21,46;23;1;33,96;25;33,96;33,96;33,96;33,96;33,96;33,96;33,56;32,76;31,96;29,96
91395;;Navijak DELPHIN Darx 12T 12000;72,95;1;72,95;39,46;23;1;62,01;25;62,01;62,01;62,01;62,01;62,01;62,01;61,28;59,82;58,36;54,71
93213;;Kreslo DELPHIN Hexio Banx;66,95;1;66,95;4,86;23;1;56,91;25;56,91;56,91;56,91;56,91;56,91;56,91;56,24;54,90;53,56;50,21
101549;;Cievka pre navijak SHIMANO Sedona 2500 FE;11,23;1;11,23;5,90;23;1;11,23;;10,78;10,56;10,33;10,11;9,88;9,66;9,43;9,21;8,98;8,42
68418;;Tričko MIKADO Trout Campione;19,83;1;19,83;9,55;23;1;18,05;25;18,05;18,05;18,05;17,85;17,45;17,05;16,66;16,26;15,86;14,87
108010;;Polarizačné okuliare Roy Fishers Invisible Ghost;17,99;1;17,99;5,89;23;1;17,99;;17,27;16,91;16,55;16,19;15,83;15,47;15,11;14,75;14,39;13,49
93229;;Umelá nástraha DELPHIN MaggoX Pop Up, ±200 ks, Kreveta;4,94;1;4,94;2,47;23;1;4,20;25;4,20;4,20;4,20;4,20;4,20;4,20;4,15;4,05;3,95;3,71
68440;782;Nadväzec MIKADO Method Feeder Rig s tŕňom;4,76;1;4,76;2,14;23;1;4,33;25;4,33;4,33;4,33;4,28;4,19;4,09;4,00;3,90;3,81;3,57
68441;782;Nadväzec MIKADO Method Feeder Rig s tŕňom;5,08;1;5,08;2,27;23;1;4,62;25;4,62;4,62;4,62;4,57;4,47;4,37;4,27;4,17;4,06;3,81
68442;782;Nadväzec MIKADO Method Feeder Rig s tŕňom;4,90;1;4,90;2,20;23;1;4,46;25;4,46;4,46;4,46;4,41;4,31;4,21;4,12;4,02;3,92;3,68
68443;782;Nadväzec MIKADO Method Feeder Rig s tŕňom;4,87;1;4,87;2,18;23;1;4,43;25;4,43;4,43;4,43;4,38;4,29;4,19;4,09;3,99;3,90;3,65
91453;;Nástraha DELPHIN BreaX Pop;7,95;1;7,95;3,96;23;1;6,76;25;6,76;6,76;6,76;6,76;6,76;6,76;6,68;6,52;6,36;5,96
88384;;Vobler SAVAGE GEAR 3D Sticklebait Pencil Sinking;10,97;1;10,97;5,18;23;1;10,97;;10,53;10,31;10,09;9,87;9,65;9,43;9,21;9,00;8,78;8,23
108022;;Kreslo BAT-Tackle Hellmaster Recliner Carp Chair;87,99;1;87,99;50,25;23;1;87,99;;84,47;82,71;80,95;79,19;77,43;75,67;73,91;72,15;70,39;65,99
77819;783;Navijak DAIWA Ballistic MQ LT;240,87;1;240,87;;23;1;240,87;;231,24;226,42;221,60;216,78;211,97;207,15;202,33;197,51;192,70;180,65
77820;783;Navijak DAIWA Ballistic MQ LT;247,02;1;247,02;;23;1;247,02;;237,14;232,20;227,26;222,32;217,38;212,44;207,50;202,56;197,62;185,27
77821;783;Navijak DAIWA Ballistic MQ LT;247,02;1;247,02;;23;1;247,02;;237,14;232,20;227,26;222,32;217,38;212,44;207,50;202,56;197,62;185,27
77822;783;Navijak DAIWA Ballistic MQ LT;257,28;1;257,28;;23;1;257,28;;246,99;241,84;236,70;231,55;226,41;221,26;216,12;210,97;205,82;192,96
77823;783;Navijak DAIWA Ballistic MQ LT;264,45;1;264,45;;23;1;264,45;;253,87;248,58;243,29;238,01;232,72;227,43;222,14;216,85;211,56;198,34
93249;;Krabička DELPHIN TBX Duo 175-15P EVA;5,50;1;5,50;2,62;23;1;4,68;25;4,68;4,68;4,68;4,68;4,68;4,68;4,62;4,51;4,40;4,13
38493;784;Lampáš/ svietidlo DELPHIN Zuum;6,49;1;6,49;3,20;23;1;5,52;25;5,52;5,52;5,52;5,52;5,52;5,52;5,45;5,32;5,19;4,87
38494;784;Lampáš/ svietidlo DELPHIN Zuum;6,49;1;6,49;3,20;23;1;5,52;25;5,52;5,52;5,52;5,52;5,52;5,52;5,45;5,32;5,19;4,87
38495;784;Lampáš/ svietidlo DELPHIN Zuum;6,49;1;6,49;3,20;23;1;5,52;25;5,52;5,52;5,52;5,52;5,52;5,52;5,45;5,32;5,19;4,87
91480;785;Nástraha DELPHIN D Snax Pop, Scopex - Vanilka;4,70;1;4,70;2,37;23;1;4,00;25;4,00;4,00;4,00;4,00;4,00;4,00;3,95;3,85;3,76;3,53
91481;785;Nástraha DELPHIN D Snax Pop, Scopex - Vanilka;4,70;1;4,70;2,48;23;1;4,00;25;4,00;4,00;4,00;4,00;4,00;4,00;3,95;3,85;3,76;3,53
91482;785;Nástraha DELPHIN D Snax Pop, Scopex - Vanilka;4,70;1;4,70;2,48;23;1;4,00;25;4,00;4,00;4,00;4,00;4,00;4,00;3,95;3,85;3,76;3,53
20331;;Boilies MAINLINE Special Edition Pop Up Sushi White, 15 mm;12,25;1;12,25;6,64;23;1;12,25;;11,76;11,52;11,27;11,03;10,78;10,54;10,29;10,05;9,80;9,19
59096;;Sada oloviek MIKADO Small set B;2,03;1;2,03;0,80;23;1;1,85;25;1,85;1,85;1,85;1,83;1,79;1,75;1,71;1,66;1,62;1,52
88434;786;Šnúra MADCAT Camo Skin Line;15,78;1;15,78;7,15;23;1;15,78;;15,15;14,83;14,52;14,20;13,89;13,57;13,26;12,94;12,62;11,84
88435;786;Šnúra MADCAT Camo Skin Line;15,78;1;15,78;7,15;23;1;15,78;;15,15;14,83;14,52;14,20;13,89;13,57;13,26;12,94;12,62;11,84
108039;;Háčiky Angel Domäne Doppel V-Spitze Räucherhaken na údenie, 5 ks;8,99;1;8,99;2,54;23;1;8,99;;8,63;8,45;8,27;8,09;7,91;7,73;7,55;7,37;7,19;6,74
93266;;Úchyt DELPHIN LOX s poistkou;6,95;1;6,95;3,31;23;1;5,91;25;5,91;5,91;5,91;5,91;5,91;5,91;5,84;5,70;5,56;5,21
38595;787;Šnúra DELPHIN Boxer;3,80;1;3,80;1,89;23;1;3,23;25;3,23;3,23;3,23;3,23;3,23;3,23;3,19;3,12;3,04;2,85
38596;787;Šnúra DELPHIN Boxer;3,80;1;3,80;1,89;23;1;3,23;25;3,23;3,23;3,23;3,23;3,23;3,23;3,19;3,12;3,04;2,85
39678;787;Šnúra DELPHIN Boxer;4,80;1;4,80;2,42;23;1;4,08;25;4,08;4,08;4,08;4,08;4,08;4,08;4,03;3,94;3,84;3,60
59305;;Pean MIKADO Straight Al-7917;4,60;1;4,60;2,16;23;1;4,19;25;4,19;4,19;4,19;4,14;4,05;3,96;3,86;3,77;3,68;3,45
46742;788;"Nástraha FANATIK Viper 2,9""; 7 cm, 10 ks";4,61;1;4,61;2,83;23;1;2,77;;2,77;2,77;2,77;2,77;2,77;2,77;2,77;2,77;2,77;2,77
46749;788;"Nástraha FANATIK Viper 2,9""; 7 cm, 10 ks";4,61;1;4,61;1,09;23;1;2,77;;2,77;2,77;2,77;2,77;2,77;2,77;2,77;2,77;2,77;2,77
46751;788;"Nástraha FANATIK Viper 2,9""; 7 cm, 10 ks";4,61;1;4,61;1,09;23;1;2,77;;2,77;2,77;2,77;2,77;2,77;2,77;2,77;2,77;2,77;2,77
20828;;Nožnice RAPALA Scissors EZ;7,12;1;7,12;4,74;23;1;7,12;;6,84;6,69;6,55;6,41;6,27;6,12;5,98;5,84;5,70;5,34
88501;;Podložka MADCAT Photo Mat;56,27;1;56,27;29,21;23;1;56,27;;54,02;52,89;51,77;50,64;49,52;48,39;47,27;46,14;45,02;42,20
10843;;Čln KOLIBRI KM-260 D šedý, nafukovací kýl, pevná podlaha;775,92;1;775,92;567,75;23;1;775,92;10;744,88;729,36;713,85;698,33;698,33;698,33;698,33;698,33;698,33;698,33
38785;;Zmršťovacia hadička DELPHIN The End;2,90;1;2,90;1,33;23;1;2,47;25;2,47;2,47;2,47;2,47;2,47;2,47;2,44;2,38;2,32;2,18
68525;;Vedro MIKADO Method Feeder EVA;12,92;1;12,92;5,25;23;1;11,76;25;11,76;11,76;11,76;11,63;11,37;11,11;10,85;10,59;10,34;9,69
59483;;Doska na filetovanie rýb;10,50;1;10,50;4,64;23;1;9,56;25;9,56;9,56;9,56;9,45;9,24;9,03;8,82;8,61;8,40;7,88
108615;789;Systém BALZER Shirasu Walker Rig Perch Zander;5,40;1;5,40;2,98;23;1;5,40;;5,18;5,08;4,97;4,86;4,75;4,64;4,54;4,43;4,32;4,05
108616;789;Systém BALZER Shirasu Walker Rig Perch Zander;6,00;1;6,00;3,28;23;1;6,00;;5,76;5,64;5,52;5,40;5,28;5,16;5,04;4,92;4,80;4,50
108617;789;Systém BALZER Shirasu Walker Rig Perch Zander;6,30;1;6,30;3,43;23;1;6,30;;6,05;5,92;5,80;5,67;5,54;5,42;5,29;5,17;5,04;4,73
108618;789;Systém BALZER Shirasu Walker Rig Perch Zander;5,40;1;5,40;2,98;23;1;5,40;;5,18;5,08;4,97;4,86;4,75;4,64;4,54;4,43;4,32;4,05
108619;789;Systém BALZER Shirasu Walker Rig Perch Zander;6,00;1;6,00;3,28;23;1;6,00;;5,76;5,64;5,52;5,40;5,28;5,16;5,04;4,92;4,80;4,50
108620;789;Systém BALZER Shirasu Walker Rig Perch Zander;6,30;1;6,30;3,43;23;1;6,30;;6,05;5,92;5,80;5,67;5,54;5,42;5,29;5,17;5,04;4,73
46851;790;"Nástraha FANATIK Mik Maus 3,5""; 8,5 cm, 4 ks";4,26;1;4,26;2,83;23;1;2,56;;2,56;2,56;2,56;2,56;2,56;2,56;2,56;2,56;2,56;2,56
46852;790;"Nástraha FANATIK Mik Maus 3,5""; 8,5 cm, 4 ks";4,26;1;4,26;2,83;23;1;2,56;;2,56;2,56;2,56;2,56;2,56;2,56;2,56;2,56;2,56;2,56
46853;790;"Nástraha FANATIK Mik Maus 3,5""; 8,5 cm, 4 ks";4,26;1;4,26;2,83;23;1;2,56;;2,56;2,56;2,56;2,56;2,56;2,56;2,56;2,56;2,56;2,56
46854;790;"Nástraha FANATIK Mik Maus 3,5""; 8,5 cm, 4 ks";4,26;1;4,26;2,83;23;1;2,56;;2,56;2,56;2,56;2,56;2,56;2,56;2,56;2,56;2,56;2,56
46855;790;"Nástraha FANATIK Mik Maus 3,5""; 8,5 cm, 4 ks";4,26;1;4,26;2,83;23;1;2,56;;2,56;2,56;2,56;2,56;2,56;2,56;2,56;2,56;2,56;2,56
46856;790;"Nástraha FANATIK Mik Maus 3,5""; 8,5 cm, 4 ks";4,26;1;4,26;2,83;23;1;2,56;;2,56;2,56;2,56;2,56;2,56;2,56;2,56;2,56;2,56;2,56
46857;790;"Nástraha FANATIK Mik Maus 3,5""; 8,5 cm, 4 ks";4,26;1;4,26;2,83;23;1;2,56;;2,56;2,56;2,56;2,56;2,56;2,56;2,56;2,56;2,56;2,56
46858;790;"Nástraha FANATIK Mik Maus 3,5""; 8,5 cm, 4 ks";4,26;1;4,26;1,13;23;1;2,56;;2,56;2,56;2,56;2,56;2,56;2,56;2,56;2,56;2,56;2,56
46860;790;"Nástraha FANATIK Mik Maus 3,5""; 8,5 cm, 4 ks";4,26;1;4,26;1,13;23;1;2,56;;2,56;2,56;2,56;2,56;2,56;2,56;2,56;2,56;2,56;2,56
46861;790;"Nástraha FANATIK Mik Maus 3,5""; 8,5 cm, 4 ks";4,26;1;4,26;2,83;23;1;2,56;;2,56;2,56;2,56;2,56;2,56;2,56;2,56;2,56;2,56;2,56
46863;790;"Nástraha FANATIK Mik Maus 3,5""; 8,5 cm, 4 ks";4,26;1;4,26;2,83;23;1;2,56;;2,56;2,56;2,56;2,56;2,56;2,56;2,56;2,56;2,56;2,56
46864;790;"Nástraha FANATIK Mik Maus 3,5""; 8,5 cm, 4 ks";4,26;1;4,26;2,83;23;1;2,56;;2,56;2,56;2,56;2,56;2,56;2,56;2,56;2,56;2,56;2,56
46865;790;"Nástraha FANATIK Mik Maus 3,5""; 8,5 cm, 4 ks";4,26;1;4,26;1,09;23;1;2,56;;2,56;2,56;2,56;2,56;2,56;2,56;2,56;2,56;2,56;2,56
46866;790;"Nástraha FANATIK Mik Maus 3,5""; 8,5 cm, 4 ks";4,26;1;4,26;2,83;23;1;2,56;;2,56;2,56;2,56;2,56;2,56;2,56;2,56;2,56;2,56;2,56
46867;790;"Nástraha FANATIK Mik Maus 3,5""; 8,5 cm, 4 ks";4,26;1;4,26;2,83;23;1;2,56;;2,56;2,56;2,56;2,56;2,56;2,56;2,56;2,56;2,56;2,56
77892;791;Prút DAIWA Silver Creek UL Spin;95,01;1;95,01;39,06;23;1;95,01;;91,21;89,31;87,41;85,51;83,61;81,71;79,81;77,91;76,01;71,26
77926;791;Prút DAIWA Silver Creek UL Spin;89,00;1;89,00;36,58;23;1;89,00;;85,44;83,66;81,88;80,10;78,32;76,54;74,76;72,98;71,20;66,75
38890;792;Šnúra DELPHIN Hookline 6K Muddy;8,50;1;8,50;4,24;23;1;7,23;25;7,23;7,23;7,23;7,23;7,23;7,23;7,14;6,97;6,80;6,38
38891;792;Šnúra DELPHIN Hookline 6K Muddy;8,50;1;8,50;4,24;23;1;7,23;25;7,23;7,23;7,23;7,23;7,23;7,23;7,14;6,97;6,80;6,38
92083;792;Šnúra DELPHIN Hookline 6K Muddy;8,50;1;8,50;3,97;23;1;7,23;25;7,23;7,23;7,23;7,23;7,23;7,23;7,14;6,97;6,80;6,38
91585;;Peračník DELPHIN Darx Atak! Spun;13,95;1;13,95;7,54;23;1;11,86;25;11,86;11,86;11,86;11,86;11,86;11,86;11,72;11,44;11,16;10,46
93336;;Čiapka DELPHIN Trax;12,95;1;12,95;6,41;23;1;11,01;25;11,01;11,01;11,01;11,01;11,01;11,01;10,88;10,62;10,36;9,71
101673;;Okuliare SHIMANO Aspire Green Tortoiseshell & Dark Grey;44,94;1;44,94;17,11;23;1;44,94;;43,14;42,24;41,34;40,45;39,55;38,65;37,75;36,85;35,95;33,71
77923;;Navijak DAIWA Crosscast 45 SCW QD;129,00;1;129,00;76,50;23;1;129,00;;123,84;121,26;118,68;116,10;113,52;110,94;108,36;105,78;103,20;96,75
101691;;Vobler SHIMANO Bantam BT World Diver 99SP FB, 010 T Ayu;21,96;1;21,96;8,87;23;1;21,96;;21,08;20,64;20,20;19,76;19,32;18,89;18,45;18,01;17,57;16,47
23015;;Dipovaná kukurica Carp Zoom;4,51;1;4,51;2,58;23;1;4,51;;4,33;4,24;4,15;4,06;3,97;3,88;3,79;3,70;3,61;3,38
46938;793;Háčiky FANATIK JIG S-58;1,80;1;1,80;1,22;23;1;1,08;;1,08;1,08;1,08;1,08;1,08;1,08;1,08;1,08;1,08;1,08
46939;793;Háčiky FANATIK JIG S-58;1,80;1;1,80;1,22;23;1;1,08;;1,08;1,08;1,08;1,08;1,08;1,08;1,08;1,08;1,08;1,08
46940;793;Háčiky FANATIK JIG S-58;1,80;1;1,80;1,22;23;1;1,08;;1,08;1,08;1,08;1,08;1,08;1,08;1,08;1,08;1,08;1,08
46941;793;Háčiky FANATIK JIG S-58;1,80;1;1,80;1,22;23;1;1,08;;1,08;1,08;1,08;1,08;1,08;1,08;1,08;1,08;1,08;1,08
46942;793;Háčiky FANATIK JIG S-58;1,80;1;1,80;1,22;23;1;1,08;;1,08;1,08;1,08;1,08;1,08;1,08;1,08;1,08;1,08;1,08
79005;794;Mikina ZFISH Hoodie Distance Casting;37,00;1;37,00;15,92;23;1;37,00;;35,52;34,78;34,04;33,30;32,56;31,82;31,08;30,34;29,60;27,75
79007;794;Mikina ZFISH Hoodie Distance Casting;37,00;1;37,00;15,86;23;1;37,00;;35,52;34,78;34,04;33,30;32,56;31,82;31,08;30,34;29,60;27,75
23110;;SET Method Feeder;7,95;1;7,95;4,92;23;1;7,95;;7,63;7,47;7,31;7,16;7,00;6,84;6,68;6,52;6,36;5,96
108680;;Plandavka BALZER Torro Spoon 3,5 g, Multicolor;4,19;1;4,19;2,32;23;1;4,19;;4,02;3,94;3,85;3,77;3,69;3,60;3,52;3,44;3,35;3,14
93385;;3D držiak ŠPZ DELPHIN Angler On Board, 2 ks;11,96;1;11,96;6,29;23;1;10,17;25;10,17;10,17;10,17;10,17;10,17;10,17;10,05;9,81;9,57;8,97
23217;795;H-bójka CarpZoom Marker;3,71;1;3,71;2,28;23;1;3,71;;3,56;3,49;3,41;3,34;3,26;3,19;3,12;3,04;2,97;2,78
23218;795;H-bójka CarpZoom Marker;4,40;1;4,40;2,64;23;1;4,40;;4,22;4,14;4,05;3,96;3,87;3,78;3,70;3,61;3,52;3,30
88774;;Sada plandaviek DAM Slim Pack 2, 26g, 5ks;9,00;1;9,00;4,47;23;1;9,00;;8,64;8,46;8,28;8,10;7,92;7,74;7,56;7,38;7,20;6,75
108696;;Dumbells BALZER Method Feeder Dumbles, Cesnak & Kreveta;7,29;1;7,29;3,99;23;1;7,29;;7,00;6,85;6,71;6,56;6,42;6,27;6,12;5,98;5,83;5,47
39045;796;Taška DELPHIN Area CARRY Carpath;56,95;1;56,95;31,23;23;1;48,41;25;48,41;48,41;48,41;48,41;48,41;48,41;47,84;46,70;45,56;42,71
39046;796;Taška DELPHIN Area CARRY Carpath;66,95;1;66,95;38,04;23;1;56,91;25;56,91;56,91;56,91;56,91;56,91;56,91;56,24;54,90;53,56;50,21
91677;;Taška DELPHIN Classa Handy L;22,95;1;22,95;11,87;23;1;19,51;25;19,51;19,51;19,51;19,51;19,51;19,51;19,28;18,82;18,36;17,21
23671;;Stolík MIVARDI Carp Table Executive do bivaku;32,79;1;32,79;16,02;23;1;29,51;10;29,51;29,51;29,51;29,51;29,51;29,51;29,51;29,51;29,51;29,51
62041;;Lampa Tandem Baits Tent;13,90;1;13,90;9,33;23;1;13,90;;13,34;13,07;12,79;12,51;12,23;11,95;11,68;11,40;11,12;10,43
108712;;Bukové piliny BALZER stredné;5,40;1;5,40;2,98;23;1;5,40;;5,18;5,08;4,97;4,86;4,75;4,64;4,54;4,43;4,32;4,05
47144;797;Vobler RAPALA RipStop 12, 12 cm, 14 g;14,94;1;14,94;8,07;23;1;14,94;;14,34;14,04;13,74;13,45;13,15;12,85;12,55;12,25;11,95;11,21
47145;797;Vobler RAPALA RipStop 12, 12 cm, 14 g;14,94;1;14,94;8,07;23;1;14,94;;14,34;14,04;13,74;13,45;13,15;12,85;12,55;12,25;11,95;11,21
79073;;Kliešte ZFISH Combo Set štikačky;6,10;1;6,10;2,78;23;1;6,10;;5,86;5,73;5,61;5,49;5,37;5,25;5,12;5,00;4,88;4,58
68657;;Bivak MIKADO Bivvy Block Dome 2;400,00;1;400,00;178,11;23;1;364,00;25;364,00;364,00;364,00;360,00;352,00;344,00;336,00;328,00;320,00;300,00
91697;;Obratlík DELPHIN The End Ronnie s krúžkom;6,49;1;6,49;2,95;23;1;5,52;25;5,52;5,52;5,52;5,52;5,52;5,52;5,45;5,32;5,19;4,87
108728;;Polarizačné okuliare BALZER Vienna;16,40;1;16,40;8,98;23;1;16,40;;15,74;15,42;15,09;14,76;14,43;14,10;13,78;13,45;13,12;12,30
79137;;Montáž EXTRA CARP Camou Heavy Lead Clip;3,32;1;3,32;1,55;23;1;3,32;;3,19;3,12;3,05;2,99;2,92;2,86;2,79;2,72;2,66;2,49
101797;;Navijak SHIMANO Stella 2500S FK HG;759,96;1;759,96;500,05;23;1;759,96;;729,56;714,36;699,16;683,96;668,76;653,57;638,37;623,17;607,97;569,97
39215;798;Čeburaška DELPHIN BOMB;1,70;1;1,70;0,85;23;1;1,45;25;1,45;1,45;1,45;1,45;1,45;1,45;1,43;1,39;1,36;1,28
39216;798;Čeburaška DELPHIN BOMB;1,89;1;1,89;0,90;23;1;1,61;25;1,61;1,61;1,61;1,61;1,61;1,61;1,59;1,55;1,51;1,42
39217;798;Čeburaška DELPHIN BOMB;2,00;1;2,00;0,95;23;1;1,70;25;1,70;1,70;1,70;1,70;1,70;1,70;1,68;1,64;1,60;1,50
39218;798;Čeburaška DELPHIN BOMB;2,40;1;2,40;1,16;23;1;2,04;25;2,04;2,04;2,04;2,04;2,04;2,04;2,02;1,97;1,92;1,80
39219;798;Čeburaška DELPHIN BOMB;2,50;1;2,50;1,19;23;1;2,13;25;2,13;2,13;2,13;2,13;2,13;2,13;2,10;2,05;2,00;1,88
39220;798;Čeburaška DELPHIN BOMB;3,00;1;3,00;1,45;23;1;2,55;25;2,55;2,55;2,55;2,55;2,55;2,55;2,52;2,46;2,40;2,25
39221;798;Čeburaška DELPHIN BOMB;3,39;1;3,39;1,69;23;1;2,88;25;2,88;2,88;2,88;2,88;2,88;2,88;2,85;2,78;2,71;2,54
90115;798;Čeburaška DELPHIN BOMB;2,80;1;2,80;1,34;23;1;2,38;25;2,38;2,38;2,38;2,38;2,38;2,38;2,35;2,30;2,24;2,10
23908;;Rúčka MIVARDI;6,14;1;6,14;3,60;23;1;5,53;10;5,53;5,53;5,53;5,53;5,53;5,53;5,53;5,53;5,53;5,53
47315;;Vobler RAPALA Shad Rap Deep Runner 09;10,90;1;10,90;6,46;23;1;10,90;;10,46;10,25;10,03;9,81;9,59;9,37;9,16;8,94;8,72;8,18
93450;;Šiltovka DELPHIN OutLine Trout Trucker;11,96;1;11,96;6,46;23;1;10,17;25;10,17;10,17;10,17;10,17;10,17;10,17;10,05;9,81;9,57;8,97
68696;799;Krmítko MIKADO Feeder Round;1,69;1;1,69;0,59;23;1;1,54;25;1,54;1,54;1,54;1,52;1,49;1,45;1,42;1,39;1,35;1,27
68697;799;Krmítko MIKADO Feeder Round;1,69;1;1,69;0,61;23;1;1,54;25;1,54;1,54;1,54;1,52;1,49;1,45;1,42;1,39;1,35;1,27
68698;799;Krmítko MIKADO Feeder Round;1,80;1;1,80;0,65;23;1;1,64;25;1,64;1,64;1,64;1,62;1,58;1,55;1,51;1,48;1,44;1,35
24162;;Palivová hadica HONDA;101,73;1;101,73;84,83;23;1;101,73;3;98,68;98,68;98,68;98,68;98,68;98,68;98,68;98,68;98,68;98,68
62749;;Silikónový boilie stoper SPORTS MIX A;1,80;1;1,80;1,27;23;1;1,80;;1,73;1,69;1,66;1,62;1,58;1,55;1,51;1,48;1,44;1,35
88943;;Nástraha SAVAGE GEAR Reaction Crayfish;10,25;1;10,25;5,55;23;1;10,25;;9,84;9,64;9,43;9,23;9,02;8,82;8,61;8,41;8,20;7,69
39311;;Ihla DELPHIN The End Grip Strong;3,90;1;3,90;1,87;23;1;3,32;25;3,32;3,32;3,32;3,32;3,32;3,32;3,28;3,20;3,12;2,93
25324;800;Oceľový náväzec MIKADO;0,65;1;0,65;0,24;23;1;0,59;25;0,59;0,59;0,59;0,59;0,57;0,56;0,55;0,53;0,52;0,49
25325;800;Oceľový náväzec MIKADO;0,69;1;0,69;0,25;23;1;0,63;25;0,63;0,63;0,63;0,62;0,61;0,59;0,58;0,57;0,55;0,52
109043;801;Dipované boilie TB Baits Boosted Red Crab, 120 g;6,49;1;6,49;3,16;23;1;6,49;15;6,23;6,10;5,97;5,84;5,71;5,58;5,52;5,52;5,52;5,52
109044;801;Dipované boilie TB Baits Boosted Red Crab, 120 g;6,49;1;6,49;3,16;23;1;6,49;15;6,23;6,10;5,97;5,84;5,71;5,58;5,52;5,52;5,52;5,52
109045;801;Dipované boilie TB Baits Boosted Red Crab, 120 g;5,99;1;5,99;2,92;23;1;5,99;15;5,75;5,63;5,51;5,39;5,27;5,15;5,09;5,09;5,09;5,09
47383;;Navijak OKUMA Flite Surf;184,40;1;184,40;107,05;23;1;184,40;;177,02;173,34;169,65;165,96;162,27;158,58;154,90;151,21;147,52;138,30
79203;802;Sito FILFISHING Riddle Fil 32 cm;11,40;1;11,40;5,24;23;1;11,40;;10,94;10,72;10,49;10,26;10,03;9,80;9,58;9,35;9,12;8,55
79204;802;Sito FILFISHING Riddle Fil 32 cm;11,40;1;11,40;5,19;23;1;11,40;;10,94;10,72;10,49;10,26;10,03;9,80;9,58;9,35;9,12;8,55
68739;803;Krmítko MIKADO Method Feeder MFX - Q.M.F. veľ. L;4,10;1;4,10;1,62;23;1;3,73;25;3,73;3,73;3,73;3,69;3,61;3,53;3,44;3,36;3,28;3,08
68740;803;Krmítko MIKADO Method Feeder MFX - Q.M.F. veľ. L;4,69;1;4,69;1,85;23;1;4,27;25;4,27;4,27;4,27;4,22;4,13;4,03;3,94;3,85;3,75;3,52
68741;803;Krmítko MIKADO Method Feeder MFX - Q.M.F. veľ. L;5,29;1;5,29;2,08;23;1;4,81;25;4,81;4,81;4,81;4,76;4,66;4,55;4,44;4,34;4,23;3,97
68742;803;Krmítko MIKADO Method Feeder MFX - Q.M.F. veľ. L;5,89;1;5,89;2,35;23;1;5,36;25;5,36;5,36;5,36;5,30;5,18;5,07;4,95;4,83;4,71;4,42
25524;804;Vlasec DELPHIN Fluorokarbón Durable;7,95;1;7,95;3,96;23;1;6,76;25;6,76;6,76;6,76;6,76;6,76;6,76;6,68;6,52;6,36;5,96
25525;804;Vlasec DELPHIN Fluorokarbón Durable;10,50;1;10,50;4,97;23;1;8,93;25;8,93;8,93;8,93;8,93;8,93;8,93;8,82;8,61;8,40;7,88
79227;;Guma EXTRA CARP Filfishing Feeder guma Links & Quick Change Swivel;1,61;1;1,61;0,58;23;1;1,61;;1,55;1,51;1,48;1,45;1,42;1,38;1,35;1,32;1,29;1,21
39414;;Nôž DELPHIN B-Mini;5,50;1;5,50;2,42;23;1;4,68;25;4,68;4,68;4,68;4,68;4,68;4,68;4,62;4,51;4,40;4,13
91828;805;Navijak DELPHIN Legius;51,96;1;51,96;27,00;23;1;44,17;25;44,17;44,17;44,17;44,17;44,17;44,17;43,65;42,61;41,57;38,97
91829;805;Navijak DELPHIN Legius;53,95;1;53,95;28,08;23;1;45,86;25;45,86;45,86;45,86;45,86;45,86;45,86;45,32;44,24;43,16;40,46
91830;805;Navijak DELPHIN Legius;56,95;1;56,95;29,70;23;1;48,41;25;48,41;48,41;48,41;48,41;48,41;48,41;47,84;46,70;45,56;42,71
89056;;Vyberač háčikov DELPHIN Hooky;1,30;1;1,30;0,57;23;1;1,11;25;1,11;1,11;1,11;1,11;1,11;1,11;1,09;1,07;1,04;0,98
109075;806;Boilie TB Baits Pop Up Citrus - Black Pepper + NHDC, 16 mm, 65 g;6,09;1;6,09;2,97;23;1;6,09;15;5,85;5,72;5,60;5,48;5,36;5,24;5,18;5,18;5,18;5,18
47430;;Vobler RAPALA Jigging Shadow Rap 07, ROL;11,89;1;11,89;6,59;23;1;11,89;;11,41;11,18;10,94;10,70;10,46;10,23;9,99;9,75;9,51;8,92
79245;;Hrazda ZFISH Carbon Buzzer Bar 30 cm;8,19;1;8,19;3,60;23;1;8,19;;7,86;7,70;7,53;7,37;7,21;7,04;6,88;6,72;6,55;6,14
103242;807;Boilie ABAITS Enzymatic Krab;17,99;1;17,99;10,61;23;1;17,99;;17,27;16,91;16,55;16,19;15,83;15,47;15,11;14,75;14,39;13,49
39457;;Taška sak DELPHIN WSM;59,95;1;59,95;32,20;23;1;50,96;25;50,96;50,96;50,96;50,96;50,96;50,96;50,36;49,16;47,96;44,96
25662;808;Kŕmna raketa MIDI Spomb;17,99;1;17,99;9,69;23;1;16,37;25;16,37;16,37;16,37;16,19;15,83;15,47;15,11;14,75;14,39;13,49
25663;808;Kŕmna raketa MIDI Spomb;17,99;1;17,99;9,69;23;1;16,37;25;16,37;16,37;16,37;16,19;15,83;15,47;15,11;14,75;14,39;13,49
64536;809;Nugety SPORTS Feeder Nano;4,03;1;4,03;2,47;23;1;4,03;;3,87;3,79;3,71;3,63;3,55;3,47;3,39;3,30;3,22;3,02
64538;809;Nugety SPORTS Feeder Nano;4,03;1;4,03;2,47;23;1;4,03;;3,87;3,79;3,71;3,63;3,55;3,47;3,39;3,30;3,22;3,02
64540;809;Nugety SPORTS Feeder Nano;4,03;1;4,03;2,41;23;1;4,03;;3,87;3,79;3,71;3,63;3,55;3,47;3,39;3,30;3,22;3,02
64541;809;Nugety SPORTS Feeder Nano;4,03;1;4,03;2,41;23;1;4,03;;3,87;3,79;3,71;3,63;3,55;3,47;3,39;3,30;3,22;3,02
79265;;Puzdro NGT na vidličky;20,39;1;20,39;9,39;23;1;20,39;;19,57;19,17;18,76;18,35;17,94;17,54;17,13;16,72;16,31;15,29
103258;;Esencia ABAITS Dropper Enzymatic Krill;7,50;1;7,50;4,48;23;1;7,50;;7,20;7,05;6,90;6,75;6,60;6,45;6,30;6,15;6,00;5,63
26984;;Hadička ESOX Spartan Uni Rubber Tube;3,00;1;3,00;1,72;23;1;3,00;;2,88;2,82;2,76;2,70;2,64;2,58;2,52;2,46;2,40;2,25
64755;;Vlasec CLIMAX Catfish zelený;6,61;1;6,61;2,88;23;1;6,61;;6,35;6,21;6,08;5,95;5,82;5,68;5,55;5,42;5,29;4,96
109110;;Krmivo TB Baits PVA Stick Mix Garlic Liver, 200 g;4,39;1;4,39;2,92;23;1;4,39;15;4,21;4,13;4,04;3,95;3,86;3,78;3,73;3,73;3,73;3,73
50368;;Box CORMORAN model 10016;35,15;1;35,15;13,76;23;1;31,64;25;31,64;31,64;31,64;31,64;30,93;30,23;29,53;28,82;28,12;26,36
79280;;Lopatka ZFISH Baiting Spoon Deluxe;10,25;1;10,25;4,47;23;1;10,25;;9,84;9,64;9,43;9,23;9,02;8,82;8,61;8,41;8,20;7,69
93546;;Rýchloupínací obratlík DELPHIN TheEnd QuickS-T;3,30;1;3,30;1,57;23;1;2,81;25;2,81;2,81;2,81;2,81;2,81;2,81;2,77;2,71;2,64;2,48
89136;810;Plandavka DELPHIN Strip;3,60;1;3,60;1,83;23;1;3,06;25;3,06;3,06;3,06;3,06;3,06;3,06;3,02;2,95;2,88;2,70
89137;810;Plandavka DELPHIN Strip;3,60;1;3,60;1,83;23;1;3,06;25;3,06;3,06;3,06;3,06;3,06;3,06;3,02;2,95;2,88;2,70
90627;810;Plandavka DELPHIN Strip;3,90;1;3,90;2,10;23;1;3,32;25;3,32;3,32;3,32;3,32;3,32;3,32;3,28;3,20;3,12;2,93
90629;810;Plandavka DELPHIN Strip;4,30;1;4,30;2,20;23;1;3,66;25;3,66;3,66;3,66;3,66;3,66;3,66;3,61;3,53;3,44;3,23
90630;810;Plandavka DELPHIN Strip;4,30;1;4,30;2,20;23;1;3,66;25;3,66;3,66;3,66;3,66;3,66;3,66;3,61;3,53;3,44;3,23
90631;810;Plandavka DELPHIN Strip;4,30;1;4,30;2,20;23;1;3,66;25;3,66;3,66;3,66;3,66;3,66;3,66;3,61;3,53;3,44;3,23
109125;811;Boilie TB Baits Hard GLM Squid Strawbery;6,49;1;6,49;3,16;23;1;6,49;15;6,23;6,10;5,97;5,84;5,71;5,58;5,52;5,52;5,52;5,52
109126;811;Boilie TB Baits Hard GLM Squid Strawbery;17,36;1;17,36;8,72;23;1;17,36;15;16,67;16,32;15,97;15,62;15,28;14,93;14,76;14,76;14,76;14,76
50P;;Darčeková poukážka 50 €;50,00;1;50,00;6,15;23;1;;;48,00;47,00;46,00;45,00;44,00;43,00;42,00;41,00;40,00;37,50
93562;;Montáž DELPHIN TheEnd Leadcore Heli, 3 ks;6,49;1;6,49;3,09;23;1;5,52;25;5,52;5,52;5,52;5,52;5,52;5,52;5,45;5,32;5,19;4,87
103611;812;Zimný komplet KINETIC X-Shade Winter Suit Ivy Green;122,99;1;122,99;60,00;23;1;122,99;;118,07;115,61;113,15;110,69;108,23;105,77;103,31;100,85;98,39;92,24
103612;812;Zimný komplet KINETIC X-Shade Winter Suit Ivy Green;122,99;1;122,99;60,00;23;1;122,99;;118,07;115,61;113,15;110,69;108,23;105,77;103,31;100,85;98,39;92,24
103613;812;Zimný komplet KINETIC X-Shade Winter Suit Ivy Green;122,99;1;122,99;60,00;23;1;122,99;;118,07;115,61;113,15;110,69;108,23;105,77;103,31;100,85;98,39;92,24
103614;812;Zimný komplet KINETIC X-Shade Winter Suit Ivy Green;122,99;1;122,99;60,00;23;1;122,99;;118,07;115,61;113,15;110,69;108,23;105,77;103,31;100,85;98,39;92,24
91964;;Extra termo ponožky DELPHIN ArktiX;6,95;1;6,95;3,74;23;1;5,91;25;5,91;5,91;5,91;5,91;5,91;5,91;5,84;5,70;5,56;5,21
27106;;Navijak TICA Scepter GTB 6000;69,00;1;69,00;40,44;23;1;69,00;;66,24;64,86;63,48;62,10;60,72;59,34;57,96;56,58;55,20;51,75
89153;813;Plandavka DELPHIN Mago;3,60;1;3,60;1,83;23;1;3,06;25;3,06;3,06;3,06;3,06;3,06;3,06;3,02;2,95;2,88;2,70
89156;813;Plandavka DELPHIN Mago;3,60;1;3,60;1,83;23;1;3,06;25;3,06;3,06;3,06;3,06;3,06;3,06;3,02;2,95;2,88;2,70
79316;;Váha ZFISH Compact Scale, do 50 kg;16,40;1;16,40;7,40;23;1;16,40;;15,74;15,42;15,09;14,76;14,43;14,10;13,78;13,45;13,12;12,30
93579;;Set montáž DELPHIN TheEnd sCamo PinC + QuickS + Tube, 5 ks;3,70;1;3,70;1,77;23;1;3,15;25;3,15;3,15;3,15;3,15;3,15;3,15;3,11;3,03;2,96;2,78
69040;814;Boilie LK BAITS Pop Up Extra;14,66;1;14,66;9,30;23;1;14,66;;14,07;13,78;13,49;13,19;12,90;12,61;12,31;12,02;11,73;11,00
69043;814;Boilie LK BAITS Pop Up Extra;9,94;1;9,94;5,84;23;1;9,94;;9,54;9,34;9,14;8,95;8,75;8,55;8,35;8,15;7,95;7,46
69044;814;Boilie LK BAITS Pop Up Extra;10,20;1;10,20;5,34;23;1;10,20;;9,79;9,59;9,38;9,18;8,98;8,77;8,57;8,36;8,16;7,65
109157;;Dip TB Baits Power Dip, Grand Krill, 150 ml;8,65;1;8,65;4,22;23;1;8,65;15;8,30;8,13;7,96;7,79;7,61;7,44;7,35;7,35;7,35;7,35
52769;815;Háčik MIKADO Sensual Chinu W/RING m.HS10026;1,29;1;1,29;0,44;23;1;1,17;25;1,17;1,17;1,17;1,16;1,14;1,11;1,08;1,06;1,03;0,97
52770;815;Háčik MIKADO Sensual Chinu W/RING m.HS10026;1,09;1;1,09;0,44;23;1;0,99;25;0,99;0,99;0,99;0,98;0,96;0,94;0,92;0,89;0,87;0,82
52771;815;Háčik MIKADO Sensual Chinu W/RING m.HS10026;1,09;1;1,09;0,44;23;1;0,99;25;0,99;0,99;0,99;0,98;0,96;0,94;0,92;0,89;0,87;0,82
103646;;Muška UNIQUE Flies Klinkhammer Light High Viz Orange TMC;3,06;1;3,06;1,13;23;1;3,06;;2,94;2,88;2,82;2,75;2,69;2,63;2,57;2,51;2,45;2,30
92027;;Predný držiak prútu DELPHIN Hold-V;1,89;1;1,89;0,85;23;1;1,61;25;1,61;1,61;1,61;1,61;1,61;1,61;1,59;1,55;1,51;1,42
89326;;Kliešte DELPHIN Profiset;29,95;1;29,95;16,09;23;1;25,46;25;25,46;25,46;25,46;25,46;25,46;25,46;25,16;24,56;23,96;22,46
110002;816;Vobler TAPADO SZ, AYU;9,50;1;9,50;6,03;23;1;9,50;;9,12;8,93;8,74;8,55;8,36;8,17;7,98;7,79;7,60;7,13
110006;816;Vobler TAPADO SZ, AYU;10,30;1;10,30;6,52;23;1;10,30;;9,89;9,68;9,48;9,27;9,06;8,86;8,65;8,45;8,24;7,73
110009;816;Vobler TAPADO SZ, AYU;10,30;1;10,30;6,52;23;1;10,30;;9,89;9,68;9,48;9,27;9,06;8,86;8,65;8,45;8,24;7,73
110014;816;Vobler TAPADO SZ, AYU;10,30;1;10,30;6,52;23;1;10,30;;9,89;9,68;9,48;9,27;9,06;8,86;8,65;8,45;8,24;7,73
110019;816;Vobler TAPADO SZ, AYU;10,30;1;10,30;6,52;23;1;10,30;;9,89;9,68;9,48;9,27;9,06;8,86;8,65;8,45;8,24;7,73
110036;816;Vobler TAPADO SZ, AYU;9,50;1;9,50;6,03;23;1;9,50;;9,12;8,93;8,74;8,55;8,36;8,17;7,98;7,79;7,60;7,13
53086;;Zvonček MIKADO AMR02;0,43;1;0,43;0,17;23;1;0,39;25;0,39;0,39;0,39;0,39;0,38;0,37;0,36;0,35;0,34;0,32
79349;;Taška NGT Compartment Carryall;34,39;1;34,39;14,41;23;1;34,39;;33,01;32,33;31,64;30,95;30,26;29,58;28,89;28,20;27,51;25,79
103663;;Nástraha WESTIN Bullteez Curltail, Sparkling Chartreuse, 3 ks;5,12;1;5,12;3,00;23;1;5,12;;4,92;4,81;4,71;4,61;4,51;4,40;4,30;4,20;4,10;3,84
69091;;Nugety LK BAITS CUC! Nugget Carp Lesná jahody;7,90;1;7,90;4,34;23;1;7,90;;7,58;7,43;7,27;7,11;6,95;6,79;6,64;6,48;6,32;5,93
92043;;Termofor DELPHIN WarMex;7,95;1;7,95;4,29;23;1;6,76;25;6,76;6,76;6,76;6,76;6,76;6,76;6,68;6,52;6,36;5,96
89377;;Púzdro DELPHIN Carpath ID na doklady;11,96;1;11,96;6,43;23;1;10,17;25;10,17;10,17;10,17;10,17;10,17;10,17;10,05;9,81;9,57;8,97
79365;;Navijak ZFISH Forecast XFR 9000;81,91;1;81,91;30,26;23;1;81,91;;78,63;77,00;75,36;73,72;72,08;70,44;68,80;67,17;65,53;61,43
103677;;Nástraha WESTIN HypoTeez V-Tail, Headlight;2,04;1;2,04;;23;1;2,04;;1,96;1,92;1,88;1,84;1,80;1,75;1,71;1,67;1,63;1,53
69108;817;Boilie LK BAITS Nutrigo Balanc Particle Tiger Nuts;11,40;1;11,40;6,00;23;1;11,40;;10,94;10,72;10,49;10,26;10,03;9,80;9,58;9,35;9,12;8,55
69109;817;Boilie LK BAITS Nutrigo Balanc Particle Tiger Nuts;11,09;1;11,09;6,05;23;1;11,09;;10,65;10,42;10,20;9,98;9,76;9,54;9,32;9,09;8,87;8,32
28105;;Nerezová tyč MIVARDI k dáždnikom;22,53;1;22,53;11,01;23;1;20,28;10;20,28;20,28;20,28;20,28;20,28;20,28;20,28;20,28;20,28;20,28
79383;;Forma ZFISH Method Feeder Spide Large Mould;1,82;1;1,82;0,79;23;1;1,82;;1,75;1,71;1,67;1,64;1,60;1,57;1,53;1,49;1,46;1,37
103693;818;Nástraha WESTIN Bullteez Shadtail, Blue Headlight;3,58;1;3,58;1,05;23;1;3,58;;3,44;3,37;3,29;3,22;3,15;3,08;3,01;2,94;2,86;2,69
103694;818;Nástraha WESTIN Bullteez Shadtail, Blue Headlight;2,04;1;2,04;0,59;23;1;2,04;;1,96;1,92;1,88;1,84;1,80;1,75;1,71;1,67;1,63;1,53
103695;818;Nástraha WESTIN Bullteez Shadtail, Blue Headlight;2,55;1;2,55;0,75;23;1;2,55;;2,45;2,40;2,35;2,30;2,24;2,19;2,14;2,09;2,04;1,91
39848;;Krabička DELPHIN TBX One 162-5P;2,00;1;2,00;1,06;23;1;1,70;25;1,70;1,70;1,70;1,70;1,70;1,70;1,68;1,64;1,60;1,50
69131;;Boilie LK BAITS RH Original Scopex, 20 mm, 1 kg;13,90;1;13,90;7,46;23;1;13,90;;13,34;13,07;12,79;12,51;12,23;11,95;11,68;11,40;11,12;10,43
89493;;Kobra DELPHIN Boomerang UL;64,94;1;64,94;33,84;23;1;55,20;25;55,20;55,20;55,20;55,20;55,20;55,20;54,55;53,25;51,95;48,71
110421;;Penová nástraha APS Jig Head 175 mm, Foam Lure, 215UV, bal. 3 ks;7,39;1;7,39;3,21;23;1;7,39;;7,09;6,95;6,80;6,65;6,50;6,36;6,21;6,06;5,91;5,54
53890;;Šnúra DELPHIN Direct Carp 8K Double kamufláž;9,95;1;9,95;4,97;23;1;8,46;25;8,46;8,46;8,46;8,46;8,46;8,46;8,36;8,16;7,96;7,46
79399;;SET = 2x krmítko ZFISH Method Feeder ZFX + silikónová forma;5,74;1;5,74;2,58;23;1;5,74;;5,51;5,40;5,28;5,17;5,05;4,94;4,82;4,71;4,59;4,31
93659;;Pstruhový podberák DELPHIN SoftLux, mäkká sieť;21,96;1;21,96;11,87;23;1;18,67;25;18,67;18,67;18,67;18,67;18,67;18,67;18,45;18,01;17,57;16,47
103709;;Nástraha WESTIN HypoTeez V-Tail, Bait Pearl;2,04;1;2,04;0,60;23;1;2,04;;1,96;1,92;1,88;1,84;1,80;1,75;1,71;1,67;1,63;1,53
39870;;Krabička DELPHIN TBX One 225-15P;7,50;1;7,50;3,74;23;1;6,38;25;6,38;6,38;6,38;6,38;6,38;6,38;6,30;6,15;6,00;5,63
69510;;Svietiaci marker CARPZOOM so stmievacím senzorom;4,51;1;4,51;2,76;23;1;4,51;;4,33;4,24;4,15;4,06;3,97;3,88;3,79;3,70;3,61;3,38
92106;;Predný feeder držiak DELPHIN Reaxe L;6,49;1;6,49;3,52;23;1;5,52;25;5,52;5,52;5,52;5,52;5,52;5,52;5,45;5,32;5,19;4,87
111006;819;Bunda Geoff Anderson Dozer 7, čierna;499,00;1;499,00;339,32;23;1;499,00;;479,04;469,06;459,08;449,10;439,12;429,14;419,16;409,18;399,20;374,25
111007;819;Bunda Geoff Anderson Dozer 7, čierna;499,00;1;499,00;339,32;23;1;499,00;;479,04;469,06;459,08;449,10;439,12;429,14;419,16;409,18;399,20;374,25
111008;819;Bunda Geoff Anderson Dozer 7, čierna;499,00;1;499,00;339,32;23;1;499,00;;479,04;469,06;459,08;449,10;439,12;429,14;419,16;409,18;399,20;374,25
111009;819;Bunda Geoff Anderson Dozer 7, čierna;499,00;1;499,00;339,32;23;1;499,00;;479,04;469,06;459,08;449,10;439,12;429,14;419,16;409,18;399,20;374,25
111010;819;Bunda Geoff Anderson Dozer 7, čierna;499,00;1;499,00;339,32;23;1;499,00;;479,04;469,06;459,08;449,10;439,12;429,14;419,16;409,18;399,20;374,25
111011;819;Bunda Geoff Anderson Dozer 7, čierna;499,00;1;499,00;339,32;23;1;499,00;;479,04;469,06;459,08;449,10;439,12;429,14;419,16;409,18;399,20;374,25
111012;819;Bunda Geoff Anderson Dozer 7, čierna;499,00;1;499,00;339,32;23;1;499,00;;479,04;469,06;459,08;449,10;439,12;429,14;419,16;409,18;399,20;374,25
103726;;Plandavka KINETIC Fax 10 g, Seagrass/ Glitter;3,59;1;3,59;0,88;23;1;3,59;;3,45;3,37;3,30;3,23;3,16;3,09;3,02;2,94;2,87;2,69
39891;;Krabička DELPHIN TBX Duo 200-7P;6,49;1;6,49;3,21;23;1;5,52;25;5,52;5,52;5,52;5,52;5,52;5,52;5,45;5,32;5,19;4,87
92123;;Pančucha DELPHIN PVA n´tastic Quick Tuba + tĺk, rýchlo rozpustná;9,50;1;9,50;5,14;23;1;8,08;25;8,08;8,08;8,08;8,08;8,08;8,08;7,98;7,79;7,60;7,13
28299;820;Plavák MIVARDI Float S1;1,53;1;1,53;0,75;23;1;1,38;10;1,38;1,38;1,38;1,38;1,38;1,38;1,38;1,38;1,38;1,38
28300;820;Plavák MIVARDI Float S1;1,53;1;1,53;0,75;23;1;1,38;10;1,38;1,38;1,38;1,38;1,38;1,38;1,38;1,38;1,38;1,38
65515;;Bezdrôtový nahadzovací sonar LUCKY Smart LS-2W;119,00;1;119,00;89,05;23;1;119,00;10;114,24;111,86;109,48;107,10;107,10;107,10;107,10;107,10;107,10;107,10
54233;821;Šnúra DELPHIN Armada Shock;12,95;1;12,95;6,26;23;1;11,01;25;11,01;11,01;11,01;11,01;11,01;11,01;10,88;10,62;10,36;9,71
54234;821;Šnúra DELPHIN Armada Shock;14,94;1;14,94;7,48;23;1;12,70;25;12,70;12,70;12,70;12,70;12,70;12,70;12,55;12,25;11,95;11,21
54675;821;Šnúra DELPHIN Armada Shock;20,95;1;20,95;9,96;23;1;17,81;25;17,81;17,81;17,81;17,81;17,81;17,81;17,60;17,18;16,76;15,71
103742;822;Nástraha WESTIN Twinteez V-Tail, Headlight, 2 ks;8,19;1;8,19;3,72;23;1;8,19;;7,86;7,70;7,53;7,37;7,21;7,04;6,88;6,72;6,55;6,14
106707;822;Nástraha WESTIN Twinteez V-Tail, Headlight, 2 ks;5,99;1;5,99;2,79;23;1;5,99;;5,75;5,63;5,51;5,39;5,27;5,15;5,03;4,91;4,79;4,49
39921;823;Rýchlospojka DELPHIN Q-Snap;2,71;1;2,71;1,21;23;1;2,30;25;2,30;2,30;2,30;2,30;2,30;2,30;2,28;2,22;2,17;2,03
39922;823;Rýchlospojka DELPHIN Q-Snap;2,71;1;2,71;1,21;23;1;2,30;25;2,30;2,30;2,30;2,30;2,30;2,30;2,28;2,22;2,17;2,03
39923;823;Rýchlospojka DELPHIN Q-Snap;2,71;1;2,71;1,18;23;1;2,30;25;2,30;2,30;2,30;2,30;2,30;2,30;2,28;2,22;2,17;2,03
69674;;Box CARPZOOM Carp System Box 1+7;28,60;1;28,60;18,20;23;1;28,60;;27,46;26,88;26,31;25,74;25,17;24,60;24,02;23,45;22,88;21,45
92141;824;Prút DELPHIN Dimenzia LS+;112,95;1;112,95;58,89;23;1;96,01;25;96,01;96,01;96,01;96,01;96,01;96,01;94,88;92,62;90,36;84,71
92142;824;Prút DELPHIN Dimenzia LS+;123,95;1;123,95;64,85;23;1;105,36;25;105,36;105,36;105,36;105,36;105,36;105,36;104,12;101,64;99,16;92,96
92143;824;Prút DELPHIN Dimenzia LS+;129,95;1;129,95;68,08;23;1;110,46;25;110,46;110,46;110,46;110,46;110,46;110,46;109,16;106,56;103,96;97,46
65543;825;Bunda GEOFF Anderson Barbarus 2;230,62;1;230,62;177,12;23;1;230,62;;221,40;216,78;212,17;207,56;202,95;198,33;193,72;189,11;184,50;172,97
65544;825;Bunda GEOFF Anderson Barbarus 2;230,62;1;230,62;177,12;23;1;230,62;;221,40;216,78;212,17;207,56;202,95;198,33;193,72;189,11;184,50;172,97
65548;825;Bunda GEOFF Anderson Barbarus 2;230,62;1;230,62;177,12;23;1;230,62;;221,40;216,78;212,17;207,56;202,95;198,33;193,72;189,11;184,50;172,97
89578;;Prehoz pre bivak DELPHIN Yurta Neo;178,95;1;178,95;111,84;23;1;152,11;25;152,11;152,11;152,11;152,11;152,11;152,11;150,32;146,74;143,16;134,21
54388;;Sak DELPHIN Carpsack C-SACK;14,94;1;14,94;8,00;23;1;12,70;25;12,70;12,70;12,70;12,70;12,70;12,70;12,55;12,25;11,95;11,21
69727;;Peračník CARPZOOM Feeder Box;34,85;1;34,85;22,27;23;1;34,85;;33,46;32,76;32,06;31,37;30,67;29,97;29,27;28,58;27,88;26,14
89589;826;Nadväzec DELPHIN FLR Sting 8 cm;4,70;1;4,70;2,42;23;1;4,00;25;4,00;4,00;4,00;4,00;4,00;4,00;3,95;3,85;3,76;3,53
89590;826;Nadväzec DELPHIN FLR Sting 8 cm;4,70;1;4,70;2,42;23;1;4,00;25;4,00;4,00;4,00;4,00;4,00;4,00;3,95;3,85;3,76;3,53
92253;826;Nadväzec DELPHIN FLR Sting 8 cm;4,70;1;4,70;2,42;23;1;4,00;25;4,00;4,00;4,00;4,00;4,00;4,00;3,95;3,85;3,76;3,53
92254;826;Nadväzec DELPHIN FLR Sting 8 cm;4,70;1;4,70;2,42;23;1;4,00;25;4,00;4,00;4,00;4,00;4,00;4,00;3,95;3,85;3,76;3,53
92255;826;Nadväzec DELPHIN FLR Sting 8 cm;4,60;1;4,60;2,36;23;1;3,91;25;3,91;3,91;3,91;3,91;3,91;3,91;3,86;3,77;3,68;3,45
92256;826;Nadväzec DELPHIN FLR Sting 8 cm;4,60;1;4,60;2,36;23;1;3,91;25;3,91;3,91;3,91;3,91;3,91;3,91;3,86;3,77;3,68;3,45
92257;826;Nadväzec DELPHIN FLR Sting 8 cm;4,70;1;4,70;2,42;23;1;4,00;25;4,00;4,00;4,00;4,00;4,00;4,00;3,95;3,85;3,76;3,53
92258;826;Nadväzec DELPHIN FLR Sting 8 cm;4,70;1;4,70;2,42;23;1;4,00;25;4,00;4,00;4,00;4,00;4,00;4,00;3,95;3,85;3,76;3,53
111054;827;Overal Geoff Anderson Thermal 4;187,58;1;187,58;127,54;23;1;187,58;;180,08;176,33;172,57;168,82;165,07;161,32;157,57;153,82;150,06;140,69
111055;827;Overal Geoff Anderson Thermal 4;187,58;1;187,58;127,54;23;1;187,58;;180,08;176,33;172,57;168,82;165,07;161,32;157,57;153,82;150,06;140,69
111056;827;Overal Geoff Anderson Thermal 4;187,58;1;187,58;127,54;23;1;187,58;;180,08;176,33;172,57;168,82;165,07;161,32;157,57;153,82;150,06;140,69
54561;828;Háčik DELPHIN HKD Catfish Ring;4,60;1;4,60;1,99;23;1;3,91;25;3,91;3,91;3,91;3,91;3,91;3,91;3,86;3,77;3,68;3,45
54563;828;Háčik DELPHIN HKD Catfish Ring;4,60;1;4,60;1,99;23;1;3,91;25;3,91;3,91;3,91;3,91;3,91;3,91;3,86;3,77;3,68;3,45
103775;829;Nástraha KINETIC IMP Tail Spin 7 g, Firetiger;4,08;1;4,08;1,79;23;1;4,08;;3,92;3,84;3,75;3,67;3,59;3,51;3,43;3,35;3,26;3,06
103779;829;Nástraha KINETIC IMP Tail Spin 7 g, Firetiger;4,08;1;4,08;1,79;23;1;4,08;;3,92;3,84;3,75;3,67;3,59;3,51;3,43;3,35;3,26;3,06
69758;;Držiak CARPZOOM prútov na stenu;10,86;1;10,86;6,40;23;1;10,86;;10,43;10,21;9,99;9,77;9,56;9,34;9,12;8,91;8,69;8,15
92173;;Kempingová lampa Delphin AURA UC 8,5W;26,95;1;26,95;13,96;23;1;22,91;25;22,91;22,91;22,91;22,91;22,91;22,91;22,64;22,10;21,56;20,21
28883;;Vážiaci sak MIVARDI Easy2;9,99;1;9,99;5,00;23;1;8,99;10;8,99;8,99;8,99;8,99;8,99;8,99;8,99;8,99;8,99;8,99
54586;830;Háčik DELPHIN HKD Flater Ring;2,50;1;2,50;1,06;23;1;2,13;25;2,13;2,13;2,13;2,13;2,13;2,13;2,10;2,05;2,00;1,88
54588;830;Háčik DELPHIN HKD Flater Ring;2,50;1;2,50;1,06;23;1;2,13;25;2,13;2,13;2,13;2,13;2,13;2,13;2,10;2,05;2,00;1,88
54590;830;Háčik DELPHIN HKD Flater Ring;2,50;1;2,50;1,06;23;1;2,13;25;2,13;2,13;2,13;2,13;2,13;2,13;2,10;2,05;2,00;1,88
54592;830;Háčik DELPHIN HKD Flater Ring;2,50;1;2,50;1,06;23;1;2,13;25;2,13;2,13;2,13;2,13;2,13;2,13;2,10;2,05;2,00;1,88
103791;831;Dvojdielny plávajúci oblek KINETIC Guardian Flotation Suit Red/ Stormy;256,23;1;256,23;137,35;23;1;256,23;;245,98;240,86;235,73;230,61;225,48;220,36;215,23;210,11;204,98;192,17
103792;831;Dvojdielny plávajúci oblek KINETIC Guardian Flotation Suit Red/ Stormy;256,23;1;256,23;137,35;23;1;256,23;;245,98;240,86;235,73;230,61;225,48;220,36;215,23;210,11;204,98;192,17
40117;;Spacák Giants Fishing 5 Season Maxi;107,18;1;107,18;56,62;23;1;107,18;;102,89;100,75;98,61;96,46;94,32;92,17;90,03;87,89;85,74;80,39
29138-16;832;Boilie v dipe MIKBAITS Gangster G2 Krab & Ančovička & Asa;7,20;1;7,20;5,36;23;1;7,20;10;6,91;6,77;6,62;6,48;6,48;6,48;6,48;6,48;6,48;6,48
29138-20;832;Boilie v dipe MIKBAITS Gangster G2 Krab & Ančovička & Asa;7,49;1;7,49;5,36;23;1;7,49;10;7,19;7,04;6,89;6,74;6,74;6,74;6,74;6,74;6,74;6,74
29138-24;832;Boilie v dipe MIKBAITS Gangster G2 Krab & Ančovička & Asa;7,49;1;7,49;5,36;23;1;7,49;10;7,19;7,04;6,89;6,74;6,74;6,74;6,74;6,74;6,74;6,74
39022;833;Sada signalizátorov DELPHIN Optimo 9V s príposluchom +  CSWII + snag;190,95;1;190,95;102,19;23;1;162,31;25;162,31;162,31;162,31;162,31;162,31;162,31;160,40;156,58;152,76;143,21
54712;833;Sada signalizátorov DELPHIN Optimo 9V s príposluchom +  CSWII + snag;119,95;1;119,95;65,90;23;1;101,96;25;101,96;101,96;101,96;101,96;101,96;101,96;100,76;98,36;95,96;89,96
54713;833;Sada signalizátorov DELPHIN Optimo 9V s príposluchom +  CSWII + snag;155,95;1;155,95;86,16;23;1;132,56;25;132,56;132,56;132,56;132,56;132,56;132,56;131,00;127,88;124,76;116,96
40278;;Sumcový stojan Hell-Cat Special;51,57;1;51,57;27,21;23;1;51,57;;49,51;48,48;47,44;46,41;45,38;44,35;43,32;42,29;41,26;38,68
70001;;Krmivo SENSAS 3000 Gardons - Plotica;5,30;1;5,30;2,50;23;1;5,30;;5,09;4,98;4,88;4,77;4,66;4,56;4,45;4,35;4,24;3,98
92210;;Multifunkčný okysličovač DELPHIN AeroTap UC 3v1;41,96;1;41,96;22,55;23;1;35,67;25;35,67;35,67;35,67;35,67;35,67;35,67;35,25;34,41;33,57;31,47
01059;;Skladací nôž SMITH`S Pocket Knife Ecesis;36,28;1;36,28;23,63;23;1;36,28;0;36,28;36,28;36,28;36,28;36,28;36,28;36,28;36,28;36,28;36,28
29328;834;Boilie MIKBAITS Fluo Mirabel;6,00;1;6,00;4,48;23;1;6,00;10;5,76;5,64;5,52;5,40;5,40;5,40;5,40;5,40;5,40;5,40
29330;834;Boilie MIKBAITS Fluo Mirabel;6,24;1;6,24;4,48;23;1;6,24;10;5,99;5,87;5,74;5,62;5,62;5,62;5,62;5,62;5,62;5,62
29331;834;Boilie MIKBAITS Fluo Mirabel;6,00;1;6,00;4,48;23;1;6,00;10;5,76;5,64;5,52;5,40;5,40;5,40;5,40;5,40;5,40;5,40
29333;834;Boilie MIKBAITS Fluo Mirabel;6,15;1;6,15;4,30;23;1;6,15;10;5,90;5,78;5,66;5,54;5,54;5,54;5,54;5,54;5,54;5,54
65658;835;Bunda GEOFF ANDERSON Zesto Thermal;209,10;1;209,10;142,19;23;1;209,10;;200,74;196,55;192,37;188,19;184,01;179,83;175,64;171,46;167,28;156,83
65659;835;Bunda GEOFF ANDERSON Zesto Thermal;209,10;1;209,10;142,19;23;1;209,10;;200,74;196,55;192,37;188,19;184,01;179,83;175,64;171,46;167,28;156,83
65660;835;Bunda GEOFF ANDERSON Zesto Thermal;209,10;1;209,10;148,80;23;1;209,10;;200,74;196,55;192,37;188,19;184,01;179,83;175,64;171,46;167,28;156,83
65661;835;Bunda GEOFF ANDERSON Zesto Thermal;209,10;1;209,10;142,19;23;1;209,10;;200,74;196,55;192,37;188,19;184,01;179,83;175,64;171,46;167,28;156,83
65662;835;Bunda GEOFF ANDERSON Zesto Thermal;209,10;1;209,10;142,19;23;1;209,10;;200,74;196,55;192,37;188,19;184,01;179,83;175,64;171,46;167,28;156,83
65663;835;Bunda GEOFF ANDERSON Zesto Thermal;209,10;1;209,10;142,19;23;1;209,10;;200,74;196,55;192,37;188,19;184,01;179,83;175,64;171,46;167,28;156,83
89672;;Šatka DELPHIN Rawer;4,70;1;4,70;2,15;23;1;4,00;25;4,00;4,00;4,00;4,00;4,00;4,00;3,95;3,85;3,76;3,53
111103;;Hrazda FEEL FREE Unibar Deluxe + 3 ks držiaky;199,90;1;199,90;167,92;23;1;199,90;;191,90;187,91;183,91;179,91;175,91;171,91;167,92;163,92;159,92;149,93
54945;;Rukoväť DELPHIN Cheren 350 pre čereň;25,95;1;25,95;13,96;23;1;22,06;25;22,06;22,06;22,06;22,06;22,06;22,06;21,80;21,28;20,76;19,46
103828;836;Boilie STARBAITS Pop Up Bright Signal;6,67;1;6,67;3,01;23;1;6,67;;6,40;6,27;6,14;6,00;5,87;5,74;5,60;5,47;5,34;5,00
103829;836;Boilie STARBAITS Pop Up Bright Signal;6,70;1;6,70;3,01;23;1;6,70;;6,43;6,30;6,16;6,03;5,90;5,76;5,63;5,49;5,36;5,03
103830;836;Boilie STARBAITS Pop Up Bright Signal;6,70;1;6,70;3,16;23;1;6,70;;6,43;6,30;6,16;6,03;5,90;5,76;5,63;5,49;5,36;5,03
7203;;Podberák ROBINSON Carp Max;48,17;1;48,17;29,18;23;1;48,17;;46,24;45,28;44,32;43,35;42,39;41,43;40,46;39,50;38,54;36,13
111119;837;Tepláky Geoff Anderson WizWool 335, čierne;169,95;1;169,95;115,56;23;1;169,95;;163,15;159,75;156,35;152,96;149,56;146,16;142,76;139,36;135,96;127,46
111120;837;Tepláky Geoff Anderson WizWool 335, čierne;169,95;1;169,95;115,56;23;1;169,95;;163,15;159,75;156,35;152,96;149,56;146,16;142,76;139,36;135,96;127,46
111121;837;Tepláky Geoff Anderson WizWool 335, čierne;169,95;1;169,95;115,56;23;1;169,95;;163,15;159,75;156,35;152,96;149,56;146,16;142,76;139,36;135,96;127,46
111122;837;Tepláky Geoff Anderson WizWool 335, čierne;169,95;1;169,95;115,56;23;1;169,95;;163,15;159,75;156,35;152,96;149,56;146,16;142,76;139,36;135,96;127,46
111123;837;Tepláky Geoff Anderson WizWool 335, čierne;169,95;1;169,95;115,56;23;1;169,95;;163,15;159,75;156,35;152,96;149,56;146,16;142,76;139,36;135,96;127,46
111124;837;Tepláky Geoff Anderson WizWool 335, čierne;169,95;1;169,95;115,56;23;1;169,95;;163,15;159,75;156,35;152,96;149,56;146,16;142,76;139,36;135,96;127,46
111125;837;Tepláky Geoff Anderson WizWool 335, čierne;169,95;1;169,95;115,56;23;1;169,95;;163,15;159,75;156,35;152,96;149,56;146,16;142,76;139,36;135,96;127,46
73417;;Vobler ILLEX Chubby 3,8 cm, Bone;20,95;1;20,95;10,58;23;1;20,95;;20,11;19,69;19,27;18,86;18,44;18,02;17,60;17,18;16,76;15,71
29887;838;Boilie MIKBAITS Legends BigC Cheeseburger v dipe;7,38;1;7,38;5,16;23;1;7,38;10;7,08;6,94;6,79;6,64;6,64;6,64;6,64;6,64;6,64;6,64
29888;838;Boilie MIKBAITS Legends BigC Cheeseburger v dipe;7,20;1;7,20;5,38;23;1;7,20;10;6,91;6,77;6,62;6,48;6,48;6,48;6,48;6,48;6,48;6,48
111135;;Podvodná kamera LUCKY FL 180AR LCD;184,40;1;184,40;128,42;23;1;184,40;10;177,02;173,34;169,65;165,96;165,96;165,96;165,96;165,96;165,96;165,96
55106;;Prídavná noha MIVARDI Single Leg na lehátko;14,34;1;14,34;7,01;23;1;12,91;10;12,91;12,91;12,91;12,91;12,91;12,91;12,91;12,91;12,91;12,91
81590;839;Olovo FOX Camotex Flat Pear Leads In Line;2,00;1;2,00;0,97;23;1;2,00;;1,92;1,88;1,84;1,80;1,76;1,72;1,68;1,64;1,60;1,50
81591;839;Olovo FOX Camotex Flat Pear Leads In Line;2,20;1;2,20;1,12;23;1;2,20;;2,11;2,07;2,02;1,98;1,94;1,89;1,85;1,80;1,76;1,65
81593;839;Olovo FOX Camotex Flat Pear Leads In Line;2,60;1;2,60;1,26;23;1;2,60;;2,50;2,44;2,39;2,34;2,29;2,24;2,18;2,13;2,08;1,95
40672;;Záves GIANTS FISHING Lead Clips with Pin Green;1,96;1;1,96;0,95;23;1;1,96;;1,88;1,84;1,80;1,76;1,72;1,69;1,65;1,61;1,57;1,47
104059;840;Boilie STARBAITS Grab & Go Global Mega Fish;6,67;1;6,67;3,19;23;1;6,67;;6,40;6,27;6,14;6,00;5,87;5,74;5,60;5,47;5,34;5,00
104060;840;Boilie STARBAITS Grab & Go Global Mega Fish;15,95;1;15,95;7,83;23;1;15,95;;15,31;14,99;14,67;14,36;14,04;13,72;13,40;13,08;12,76;11,96
73607;840;Boilie STARBAITS Grab & Go Global Mega Fish;14,99;1;14,99;7,48;23;1;14,99;;14,39;14,09;13,79;13,49;13,19;12,89;12,59;12,29;11,99;11,24
74847;840;Boilie STARBAITS Grab & Go Global Mega Fish;6,67;1;6,67;3,19;23;1;6,67;;6,40;6,27;6,14;6,00;5,87;5,74;5,60;5,47;5,34;5,00
100140;;Váha ROBINSON do 50kg;15,63;1;15,63;7,43;23;1;15,63;;15,00;14,69;14,38;14,07;13,75;13,44;13,13;12,82;12,50;11,72
89858;;Nálepka DELPHIN CatchME! Šťuka;1,40;1;1,40;0,50;23;1;1,19;25;1,19;1,19;1,19;1,19;1,19;1,19;1,18;1,15;1,12;1,05
111151;841;Prút SPORTEX Escalade Carp;942,91;1;942,91;641,20;23;1;942,91;;905,19;886,34;867,48;848,62;829,76;810,90;792,04;773,19;754,33;707,18
111152;841;Prút SPORTEX Escalade Carp;1014,00;1;1014,00;689,98;23;1;1014,00;;973,44;953,16;932,88;912,60;892,32;872,04;851,76;831,48;811,20;760,50
55157;842;Vlasec MIVARDI Carp & Feeder 200m;4,60;1;4,60;1,95;23;1;4,14;10;4,14;4,14;4,14;4,14;4,14;4,14;4,14;4,14;4,14;4,14
55158;842;Vlasec MIVARDI Carp & Feeder 200m;4,60;1;4,60;1,95;23;1;4,14;10;4,14;4,14;4,14;4,14;4,14;4,14;4,14;4,14;4,14;4,14
55159;842;Vlasec MIVARDI Carp & Feeder 200m;4,49;1;4,49;1,95;23;1;4,04;10;4,04;4,04;4,04;4,04;4,04;4,04;4,04;4,04;4,04;4,04
55160;842;Vlasec MIVARDI Carp & Feeder 200m;4,60;1;4,60;1,95;23;1;4,14;10;4,14;4,14;4,14;4,14;4,14;4,14;4,14;4,14;4,14;4,14
81888;;Vobler SALMO Bullhead Floating 4,5cm;9,99;1;9,99;4,50;23;1;9,99;;9,59;9,39;9,19;8,99;8,79;8,59;8,39;8,19;7,99;7,49
40736;;Štipec GIANTS FISHING Hackle Pliers Medium;1,55;1;1,55;0,79;23;1;1,55;;1,49;1,46;1,43;1,40;1,36;1,33;1,30;1,27;1,24;1,16
30020;;Zadný úchyt ROBINSON;1,39;1;1,39;0,59;23;1;1,39;;1,33;1,31;1,28;1,25;1,22;1,20;1,17;1,14;1,11;1,04
55294;843;Pelety MIVARDI Rapid Red Halibut, 10 kg;28,99;1;28,99;16,18;23;1;26,09;10;26,09;26,09;26,09;26,09;26,09;26,09;26,09;26,09;26,09;26,09
55295;843;Pelety MIVARDI Rapid Red Halibut, 10 kg;28,99;1;28,99;15,62;23;1;26,09;10;26,09;26,09;26,09;26,09;26,09;26,09;26,09;26,09;26,09;26,09
55296;843;Pelety MIVARDI Rapid Red Halibut, 10 kg;28,99;1;28,99;16,18;23;1;26,09;10;26,09;26,09;26,09;26,09;26,09;26,09;26,09;26,09;26,09;26,09
55297;843;Pelety MIVARDI Rapid Red Halibut, 10 kg;28,99;1;28,99;16,18;23;1;26,09;10;26,09;26,09;26,09;26,09;26,09;26,09;26,09;26,09;26,09;26,09
55298;843;Pelety MIVARDI Rapid Red Halibut, 10 kg;28,99;1;28,99;16,18;23;1;26,09;10;26,09;26,09;26,09;26,09;26,09;26,09;26,09;26,09;26,09;26,09
82361;;Nástraha FOX Pro Shad 14cm;4,08;1;4,08;1,80;23;1;4,08;;3,92;3,84;3,75;3,67;3,59;3,51;3,43;3,35;3,26;3,06
40834;;Ihla GIANTS FISHING Leadcore Spicing Needle Orange/ Black;1,80;1;1,80;0,80;23;1;1,80;;1,73;1,69;1,66;1,62;1,58;1,55;1,51;1,48;1,44;1,35
73956;;Plandavka ILLEX Native Spoon, Ayu;8,40;1;8,40;3,96;23;1;8,40;;8,06;7,90;7,73;7,56;7,39;7,22;7,06;6,89;6,72;6,30
92326;844;Podberák DELPHIN Symbol Lite;52,95;1;52,95;28,62;23;1;45,01;25;45,01;45,01;45,01;45,01;45,01;45,01;44,48;43,42;42,36;39,71
92327;844;Podberák DELPHIN Symbol Lite;55,95;1;55,95;30,25;23;1;47,56;25;47,56;47,56;47,56;47,56;47,56;47,56;47,00;45,88;44,76;41,96
30240;;Práškový posilňovač VDE-Robinson Strawberry;5,50;1;5,50;3,63;23;1;5,50;;5,28;5,17;5,06;4,95;4,84;4,73;4,62;4,51;4,40;4,13
65766;;Dipovaná umelá nástraha FishUp Pupa 3 cm, 10 ks, Hot Orange;5,98;1;5,98;3,77;23;1;5,98;;5,74;5,62;5,50;5,38;5,26;5,14;5,02;4,90;4,78;4,49
112000;845;Larva HARMONY BAITS Apod Fat, Cheese, 40 mm, 7 ks;6,99;1;6,99;3,90;23;1;6,99;;6,71;6,57;6,43;6,29;6,15;6,01;5,87;5,73;5,59;5,24
112001;845;Larva HARMONY BAITS Apod Fat, Cheese, 40 mm, 7 ks;6,99;1;6,99;3,90;23;1;6,99;;6,71;6,57;6,43;6,29;6,15;6,01;5,87;5,73;5,59;5,24
112002;845;Larva HARMONY BAITS Apod Fat, Cheese, 40 mm, 7 ks;6,99;1;6,99;3,90;23;1;6,99;;6,71;6,57;6,43;6,29;6,15;6,01;5,87;5,73;5,59;5,24
112003;845;Larva HARMONY BAITS Apod Fat, Cheese, 40 mm, 7 ks;6,99;1;6,99;3,90;23;1;6,99;;6,71;6,57;6,43;6,29;6,15;6,01;5,87;5,73;5,59;5,24
112004;845;Larva HARMONY BAITS Apod Fat, Cheese, 40 mm, 7 ks;6,99;1;6,99;3,90;23;1;6,99;;6,71;6,57;6,43;6,29;6,15;6,01;5,87;5,73;5,59;5,24
112005;845;Larva HARMONY BAITS Apod Fat, Cheese, 40 mm, 7 ks;6,99;1;6,99;3,90;23;1;6,99;;6,71;6,57;6,43;6,29;6,15;6,01;5,87;5,73;5,59;5,24
112006;845;Larva HARMONY BAITS Apod Fat, Cheese, 40 mm, 7 ks;6,99;1;6,99;3,90;23;1;6,99;;6,71;6,57;6,43;6,29;6,15;6,01;5,87;5,73;5,59;5,24
55454;846;Pelety MIVARDI Rapid SweetCorn;9,99;1;9,99;4,72;23;1;8,99;10;8,99;8,99;8,99;8,99;8,99;8,99;8,99;8,99;8,99;8,99
55455;846;Pelety MIVARDI Rapid SweetCorn;9,99;1;9,99;5,41;23;1;8,99;10;8,99;8,99;8,99;8,99;8,99;8,99;8,99;8,99;8,99;8,99
55766;846;Pelety MIVARDI Rapid SweetCorn;4,29;1;4,29;2,10;23;1;3,86;10;3,86;3,86;3,86;3,86;3,86;3,86;3,86;3,86;3,86;3,86
55767;846;Pelety MIVARDI Rapid SweetCorn;4,29;1;4,29;2,32;23;1;3,86;10;3,86;3,86;3,86;3,86;3,86;3,86;3,86;3,86;3,86;3,86
55838;846;Pelety MIVARDI Rapid SweetCorn;14,99;1;14,99;7,81;23;1;13,49;10;13,49;13,49;13,49;13,49;13,49;13,49;13,49;13,49;13,49;13,49
55839;846;Pelety MIVARDI Rapid SweetCorn;14,99;1;14,99;8,36;23;1;13,49;10;13,49;13,49;13,49;13,49;13,49;13,49;13,49;13,49;13,49;13,49
55895;846;Pelety MIVARDI Rapid SweetCorn;4,29;1;4,29;2,32;23;1;3,86;10;3,86;3,86;3,86;3,86;3,86;3,86;3,86;3,86;3,86;3,86
55896;846;Pelety MIVARDI Rapid SweetCorn;4,29;1;4,29;2,12;23;1;3,86;10;3,86;3,86;3,86;3,86;3,86;3,86;3,86;3,86;3,86;3,86
55897;846;Pelety MIVARDI Rapid SweetCorn;9,99;1;9,99;4,78;23;1;8,99;10;8,99;8,99;8,99;8,99;8,99;8,99;8,99;8,99;8,99;8,99
55898;846;Pelety MIVARDI Rapid SweetCorn;14,99;1;14,99;7,81;23;1;13,49;10;13,49;13,49;13,49;13,49;13,49;13,49;13,49;13,49;13,49;13,49
40863;;Zarážky GIANTS FISHING Boilie Stopper Clear;1,07;1;1,07;0,52;23;1;1,07;;1,03;1,01;0,98;0,96;0,94;0,92;0,90;0,88;0,86;0,80
74304;847;Boilie STARBAITS Hot Demon Hard;8,70;1;8,70;4,48;23;1;8,70;;8,35;8,18;8,00;7,83;7,66;7,48;7,31;7,13;6,96;6,53
74305;847;Boilie STARBAITS Hot Demon Hard;8,70;1;8,70;4,28;23;1;8,70;;8,35;8,18;8,00;7,83;7,66;7,48;7,31;7,13;6,96;6,53
92348;;Šiltovka DELPHIN OutLine Carp Trucker;11,96;1;11,96;6,46;23;1;10,17;25;10,17;10,17;10,17;10,17;10,17;10,17;10,05;9,81;9,57;8,97
100254;;Taška CARP CARE na bižutériu;20,39;1;20,39;12,44;23;1;20,39;;19,57;19,17;18,76;18,35;17,94;17,54;17,13;16,72;16,31;15,29
30427;848;Wolfrámové lanko ROBINSON Super Strong s obratlíkom a karabínkou;1,54;1;1,54;0,72;23;1;1,54;;1,48;1,45;1,42;1,39;1,36;1,32;1,29;1,26;1,23;1,16
30428;848;Wolfrámové lanko ROBINSON Super Strong s obratlíkom a karabínkou;1,94;1;1,94;0,89;23;1;1,94;;1,86;1,82;1,78;1,75;1,71;1,67;1,63;1,59;1,55;1,46
30431;848;Wolfrámové lanko ROBINSON Super Strong s obratlíkom a karabínkou;2,04;1;2,04;1,04;23;1;2,04;;1,96;1,92;1,88;1,84;1,80;1,75;1,71;1,67;1,63;1,53
30432;848;Wolfrámové lanko ROBINSON Super Strong s obratlíkom a karabínkou;1,60;1;1,60;0,97;23;1;1,60;;1,54;1,50;1,47;1,44;1,41;1,38;1,34;1,31;1,28;1,20
30433;848;Wolfrámové lanko ROBINSON Super Strong s obratlíkom a karabínkou;1,89;1;1,89;0,89;23;1;1,89;;1,81;1,78;1,74;1,70;1,66;1,63;1,59;1,55;1,51;1,42
30434;848;Wolfrámové lanko ROBINSON Super Strong s obratlíkom a karabínkou;2,25;1;2,25;1,21;23;1;2,25;;2,16;2,12;2,07;2,03;1,98;1,94;1,89;1,85;1,80;1,69
30437;848;Wolfrámové lanko ROBINSON Super Strong s obratlíkom a karabínkou;2,24;1;2,24;1,38;23;1;2,24;;2,15;2,11;2,06;2,02;1,97;1,93;1,88;1,84;1,79;1,68
65784;;Sonar LOWRANCE HDS-9 Pro ROW+ ActiveImaging™ HD sonda 3v1;2335,77;1;2335,77;1863,94;23;1;2335,77;4;2242,34;2242,34;2242,34;2242,34;2242,34;2242,34;2242,34;2242,34;2242,34;2242,34
55474;849;Pelety MIVARDI Easy Catch Jahoda;4,29;1;4,29;2,12;23;1;3,86;10;3,86;3,86;3,86;3,86;3,86;3,86;3,86;3,86;3,86;3,86
55475;849;Pelety MIVARDI Easy Catch Jahoda;4,29;1;4,29;2,12;23;1;3,86;10;3,86;3,86;3,86;3,86;3,86;3,86;3,86;3,86;3,86;3,86
82602;;Marker FOX Marker Exocet Float Only;8,19;1;8,19;3,72;23;1;8,19;;7,86;7,70;7,53;7,37;7,21;7,04;6,88;6,72;6,55;6,14
40911;850;Púzdro GIANTS FISHING Rod Holdall Deluxe 2 Rod;59,53;1;59,53;31,45;23;1;59,53;;57,15;55,96;54,77;53,58;52,39;51,20;50,01;48,81;47,62;44,65
41623;850;Púzdro GIANTS FISHING Rod Holdall Deluxe 2 Rod;63,50;1;63,50;33,54;23;1;63,50;;60,96;59,69;58,42;57,15;55,88;54,61;53,34;52,07;50,80;47,63
74447;;Dip STARBAITS Red Liver Attractor;12,30;1;12,30;6,25;23;1;12,30;;11,81;11,56;11,32;11,07;10,82;10,58;10,33;10,09;9,84;9,23
89965;;Náhradná cievka pre navijak DELPHIN MonoDrag;13,95;1;13,95;7,26;23;1;11,86;25;11,86;11,86;11,86;11,86;11,86;11,86;11,72;11,44;11,16;10,46
74526;;Puzdro GUNKI Neopren Wrap Power Game;20,50;1;20,50;9,93;23;1;20,50;;19,68;19,27;18,86;18,45;18,04;17,63;17,22;16,81;16,40;15,38
92382;;Obratlíky DELPHIN BlackSwivel BB, 120 kg, 5 ks;2,60;1;2,60;1,47;23;1;2,21;25;2,21;2,21;2,21;2,21;2,21;2,21;2,18;2,13;2,08;1,95
55557;;Sada 3 svietiacich swingrov MIVARDI Swing Arm MCX 88;64,56;1;64,56;31,55;23;1;58,10;10;58,10;58,10;58,10;58,10;58,10;58,10;58,10;58,10;58,10;58,10
40994;;Podberák GIANTS FISHING Deluxe Landing Net Rubber;61,83;1;61,83;31,45;23;1;61,83;;59,36;58,12;56,88;55,65;54,41;53,17;51,94;50,70;49,46;46,37
74550;;Stojan STARBAITS Barooda Pod 4 Rods;84,96;1;84,96;42,85;23;1;84,96;;81,56;79,86;78,16;76,46;74,76;73,07;71,37;69,67;67,97;63,72
92398;851;Absorbčná guma DELPHIN Reaxe PowaGum Absorber;2,40;1;2,40;1,24;23;1;2,04;25;2,04;2,04;2,04;2,04;2,04;2,04;2,02;1,97;1,92;1,80
92400;851;Absorbčná guma DELPHIN Reaxe PowaGum Absorber;2,40;1;2,40;1,24;23;1;2,04;25;2,04;2,04;2,04;2,04;2,04;2,04;2,02;1,97;1,92;1,80
90091;;Držiak DELPHIN Feeder Atoma NetStick;12,95;1;12,95;6,72;23;1;11,01;25;11,01;11,01;11,01;11,01;11,01;11,01;10,88;10,62;10,36;9,71
55585;;Lehátko MIVARDI Comfort XL6;129,99;1;129,99;67,31;23;1;116,99;10;116,99;116,99;116,99;116,99;116,99;116,99;116,99;116,99;116,99;116,99
82755;852;Prút FOX X3 Full Cork;153,74;1;153,74;77,50;23;1;153,74;;147,59;144,52;141,44;138,37;135,29;132,22;129,14;126,07;122,99;115,31
104001;;Nožnice SENSAS;4,60;1;4,60;2,08;23;1;4,60;;4,42;4,32;4,23;4,14;4,05;3,96;3,86;3,77;3,68;3,45
92416;853;Prút DELPHIN GraphiX IT 24T;38,95;1;38,95;19,86;23;1;33,11;25;33,11;33,11;33,11;33,11;33,11;33,11;32,72;31,94;31,16;29,21
92417;853;Prút DELPHIN GraphiX IT 24T;40,95;1;40,95;20,93;23;1;34,81;25;34,81;34,81;34,81;34,81;34,81;34,81;34,40;33,58;32,76;30,71
92418;853;Prút DELPHIN GraphiX IT 24T;45,95;1;45,95;23,63;23;1;39,06;25;39,06;39,06;39,06;39,06;39,06;39,06;38,60;37,68;36,76;34,46
100373;854;Dip CAT CARE Catfish, 100 ml;8,00;1;8,00;4,24;23;1;8,00;;7,68;7,52;7,36;7,20;7,04;6,88;6,72;6,56;6,40;6,00
100374;854;Dip CAT CARE Catfish, 100 ml;8,00;1;8,00;4,24;23;1;8,00;;7,68;7,52;7,36;7,20;7,04;6,88;6,72;6,56;6,40;6,00
100375;854;Dip CAT CARE Catfish, 100 ml;8,00;1;8,00;4,24;23;1;8,00;;7,68;7,52;7,36;7,20;7,04;6,88;6,72;6,56;6,40;6,00
65868;855;Prút SPORTEX Impressive Carp;450,95;1;450,95;360,76;23;1;450,95;;432,91;423,89;414,87;405,86;396,84;387,82;378,80;369,78;360,76;338,21
65869;855;Prút SPORTEX Impressive Carp;461,20;1;461,20;368,96;23;1;461,20;;442,75;433,53;424,30;415,08;405,86;396,63;387,41;378,18;368,96;345,90
55653;856;Vlasec MIVARDI Lumix Mainline 600m;11,99;1;11,99;6,09;23;1;10,79;10;10,79;10,79;10,79;10,79;10,79;10,79;10,79;10,79;10,79;10,79
55654;856;Vlasec MIVARDI Lumix Mainline 600m;12,99;1;12,99;6,09;23;1;11,69;10;11,69;11,69;11,69;11,69;11,69;11,69;11,69;11,69;11,69;11,69
55655;856;Vlasec MIVARDI Lumix Mainline 600m;12,99;1;12,99;6,09;23;1;11,69;10;11,69;11,69;11,69;11,69;11,69;11,69;11,69;11,69;11,69;11,69
55656;856;Vlasec MIVARDI Lumix Mainline 600m;13,99;1;13,99;6,52;23;1;12,59;10;12,59;12,59;12,59;12,59;12,59;12,59;12,59;12,59;12,59;12,59
55657;856;Vlasec MIVARDI Lumix Mainline 600m;15,99;1;15,99;7,39;23;1;14,39;10;14,39;14,39;14,39;14,39;14,39;14,39;14,39;14,39;14,39;14,39
82871;;Stojan FOX Horizon Duo Camo 3 Rod Pod;259,99;1;259,99;140,11;23;1;259,99;;249,59;244,39;239,19;233,99;228,79;223,59;218,39;213,19;207,99;194,99
30888;;Prevleky KORDA Basix Anti Tanle Sleeves;3,06;1;3,06;1,66;23;1;3,06;;2,94;2,88;2,82;2,75;2,69;2,63;2,57;2,51;2,45;2,30
41443;;Prepravná taška GIANTS FISHING pre kreslá Luxury XS / Gaube XT;25,77;1;25,77;13,11;23;1;25,77;;24,74;24,22;23,71;23,19;22,68;22,16;21,65;21,13;20,62;19,33
74646;;Podberáková hlava SENSAS Fisherie Carpe;8,00;1;8,00;3,82;23;1;8,00;;7,68;7,52;7,36;7,20;7,04;6,88;6,72;6,56;6,40;6,00
92451;;Puzdro DELPHIN IndIQ Space C2G na swingre;18,50;1;18,50;10,46;23;1;15,73;25;15,73;15,73;15,73;15,73;15,73;15,73;15,54;15,17;14,80;13,88
30960;;Vankúš GABY Zubáč Gigant;27,16;1;27,16;19,48;23;1;27,16;10;26,07;25,53;24,99;24,44;24,44;24,44;24,44;24,44;24,44;24,44
55705;;Zarážky MIVARDI pellet Holders Lagre Brown;2,04;1;2,04;0,91;23;1;1,84;10;1,84;1,84;1,84;1,84;1,84;1,84;1,84;1,84;1,84;1,84
83080;;Kreslo FOX Super Deluxe Recliner Highback Chair;309,98;1;309,98;167,05;23;1;309,98;;297,58;291,38;285,18;278,98;272,78;266,58;260,38;254,18;247,98;232,49
31064;;Vankúš GABY Sumec;29,90;1;29,90;23,25;23;1;29,90;10;28,70;28,11;27,51;26,91;26,91;26,91;26,91;26,91;26,91;26,91
65914;;Kajak FEEL FREE Big Fish 108 Profish Drive, 335 cm, Green Flash;2499,00;1;2499,00;2099,15;23;1;2499,00;;2399,04;2349,06;2299,08;2249,10;2199,12;2149,14;2099,16;2049,18;1999,20;1874,25
90158;;Krúžky DELPHIN The End Round Ring;2,90;1;2,90;0,91;23;1;2,47;25;2,47;2,47;2,47;2,47;2,47;2,47;2,44;2,38;2,32;2,18
112372;;Podsedák STARKBOAT s úložným priestorom, 75 cm, šedý;40,00;1;40,00;31,98;23;1;40,00;10;38,40;37,60;36,80;36,00;36,00;36,00;36,00;36,00;36,00;36,00
55787;;Púzdro MIVARDI Swing Arm MCX;12,29;1;12,29;6,01;23;1;11,06;10;11,06;11,06;11,06;11,06;11,06;11,06;11,06;11,06;11,06;11,06
83164;;Skladacia skrinka FOX Session Storage;133,25;1;133,25;67,16;23;1;133,25;;127,92;125,26;122,59;119,93;117,26;114,60;111,93;109,27;106,60;99,94
97128;857;Nástraha KEITECH Swing Impact Fat 5,8 inch/ 14,73cm, bal. 4ks;8,90;1;;;23;1;;;8,54;8,37;8,19;8,01;7,83;7,65;7,48;7,30;7,12;6,68
41475;;Podberák GIANTS FISHING Deluxe Landing Net Rubber X-Large;63,50;1;63,50;33,54;23;1;63,50;;60,96;59,69;58,42;57,15;55,88;54,61;53,34;52,07;50,80;47,63
74776;;"Kopyto ILLEX Magic Slim Shad 3"" 6,5 cm, Magic Wakasagi";1,33;1;1,33;0,62;23;1;1,33;;1,28;1,25;1,22;1,20;1,17;1,14;1,12;1,09;1,06;1,00
92484;;Navijak DELPHIN Nerox 4.5T SH 4500;66,95;1;66,95;34,92;23;1;56,91;25;56,91;56,91;56,91;56,91;56,91;56,91;56,24;54,90;53,56;50,21
100498;;Pelety METHOD FEEDER FANS Premium Pellet Mix;6,49;1;6,49;3,16;23;1;6,49;;6,23;6,10;5,97;5,84;5,71;5,58;5,45;5,32;5,19;4,87
90185;;Taška DELPHIN Area CarryAll L Carpath;45,95;1;45,95;24,59;23;1;39,06;25;39,06;39,06;39,06;39,06;39,06;39,06;38,60;37,68;36,76;34,46
112388;858;Ochranný pás STARKBOAT;6,49;1;6,49;5,19;23;1;6,49;10;6,23;6,10;5,97;5,84;5,84;5,84;5,84;5,84;5,84;5,84
112389;858;Ochranný pás STARKBOAT;7,00;1;7,00;5,60;23;1;7,00;10;6,72;6,58;6,44;6,30;6,30;6,30;6,30;6,30;6,30;6,30
55831;;Termo prehoz MIVARDI New Dynasty na lehátko;60,47;1;60,47;30,47;23;1;54,42;10;54,42;54,42;54,42;54,42;54,42;54,42;54,42;54,42;54,42;54,42
97183;859;Nástraha KEITECH Salty Core Tube 4,25 inch/ 10,79cm, bal. 6ks;6,86;1;6,86;3,64;23;1;6,86;;6,59;6,45;6,31;6,17;6,04;5,90;5,76;5,63;5,49;5,15
97184;859;Nástraha KEITECH Salty Core Tube 4,25 inch/ 10,79cm, bal. 6ks;6,86;1;6,86;5,27;23;1;6,86;;6,59;6,45;6,31;6,17;6,04;5,90;5,76;5,63;5,49;5,15
97185;859;Nástraha KEITECH Salty Core Tube 4,25 inch/ 10,79cm, bal. 6ks;6,86;1;6,86;3,64;23;1;6,86;;6,59;6,45;6,31;6,17;6,04;5,90;5,76;5,63;5,49;5,15
104119;;Method mix STARBAITS Grab&Go Global Pineapple (ananás);7,29;1;7,29;3,59;23;1;7,29;;7,00;6,85;6,71;6,56;6,42;6,27;6,12;5,98;5,83;5,47
41494;;SET = Sada riadov GIANTS FISHING 3 Piece Pan & Kettle set + nerezový thermo hrnček;47,60;1;47,60;23,05;23;1;47,60;;45,70;44,74;43,79;42,84;41,89;40,94;39,98;39,03;38,08;35,70
103897;860;Nástraha GUNKI Bumpy 9 cm/ 6,6 g;1,25;1;1,25;0,63;23;1;1,25;;1,20;1,18;1,15;1,13;1,10;1,08;1,05;1,03;1,00;0,94
103899;860;Nástraha GUNKI Bumpy 9 cm/ 6,6 g;1,23;1;1,23;;23;1;1,23;;1,18;1,16;1,13;1,11;1,08;1,06;1,03;1,01;0,98;0,92
103900;860;Nástraha GUNKI Bumpy 9 cm/ 6,6 g;1,25;1;1,25;0,53;23;1;1,25;;1,20;1,18;1,15;1,13;1,10;1,08;1,05;1,03;1,00;0,94
103901;860;Nástraha GUNKI Bumpy 9 cm/ 6,6 g;1,00;1;1,00;0,53;23;1;1,00;;0,96;0,94;0,92;0,90;0,88;0,86;0,84;0,82;0,80;0,75
103902;860;Nástraha GUNKI Bumpy 9 cm/ 6,6 g;1,25;1;1,25;0,59;23;1;1,25;;1,20;1,18;1,15;1,13;1,10;1,08;1,05;1,03;1,00;0,94
74802;860;Nástraha GUNKI Bumpy 9 cm/ 6,6 g;1,40;1;1,40;;23;1;1,40;;1,34;1,32;1,29;1,26;1,23;1,20;1,18;1,15;1,12;1,05
74803;860;Nástraha GUNKI Bumpy 9 cm/ 6,6 g;1,40;1;1,40;0,58;23;1;1,40;;1,34;1,32;1,29;1,26;1,23;1,20;1,18;1,15;1,12;1,05
74804;860;Nástraha GUNKI Bumpy 9 cm/ 6,6 g;1,25;1;1,25;0,52;23;1;1,25;;1,20;1,18;1,15;1,13;1,10;1,08;1,05;1,03;1,00;0,94
74805;860;Nástraha GUNKI Bumpy 9 cm/ 6,6 g;1,25;1;1,25;0,51;23;1;1,25;;1,20;1,18;1,15;1,13;1,10;1,08;1,05;1,03;1,00;0,94
31321;861;Háčiky ROBINSON Titanium Limerick 288 DB;1,54;1;1,54;0,85;23;1;1,54;;1,48;1,45;1,42;1,39;1,36;1,32;1,29;1,26;1,23;1,16
31322;861;Háčiky ROBINSON Titanium Limerick 288 DB;1,54;1;1,54;0,79;23;1;1,54;;1,48;1,45;1,42;1,39;1,36;1,32;1,29;1,26;1,23;1,16
31323;861;Háčiky ROBINSON Titanium Limerick 288 DB;1,54;1;1,54;0,85;23;1;1,54;;1,48;1,45;1,42;1,39;1,36;1,32;1,29;1,26;1,23;1,16
31324;861;Háčiky ROBINSON Titanium Limerick 288 DB;1,50;1;1,50;0,71;23;1;1,54;;1,44;1,41;1,38;1,35;1,32;1,29;1,26;1,23;1,20;1,13
65946;862;Termo overal GEOFF Anderson WizWool 210, šedý;215,25;1;215,25;146,37;23;1;215,25;;206,64;202,34;198,03;193,73;189,42;185,12;180,81;176,51;172,20;161,44
65947;862;Termo overal GEOFF Anderson WizWool 210, šedý;215,25;1;215,25;146,37;23;1;215,25;;206,64;202,34;198,03;193,73;189,42;185,12;180,81;176,51;172,20;161,44
65948;862;Termo overal GEOFF Anderson WizWool 210, šedý;215,25;1;215,25;146,37;23;1;215,25;;206,64;202,34;198,03;193,73;189,42;185,12;180,81;176,51;172,20;161,44
65949;862;Termo overal GEOFF Anderson WizWool 210, šedý;215,25;1;215,25;146,37;23;1;215,25;;206,64;202,34;198,03;193,73;189,42;185,12;180,81;176,51;172,20;161,44
65950;862;Termo overal GEOFF Anderson WizWool 210, šedý;215,25;1;215,25;146,37;23;1;215,25;;206,64;202,34;198,03;193,73;189,42;185,12;180,81;176,51;172,20;161,44
65951;862;Termo overal GEOFF Anderson WizWool 210, šedý;215,25;1;215,25;146,37;23;1;215,25;;206,64;202,34;198,03;193,73;189,42;185,12;180,81;176,51;172,20;161,44
90214;863;Puzdro DELPHIN Hazard;65,95;1;65,95;22,84;23;1;56,06;25;56,06;56,06;56,06;56,06;56,06;56,06;55,40;54,08;52,76;49,46
90215;863;Puzdro DELPHIN Hazard;64,94;1;64,94;36,90;23;1;55,20;25;55,20;55,20;55,20;55,20;55,20;55,20;54,55;53,25;51,95;48,71
112404;;Nafukovací vodný bicykel STARKBOAT SWC09;2041,80;1;2041,80;1633,44;23;1;2041,80;10;1960,13;1919,29;1878,46;1837,62;1837,62;1837,62;1837,62;1837,62;1837,62;1837,62
55876;;Lopatka MIVARDI Bait Spoon Large;4,08;1;4,08;2,00;23;1;3,67;10;3,67;3,67;3,67;3,67;3,67;3,67;3,67;3,67;3,67;3,67
83271;864;Háčiky FOX Edges Wide Gape Beaked;4,29;1;4,29;1,94;23;1;4,29;;4,12;4,03;3,95;3,86;3,78;3,69;3,60;3,52;3,43;3,22
83381;864;Háčiky FOX Edges Wide Gape Beaked;4,29;1;4,29;1,94;23;1;4,29;;4,12;4,03;3,95;3,86;3,78;3,69;3,60;3,52;3,43;3,22
97488;;Nástraha KEITECH Easy Shiner 5 inch/ 12,7cm, bal. 5ks;7,69;1;7,69;4,76;23;1;7,69;;7,38;7,23;7,07;6,92;6,77;6,61;6,46;6,31;6,15;5,77
104137;;Návlek na prst Finger Cast Deluxe;6,30;1;6,30;3,00;23;1;6,30;;6,05;5,92;5,80;5,67;5,54;5,42;5,29;5,17;5,04;4,73
74813;;Krmivo SENSAS 3000 Feeder River;5,30;1;5,30;2,74;23;1;5,30;;5,09;4,98;4,88;4,77;4,66;4,56;4,45;4,35;4,24;3,98
55965;;Pelety MIVARDI Rapid Classic Red Halibut;31,00;1;31,00;17,29;23;1;27,90;10;27,90;27,90;27,90;27,90;27,90;27,90;27,90;27,90;27,90;27,90
83338;;Chladiaca taška FOX Coolbag Aquos Camolite;119,99;1;119,99;61,99;23;1;119,99;;115,19;112,79;110,39;107,99;105,59;103,19;100,79;98,39;95,99;89,99
97640;865;Oceľové lanko FANATIK Povodok 7x7;1,08;1;1,08;0,74;23;1;0,65;;0,65;0,65;0,65;0,65;0,65;0,65;0,65;0,65;0,65;0,65
97641;865;Oceľové lanko FANATIK Povodok 7x7;1,08;1;1,08;0,74;23;1;0,65;;0,65;0,65;0,65;0,65;0,65;0,65;0,65;0,65;0,65;0,65
41565;866;Náhradná pančucha GIANTS FISHING PVA Micromesh Refill;6,95;1;6,95;3,38;23;1;6,95;;6,67;6,53;6,39;6,26;6,12;5,98;5,84;5,70;5,56;5,21
41566;866;Náhradná pančucha GIANTS FISHING PVA Micromesh Refill;7,11;1;7,11;3,59;23;1;7,11;;6,83;6,68;6,54;6,40;6,26;6,11;5,97;5,83;5,69;5,33
31429;;Muškárska krabička ROBINSON MU 006;9,07;1;9,07;6,32;23;1;9,07;;8,71;8,53;8,34;8,16;7,98;7,80;7,62;7,44;7,26;6,80
12248;;Drtič KORDA Krusha Large 120;21,51;1;21,51;11,66;23;1;21,51;;20,65;20,22;19,79;19,36;18,93;18,50;18,07;17,64;17,21;16,13
56002;;Batoh MIVARDI Multi Green 30;31,99;1;31,99;16,02;23;1;28,79;10;28,79;28,79;28,79;28,79;28,79;28,79;28,79;28,79;28,79;28,79
83411;867;Jig Strike King Jigheads Belly Blade Tour Grade;5,12;1;5,12;2,38;23;1;5,12;;4,92;4,81;4,71;4,61;4,51;4,40;4,30;4,20;4,10;3,84
83412;867;Jig Strike King Jigheads Belly Blade Tour Grade;5,12;1;5,12;2,38;23;1;5,12;;4,92;4,81;4,71;4,61;4,51;4,40;4,30;4,20;4,10;3,84
83413;867;Jig Strike King Jigheads Belly Blade Tour Grade;5,12;1;5,12;2,38;23;1;5,12;;4,92;4,81;4,71;4,61;4,51;4,40;4,30;4,20;4,10;3,84
83414;867;Jig Strike King Jigheads Belly Blade Tour Grade;5,12;1;5,12;2,38;23;1;5,12;;4,92;4,81;4,71;4,61;4,51;4,40;4,30;4,20;4,10;3,84
4159;;Korda Kontainer system 17L;46,11;1;46,11;24,99;23;1;46,11;;44,27;43,34;42,42;41,50;40,58;39,65;38,73;37,81;36,89;34,58
12758;;Krmivo SENSAS séria 3000 Ready;8,50;1;8,50;4,00;23;1;8,50;;8,16;7,99;7,82;7,65;7,48;7,31;7,14;6,97;6,80;6,38
83446;868;Kopyto FOX Rage Zander Pro Shads Ultra UV, Salt & Pepper;1,60;1;1,60;0,72;23;1;1,60;;1,54;1,50;1,47;1,44;1,41;1,38;1,34;1,31;1,28;1,20
83447;868;Kopyto FOX Rage Zander Pro Shads Ultra UV, Salt & Pepper;1,21;1;1,21;0,54;23;1;1,21;;1,16;1,14;1,11;1,09;1,06;1,04;1,02;0,99;0,97;0,91
83448;868;Kopyto FOX Rage Zander Pro Shads Ultra UV, Salt & Pepper;1,00;1;1,00;0,50;23;1;1,00;;0,96;0,94;0,92;0,90;0,88;0,86;0,84;0,82;0,80;0,75
83481;868;Kopyto FOX Rage Zander Pro Shads Ultra UV, Salt & Pepper;2,00;1;2,00;0,90;23;1;2,00;;1,92;1,88;1,84;1,80;1,76;1,72;1,68;1,64;1,60;1,50
104197;;Vobler ILLEX Deep Diving Chubby 3,8 cm;23,06;1;23,06;11,36;23;1;23,06;;22,14;21,68;21,22;20,75;20,29;19,83;19,37;18,91;18,45;17,30
74919;;Kliešte GUNKI Sleeve/ Cutting 12,7cm;12,95;1;12,95;5,56;23;1;12,95;;12,43;12,17;11,91;11,66;11,40;11,14;10,88;10,62;10,36;9,71
92567;869;Nepremokavé pončo DELPHIN Proof Poncho;18,50;1;18,50;9,41;23;1;15,73;25;15,73;15,73;15,73;15,73;15,73;15,73;15,54;15,17;14,80;13,88
92568;869;Nepremokavé pončo DELPHIN Proof Poncho;18,50;1;18,50;9,95;23;1;15,73;25;15,73;15,73;15,73;15,73;15,73;15,73;15,54;15,17;14,80;13,88
100589;;Chytacie boilie CARP FANS Vanilla Nuts v dipe;8,19;1;8,19;5,29;23;1;8,19;;7,86;7,70;7,53;7,37;7,21;7,04;6,88;6,72;6,55;6,14
66186;870;Krmítko CARPZOOM Method Feeder XL;3,23;1;3,23;2,09;23;1;3,23;;3,10;3,04;2,97;2,91;2,84;2,78;2,71;2,65;2,58;2,42
66188;870;Krmítko CARPZOOM Method Feeder XL;3,90;1;3,90;2,10;23;1;3,90;;3,74;3,67;3,59;3,51;3,43;3,35;3,28;3,20;3,12;2,93
90364;871;Systém DELPHIN BOMB! Twisto MultiTrap;4,90;1;4,90;2,53;23;1;4,17;25;4,17;4,17;4,17;4,17;4,17;4,17;4,12;4,02;3,92;3,68
90366;871;Systém DELPHIN BOMB! Twisto MultiTrap;5,50;1;5,50;2,66;23;1;4,68;25;4,68;4,68;4,68;4,68;4,68;4,68;4,62;4,51;4,40;4,13
90367;871;Systém DELPHIN BOMB! Twisto MultiTrap;5,95;1;5,95;3,20;23;1;5,06;25;5,06;5,06;5,06;5,06;5,06;5,06;5,00;4,88;4,76;4,46
13046;872;Trakčný gélový akumulátor Banner;306,48;1;306,48;206,40;23;1;306,48;;294,22;288,09;281,96;275,83;269,70;263,57;257,44;251,31;245,18;229,86
13395;872;Trakčný gélový akumulátor Banner;394,62;1;394,62;289,20;23;1;394,62;;378,84;370,94;363,05;355,16;347,27;339,37;331,48;323,59;315,70;295,97
104218;;Krabička ILLEX Tackle Box 161 HC;5,60;1;5,60;2,68;23;1;5,60;;5,38;5,26;5,15;5,04;4,93;4,82;4,70;4,59;4,48;4,20
74956;873;Boilie STARBAITS Ocean Tuna, 800 g;14,30;1;14,30;6,84;23;1;14,30;;13,73;13,44;13,16;12,87;12,58;12,30;12,01;11,73;11,44;10,73
74957;873;Boilie STARBAITS Ocean Tuna, 800 g;14,30;1;14,30;6,84;23;1;14,30;;13,73;13,44;13,16;12,87;12,58;12,30;12,01;11,73;11,44;10,73
31994;;Sada 2 signalizátorov CARPEX Rapid s príposluchom;87,02;1;87,02;37,10;23;1;87,02;;83,54;81,80;80,06;78,32;76,58;74,84;73,10;71,36;69,62;65,27
13377;;Opravná sada na lepenie člnov;8,50;1;8,50;6,00;23;1;8,50;10;8,16;7,99;7,82;7,65;7,65;7,65;7,65;7,65;7,65;7,65
83520;874;Nástraha FOX Slick Finesse, UV Orange Chartreuse;1,40;1;1,40;0,54;23;1;1,40;;1,34;1,32;1,29;1,26;1,23;1,20;1,18;1,15;1,12;1,05
83523;874;Nástraha FOX Slick Finesse, UV Orange Chartreuse;1,80;1;1,80;0,72;23;1;1,80;;1,73;1,69;1,66;1,62;1,58;1,55;1,51;1,48;1,44;1,35
83526;874;Nástraha FOX Slick Finesse, UV Orange Chartreuse;2,20;1;2,20;0,88;23;1;2,20;;2,11;2,07;2,02;1,98;1,94;1,89;1,85;1,80;1,76;1,65
83529;874;Nástraha FOX Slick Finesse, UV Orange Chartreuse;3,20;1;3,20;1,26;23;1;3,20;;3,07;3,01;2,94;2,88;2,82;2,75;2,69;2,62;2,56;2,40
99504;;Elektromotor HASWING 55lb 12V;246,96;1;246,96;175,00;23;1;239,95;10;237,08;232,14;227,20;222,26;222,26;222,26;222,26;222,26;222,26;222,26
104236;;Nepremokavá taška ILLEX Safe Slim Bag L Yellow;18,99;1;18,99;9,62;23;1;18,99;;18,23;17,85;17,47;17,09;16,71;16,33;15,95;15,57;15,19;14,24
41698;;Púzdro GIANTS FISHING Lead Bag Medium;12,67;1;12,67;6,44;23;1;12,67;;12,16;11,91;11,66;11,40;11,15;10,90;10,64;10,39;10,14;9,50
74983;;Navijak GUNKI Chooten Cut FV 2500;139,95;1;139,95;76,45;23;1;139,95;;134,35;131,55;128,75;125,96;123,16;120,36;117,56;114,76;111,96;104,96
92609;875;Bunda DELPHIN WinTrek;56,95;1;56,95;34,34;23;1;48,41;25;48,41;48,41;48,41;48,41;48,41;48,41;47,84;46,70;45,56;42,71
92610;875;Bunda DELPHIN WinTrek;56,95;1;56,95;34,34;23;1;48,41;25;48,41;48,41;48,41;48,41;48,41;48,41;47,84;46,70;45,56;42,71
92611;875;Bunda DELPHIN WinTrek;56,95;1;56,95;34,34;23;1;48,41;25;48,41;48,41;48,41;48,41;48,41;48,41;47,84;46,70;45,56;42,71
92612;875;Bunda DELPHIN WinTrek;56,95;1;56,95;34,34;23;1;48,41;25;48,41;48,41;48,41;48,41;48,41;48,41;47,84;46,70;45,56;42,71
92613;875;Bunda DELPHIN WinTrek;56,95;1;56,95;34,34;23;1;48,41;25;48,41;48,41;48,41;48,41;48,41;48,41;47,84;46,70;45,56;42,71
92614;875;Bunda DELPHIN WinTrek;56,95;1;56,95;34,34;23;1;48,41;25;48,41;48,41;48,41;48,41;48,41;48,41;47,84;46,70;45,56;42,71
90417;;H-bójka DELPHIN HotPoint;7,95;1;7,95;4,28;23;1;6,76;25;6,76;6,76;6,76;6,76;6,76;6,76;6,68;6,52;6,36;5,96
13450;876;Plavák EXPERT balzový;3,95;1;3,95;2,41;23;1;3,95;;3,79;3,71;3,63;3,56;3,48;3,40;3,32;3,24;3,16;2,96
13452;876;Plavák EXPERT balzový;4,39;1;4,39;2,67;23;1;4,39;;4,21;4,13;4,04;3,95;3,86;3,78;3,69;3,60;3,51;3,29
65488;876;Plavák EXPERT balzový;3,97;1;3,97;2,41;23;1;3,97;;3,81;3,73;3,65;3,57;3,49;3,41;3,33;3,26;3,18;2,98
83534;877;Nástraha FOX Rage Zander Pro Shads Ultra UV, Blue Guts;1,00;1;1,00;0,41;23;1;1,00;;0,96;0,94;0,92;0,90;0,88;0,86;0,84;0,82;0,80;0,75
83537;877;Nástraha FOX Rage Zander Pro Shads Ultra UV, Blue Guts;1,21;1;1,21;0,49;23;1;1,21;;1,16;1,14;1,11;1,09;1,06;1,04;1,02;0,99;0,97;0,91
83540;877;Nástraha FOX Rage Zander Pro Shads Ultra UV, Blue Guts;1,60;1;1,60;0,72;23;1;1,60;;1,54;1,50;1,47;1,44;1,41;1,38;1,34;1,31;1,28;1,20
83543;877;Nástraha FOX Rage Zander Pro Shads Ultra UV, Blue Guts;2,00;1;2,00;0,85;23;1;2,00;;1,92;1,88;1,84;1,80;1,76;1,72;1,68;1,64;1,60;1,50
99546;;Elektromotor HASWING Protruar 5.0HP, 160 lb, 24V;841,53;1;841,53;574,58;23;1;841,53;10;807,87;791,04;774,21;757,38;757,38;757,38;757,38;757,38;757,38;757,38
104252;878;Prút STARBAITS Sniper;64,94;1;64,94;29,33;23;1;64,94;;62,34;61,04;59,74;58,45;57,15;55,85;54,55;53,25;51,95;48,71
104253;878;Prút STARBAITS Sniper;72,95;1;72,95;31,84;23;1;72,95;;70,03;68,57;67,11;65,66;64,20;62,74;61,28;59,82;58,36;54,71
75028;879;Jig KAMATSU Extra;0,62;1;0,62;0,35;23;1;0,62;;0,60;0,58;0,57;0,56;0,55;0,53;0,52;0,51;0,50;0,47
75029;879;Jig KAMATSU Extra;0,65;1;0,65;0,36;23;1;0,65;;0,62;0,61;0,60;0,59;0,57;0,56;0,55;0,53;0,52;0,49
75061;879;Jig KAMATSU Extra;0,54;1;0,54;0,31;23;1;0,54;;0,52;0,51;0,50;0,49;0,48;0,46;0,45;0,44;0,43;0,41
75062;879;Jig KAMATSU Extra;0,58;1;0,58;0,33;23;1;0,58;;0,56;0,55;0,53;0,52;0,51;0,50;0,49;0,48;0,46;0,44
75063;879;Jig KAMATSU Extra;0,75;1;0,75;0,38;23;1;0,75;;0,72;0,71;0,69;0,68;0,66;0,65;0,63;0,62;0,60;0,56
75064;879;Jig KAMATSU Extra;0,73;1;0,73;0,42;23;1;0,73;;0,70;0,69;0,67;0,66;0,64;0,63;0,61;0,60;0,58;0,55
75065;879;Jig KAMATSU Extra;0,74;1;0,74;0,43;23;1;0,74;;0,71;0,70;0,68;0,67;0,65;0,64;0,62;0,61;0,59;0,56
75066;879;Jig KAMATSU Extra;0,84;1;0,84;0,47;23;1;0,84;;0,81;0,79;0,77;0,76;0,74;0,72;0,71;0,69;0,67;0,63
75068;879;Jig KAMATSU Extra;0,81;1;0,81;0,55;23;1;0,81;;0,78;0,76;0,75;0,73;0,71;0,70;0,68;0,66;0,65;0,61
75069;879;Jig KAMATSU Extra;0,62;1;0,62;0,34;23;1;0,62;;0,60;0,58;0,57;0,56;0,55;0,53;0,52;0,51;0,50;0,47
75070;879;Jig KAMATSU Extra;0,65;1;0,65;0,36;23;1;0,65;;0,62;0,61;0,60;0,59;0,57;0,56;0,55;0,53;0,52;0,49
75071;879;Jig KAMATSU Extra;0,70;1;0,70;0,43;23;1;0,70;;0,67;0,66;0,64;0,63;0,62;0,60;0,59;0,57;0,56;0,53
75072;879;Jig KAMATSU Extra;0,76;1;0,76;0,43;23;1;0,76;;0,73;0,71;0,70;0,68;0,67;0,65;0,64;0,62;0,61;0,57
75073;879;Jig KAMATSU Extra;0,77;1;0,77;0,43;23;1;0,77;;0,74;0,72;0,71;0,69;0,68;0,66;0,65;0,63;0,62;0,58
75074;879;Jig KAMATSU Extra;0,76;1;0,76;0,46;23;1;0,76;;0,73;0,71;0,70;0,68;0,67;0,65;0,64;0,62;0,61;0,57
75075;879;Jig KAMATSU Extra;0,84;1;0,84;0,49;23;1;0,84;;0,81;0,79;0,77;0,76;0,74;0,72;0,71;0,69;0,67;0,63
75076;879;Jig KAMATSU Extra;0,92;1;0,92;0,55;23;1;0,92;;0,88;0,86;0,85;0,83;0,81;0,79;0,77;0,75;0,74;0,69
75078;879;Jig KAMATSU Extra;0,71;1;0,71;0,38;23;1;0,71;;0,68;0,67;0,65;0,64;0,62;0,61;0,60;0,58;0,57;0,53
75079;879;Jig KAMATSU Extra;0,77;1;0,77;0,39;23;1;0,77;;0,74;0,72;0,71;0,69;0,68;0,66;0,65;0,63;0,62;0,58
75081;879;Jig KAMATSU Extra;0,80;1;0,80;0,39;23;1;0,80;;0,77;0,75;0,74;0,72;0,70;0,69;0,67;0,66;0,64;0,60
75083;879;Jig KAMATSU Extra;0,82;1;0,82;0,47;23;1;0,82;;0,79;0,77;0,75;0,74;0,72;0,71;0,69;0,67;0,66;0,62
75084;879;Jig KAMATSU Extra;0,90;1;0,90;0,51;23;1;0,90;;0,86;0,85;0,83;0,81;0,79;0,77;0,76;0,74;0,72;0,68
75086;879;Jig KAMATSU Extra;0,89;1;0,89;0,63;23;1;0,89;;0,85;0,84;0,82;0,80;0,78;0,77;0,75;0,73;0,71;0,67
75087;879;Jig KAMATSU Extra;0,73;1;0,73;0,39;23;1;0,73;;0,70;0,69;0,67;0,66;0,64;0,63;0,61;0,60;0,58;0,55
75088;879;Jig KAMATSU Extra;0,73;1;0,73;0,41;23;1;0,73;;0,70;0,69;0,67;0,66;0,64;0,63;0,61;0,60;0,58;0,55
75090;879;Jig KAMATSU Extra;0,96;1;0,96;0,56;23;1;0,96;;0,92;0,90;0,88;0,86;0,84;0,83;0,81;0,79;0,77;0,72
75091;879;Jig KAMATSU Extra;1,08;1;1,08;0,56;23;1;1,08;;1,04;1,02;0,99;0,97;0,95;0,93;0,91;0,89;0,86;0,81
75092;879;Jig KAMATSU Extra;0,98;1;0,98;0,68;23;1;0,98;;0,94;0,92;0,90;0,88;0,86;0,84;0,82;0,80;0,78;0,74
75094;879;Jig KAMATSU Extra;1,45;1;1,45;0,71;23;1;1,45;;1,39;1,36;1,33;1,31;1,28;1,25;1,22;1,19;1,16;1,09
75099;879;Jig KAMATSU Extra;0,55;1;0,55;0,28;23;1;0,55;;0,53;0,52;0,51;0,50;0,48;0,47;0,46;0,45;0,44;0,41
75100;879;Jig KAMATSU Extra;0,58;1;0,58;0,32;23;1;0,58;;0,56;0,55;0,53;0,52;0,51;0,50;0,49;0,48;0,46;0,44
75101;879;Jig KAMATSU Extra;0,59;1;0,59;0,33;23;1;0,59;;0,57;0,55;0,54;0,53;0,52;0,51;0,50;0,48;0,47;0,44
75102;879;Jig KAMATSU Extra;0,65;1;0,65;0,36;23;1;0,65;;0,62;0,61;0,60;0,59;0,57;0,56;0,55;0,53;0,52;0,49
75103;879;Jig KAMATSU Extra;0,66;1;0,66;0,36;23;1;0,66;;0,63;0,62;0,61;0,59;0,58;0,57;0,55;0,54;0,53;0,50
75104;879;Jig KAMATSU Extra;0,73;1;0,73;0,37;23;1;0,73;;0,70;0,69;0,67;0,66;0,64;0,63;0,61;0,60;0,58;0,55
75105;879;Jig KAMATSU Extra;0,75;1;0,75;0,42;23;1;0,75;;0,72;0,71;0,69;0,68;0,66;0,65;0,63;0,62;0,60;0,56
75106;879;Jig KAMATSU Extra;0,84;1;0,84;0,47;23;1;0,84;;0,81;0,79;0,77;0,76;0,74;0,72;0,71;0,69;0,67;0,63
75108;879;Jig KAMATSU Extra;0,52;1;0,52;0,26;23;1;0,52;;0,50;0,49;0,48;0,47;0,46;0,45;0,44;0,43;0,42;0,39
75109;879;Jig KAMATSU Extra;0,50;1;0,50;0,27;23;1;0,50;;0,48;0,47;0,46;0,45;0,44;0,43;0,42;0,41;0,40;0,38
75110;879;Jig KAMATSU Extra;0,58;1;0,58;0,29;23;1;0,58;;0,56;0,55;0,53;0,52;0,51;0,50;0,49;0,48;0,46;0,44
75111;879;Jig KAMATSU Extra;0,59;1;0,59;0,31;23;1;0,59;;0,57;0,55;0,54;0,53;0,52;0,51;0,50;0,48;0,47;0,44
75112;879;Jig KAMATSU Extra;0,60;1;0,60;0,32;23;1;0,60;;0,58;0,56;0,55;0,54;0,53;0,52;0,50;0,49;0,48;0,45
75115;879;Jig KAMATSU Extra;0,50;1;0,50;0,25;23;1;0,50;;0,48;0,47;0,46;0,45;0,44;0,43;0,42;0,41;0,40;0,38
75116;879;Jig KAMATSU Extra;0,54;1;0,54;0,27;23;1;0,54;;0,52;0,51;0,50;0,49;0,48;0,46;0,45;0,44;0,43;0,41
75117;879;Jig KAMATSU Extra;0,58;1;0,58;0,28;23;1;0,58;;0,56;0,55;0,53;0,52;0,51;0,50;0,49;0,48;0,46;0,44
75118;879;Jig KAMATSU Extra;0,52;1;0,52;0,30;23;1;0,52;;0,50;0,49;0,48;0,47;0,46;0,45;0,44;0,43;0,42;0,39
75120;879;Jig KAMATSU Extra;0,46;1;0,46;0,26;23;1;0,46;;0,44;0,43;0,42;0,41;0,40;0,40;0,39;0,38;0,37;0,35
75121;879;Jig KAMATSU Extra;0,48;1;0,48;0,26;23;1;0,48;;0,46;0,45;0,44;0,43;0,42;0,41;0,40;0,39;0,38;0,36
75122;879;Jig KAMATSU Extra;0,50;1;0,50;0,27;23;1;0,50;;0,48;0,47;0,46;0,45;0,44;0,43;0,42;0,41;0,40;0,38
75123;879;Jig KAMATSU Extra;0,52;1;0,52;0,27;23;1;0,52;;0,50;0,49;0,48;0,47;0,46;0,45;0,44;0,43;0,42;0,39
75124;879;Jig KAMATSU Extra;0,46;1;0,46;0,24;23;1;0,46;;0,44;0,43;0,42;0,41;0,40;0,40;0,39;0,38;0,37;0,35
75125;879;Jig KAMATSU Extra;0,46;1;0,46;0,23;23;1;0,46;;0,44;0,43;0,42;0,41;0,40;0,40;0,39;0,38;0,37;0,35
75126;879;Jig KAMATSU Extra;0,47;1;0,47;0,27;23;1;0,47;;0,45;0,44;0,43;0,42;0,41;0,40;0,39;0,39;0,38;0,35
75341;879;Jig KAMATSU Extra;0,62;1;0,62;0,34;23;1;0,62;;0,60;0,58;0,57;0,56;0,55;0,53;0,52;0,51;0,50;0,47
75501;879;Jig KAMATSU Extra;0,75;1;0,75;0,51;23;1;0,57;;0,57;0,57;0,57;0,57;0,57;0,57;0,57;0,57;0,57;0,56
92629;880;Termo set DELPHIN Queen 4Love;25,95;1;25,95;13,49;23;1;22,06;25;22,06;22,06;22,06;22,06;22,06;22,06;21,80;21,28;20,76;19,46
92630;880;Termo set DELPHIN Queen 4Love;25,95;1;25,95;13,49;23;1;22,06;25;22,06;22,06;22,06;22,06;22,06;22,06;21,80;21,28;20,76;19,46
92631;880;Termo set DELPHIN Queen 4Love;25,95;1;25,95;13,49;23;1;22,06;25;22,06;22,06;22,06;22,06;22,06;22,06;21,80;21,28;20,76;19,46
92632;880;Termo set DELPHIN Queen 4Love;25,95;1;25,95;13,49;23;1;22,06;25;22,06;22,06;22,06;22,06;22,06;22,06;21,80;21,28;20,76;19,46
92633;880;Termo set DELPHIN Queen 4Love;25,95;1;25,95;13,49;23;1;22,06;25;22,06;22,06;22,06;22,06;22,06;22,06;21,80;21,28;20,76;19,46
92634;880;Termo set DELPHIN Queen 4Love;25,95;1;25,95;13,49;23;1;22,06;25;22,06;22,06;22,06;22,06;22,06;22,06;21,80;21,28;20,76;19,46
33225;881;Boilie MIKBAITS Fluo Pop Up 14 mm, 150 ml;8,00;1;8,00;5,95;23;1;8,00;10;7,68;7,52;7,36;7,20;7,20;7,20;7,20;7,20;7,20;7,20
33226;881;Boilie MIKBAITS Fluo Pop Up 14 mm, 150 ml;8,00;1;8,00;5,95;23;1;8,00;10;7,68;7,52;7,36;7,20;7,20;7,20;7,20;7,20;7,20;7,20
33227;881;Boilie MIKBAITS Fluo Pop Up 14 mm, 150 ml;8,00;1;8,00;5,95;23;1;8,00;10;7,68;7,52;7,36;7,20;7,20;7,20;7,20;7,20;7,20;7,20
33228;881;Boilie MIKBAITS Fluo Pop Up 14 mm, 150 ml;8,00;1;8,00;6,08;23;1;8,00;10;7,68;7,52;7,36;7,20;7,20;7,20;7,20;7,20;7,20;7,20
33231;881;Boilie MIKBAITS Fluo Pop Up 14 mm, 150 ml;8,31;1;8,31;5,95;23;1;8,31;10;7,98;7,81;7,65;7,48;7,48;7,48;7,48;7,48;7,48;7,48
33310;881;Boilie MIKBAITS Fluo Pop Up 14 mm, 150 ml;7,20;1;7,20;5,95;23;1;7,20;10;6,91;6,77;6,62;6,48;6,48;6,48;6,48;6,48;6,48;6,48
33319;881;Boilie MIKBAITS Fluo Pop Up 14 mm, 150 ml;7,38;1;7,38;5,97;23;1;7,38;10;7,08;6,94;6,79;6,64;6,64;6,64;6,64;6,64;6,64;6,64
33325;881;Boilie MIKBAITS Fluo Pop Up 14 mm, 150 ml;8,00;1;8,00;5,97;23;1;8,00;10;7,68;7,52;7,36;7,20;7,20;7,20;7,20;7,20;7,20;7,20
13725AZ;882;Kukurica CUKK dipovaná;3,70;1;3,70;2,66;23;1;3,70;;3,55;3,48;3,40;3,33;3,26;3,18;3,11;3,03;2,96;2,78
13725BA;882;Kukurica CUKK dipovaná;3,70;1;3,70;2,41;23;1;3,70;;3,55;3,48;3,40;3,33;3,26;3,18;3,11;3,03;2,96;2,78
13725CE;882;Kukurica CUKK dipovaná;3,70;1;3,70;2,41;23;1;3,70;;3,55;3,48;3,40;3,33;3,26;3,18;3,11;3,03;2,96;2,78
13725CES;882;Kukurica CUKK dipovaná;3,70;1;3,70;2,66;23;1;3,70;;3,55;3,48;3,40;3,33;3,26;3,18;3,11;3,03;2,96;2,78
13725CO;882;Kukurica CUKK dipovaná;3,70;1;3,70;2,41;23;1;3,70;;3,55;3,48;3,40;3,33;3,26;3,18;3,11;3,03;2,96;2,78
13725F-S;882;Kukurica CUKK dipovaná;3,70;1;3,70;2,41;23;1;3,70;;3,55;3,48;3,40;3,33;3,26;3,18;3,11;3,03;2,96;2,78
13725J-S;882;Kukurica CUKK dipovaná;3,70;1;3,70;2,41;23;1;3,70;;3,55;3,48;3,40;3,33;3,26;3,18;3,11;3,03;2,96;2,78
13725JA;882;Kukurica CUKK dipovaná;3,70;1;3,70;2,66;23;1;3,70;;3,55;3,48;3,40;3,33;3,26;3,18;3,11;3,03;2,96;2,78
13725KL;882;Kukurica CUKK dipovaná;3,53;1;3,53;2,41;23;1;3,53;;3,39;3,32;3,25;3,18;3,11;3,04;2,97;2,89;2,82;2,65
13725M-C;882;Kukurica CUKK dipovaná;3,70;1;3,70;2,41;23;1;3,70;;3,55;3,48;3,40;3,33;3,26;3,18;3,11;3,03;2,96;2,78
13725M-M;882;Kukurica CUKK dipovaná;3,70;1;3,70;2,41;23;1;3,70;;3,55;3,48;3,40;3,33;3,26;3,18;3,11;3,03;2,96;2,78
13725MAL;882;Kukurica CUKK dipovaná;3,70;1;3,70;2,41;23;1;3,70;;3,55;3,48;3,40;3,33;3,26;3,18;3,11;3,03;2,96;2,78
13725ME;882;Kukurica CUKK dipovaná;3,70;1;3,70;2,66;23;1;3,70;;3,55;3,48;3,40;3,33;3,26;3,18;3,11;3,03;2,96;2,78
13725PA;882;Kukurica CUKK dipovaná;3,70;1;3,70;2,41;23;1;3,70;;3,55;3,48;3,40;3,33;3,26;3,18;3,11;3,03;2,96;2,78
13725PEC;882;Kukurica CUKK dipovaná;3,70;1;3,70;2,47;23;1;3,70;;3,55;3,48;3,40;3,33;3,26;3,18;3,11;3,03;2,96;2,78
13725R-M;882;Kukurica CUKK dipovaná;3,70;1;3,70;2,47;23;1;3,70;;3,55;3,48;3,40;3,33;3,26;3,18;3,11;3,03;2,96;2,78
13725S-R;882;Kukurica CUKK dipovaná;3,70;1;3,70;2,41;23;1;3,70;;3,55;3,48;3,40;3,33;3,26;3,18;3,11;3,03;2,96;2,78
13725T-F;882;Kukurica CUKK dipovaná;3,70;1;3,70;2,41;23;1;3,70;;3,55;3,48;3,40;3,33;3,26;3,18;3,11;3,03;2,96;2,78
13725V;882;Kukurica CUKK dipovaná;3,70;1;3,70;2,41;23;1;3,70;;3,55;3,48;3,40;3,33;3,26;3,18;3,11;3,03;2,96;2,78
13725VA;882;Kukurica CUKK dipovaná;3,70;1;3,70;2,41;23;1;3,70;;3,55;3,48;3,40;3,33;3,26;3,18;3,11;3,03;2,96;2,78
83557;883;Nástraha FOX Rage Big Eye Spin Tail;6,65;1;6,65;2,93;23;1;6,65;;6,38;6,25;6,12;5,99;5,85;5,72;5,59;5,45;5,32;4,99
83558;883;Nástraha FOX Rage Big Eye Spin Tail;6,65;1;6,65;2,93;23;1;6,65;;6,38;6,25;6,12;5,99;5,85;5,72;5,59;5,45;5,32;4,99
83559;883;Nástraha FOX Rage Big Eye Spin Tail;6,65;1;6,65;2,93;23;1;6,65;;6,38;6,25;6,12;5,99;5,85;5,72;5,59;5,45;5,32;4,99
83560;883;Nástraha FOX Rage Big Eye Spin Tail;6,65;1;6,65;2,93;23;1;6,65;;6,38;6,25;6,12;5,99;5,85;5,72;5,59;5,45;5,32;4,99
83588;883;Nástraha FOX Rage Big Eye Spin Tail;6,14;1;6,14;2,70;23;1;6,14;;5,89;5,77;5,65;5,53;5,40;5,28;5,16;5,03;4,91;4,61
83589;883;Nástraha FOX Rage Big Eye Spin Tail;5,62;1;5,62;2,48;23;1;5,62;;5,40;5,28;5,17;5,06;4,95;4,83;4,72;4,61;4,50;4,22
83590;883;Nástraha FOX Rage Big Eye Spin Tail;5,62;1;5,62;2,48;23;1;5,62;;5,40;5,28;5,17;5,06;4,95;4,83;4,72;4,61;4,50;4,22
83591;883;Nástraha FOX Rage Big Eye Spin Tail;5,62;1;5,62;2,48;23;1;5,62;;5,40;5,28;5,17;5,06;4,95;4,83;4,72;4,61;4,50;4,22
83592;883;Nástraha FOX Rage Big Eye Spin Tail;5,62;1;5,62;2,48;23;1;5,62;;5,40;5,28;5,17;5,06;4,95;4,83;4,72;4,61;4,50;4,22
83593;883;Nástraha FOX Rage Big Eye Spin Tail;5,83;1;5,83;2,57;23;1;5,83;;5,60;5,48;5,36;5,25;5,13;5,01;4,90;4,78;4,66;4,37
83594;883;Nástraha FOX Rage Big Eye Spin Tail;5,83;1;5,83;2,57;23;1;5,83;;5,60;5,48;5,36;5,25;5,13;5,01;4,90;4,78;4,66;4,37
83595;883;Nástraha FOX Rage Big Eye Spin Tail;5,83;1;5,83;2,57;23;1;5,83;;5,60;5,48;5,36;5,25;5,13;5,01;4,90;4,78;4,66;4,37
83596;883;Nástraha FOX Rage Big Eye Spin Tail;5,83;1;5,83;2,57;23;1;5,83;;5,60;5,48;5,36;5,25;5,13;5,01;4,90;4,78;4,66;4,37
83597;883;Nástraha FOX Rage Big Eye Spin Tail;6,14;1;6,14;2,70;23;1;6,14;;5,89;5,77;5,65;5,53;5,40;5,28;5,16;5,03;4,91;4,61
83598;883;Nástraha FOX Rage Big Eye Spin Tail;6,14;1;6,14;2,70;23;1;6,14;;5,89;5,77;5,65;5,53;5,40;5,28;5,16;5,03;4,91;4,61
99608;884;Motor HONDA BF6;1699,00;1;1699,00;1385,93;23;1;1699,00;3;1648,03;1648,03;1648,03;1648,03;1648,03;1648,03;1648,03;1648,03;1648,03;1648,03
99609;884;Motor HONDA BF6;1739,00;1;1739,00;1261,98;23;1;1739,00;3;1686,83;1686,83;1686,83;1686,83;1686,83;1686,83;1686,83;1686,83;1686,83;1686,83
99610;884;Motor HONDA BF6;1759,00;1;1759,00;1450,37;23;1;1759,00;3;1706,23;1706,23;1706,23;1706,23;1706,23;1706,23;1706,23;1706,23;1706,23;1706,23
99611;884;Motor HONDA BF6;1779,00;1;1779,00;1415,24;23;1;1779,00;3;1725,63;1725,63;1725,63;1725,63;1725,63;1725,63;1725,63;1725,63;1725,63;1725,63
41742;885;Nadväzec GIANTS FISHING Ronnie Rig so skrutkou;2,74;1;2,74;1,44;23;1;2,74;;2,63;2,58;2,52;2,47;2,41;2,36;2,30;2,25;2,19;2,06
41743;885;Nadväzec GIANTS FISHING Ronnie Rig so skrutkou;2,85;1;2,85;1,44;23;1;2,85;;2,74;2,68;2,62;2,57;2,51;2,45;2,39;2,34;2,28;2,14
56132;;Batoh MIVARDI Multi Camo 30 l;32,79;1;32,79;16,02;23;1;29,51;10;29,51;29,51;29,51;29,51;29,51;29,51;29,51;29,51;29,51;29,51
104288;;Boilie STARBAITS D-Solve Hot Demon, 20 mm, 2,5 kg;26,95;1;26,95;13,27;23;1;26,95;;25,87;25,33;24,79;24,26;23,72;23,18;22,64;22,10;21,56;20,21
100678;886;Vlasec METHOD FEEDER FANS Shock Profesional Carp Line Adaptive color, 350 m;8,99;1;8,99;4,06;23;1;8,99;;8,63;8,45;8,27;8,09;7,91;7,73;7,55;7,37;7,19;6,74
100679;886;Vlasec METHOD FEEDER FANS Shock Profesional Carp Line Adaptive color, 350 m;8,19;1;8,19;2,22;23;1;8,19;;7,86;7,70;7,53;7,37;7,21;7,04;6,88;6,72;6,55;6,14
100680;886;Vlasec METHOD FEEDER FANS Shock Profesional Carp Line Adaptive color, 350 m;8,19;1;8,19;2,22;23;1;8,19;;7,86;7,70;7,53;7,37;7,21;7,04;6,88;6,72;6,55;6,14
33261;;Plávajúce boilie MIKBAITS Amur Range Pop Up;7,20;1;7,20;5,98;23;1;7,20;10;6,91;6,77;6,62;6,48;6,48;6,48;6,48;6,48;6,48;6,48
56161;;Bivak MIVARDI Entrix XL;274,99;1;274,99;146,62;23;1;247,49;10;247,49;247,49;247,49;247,49;247,49;247,49;247,49;247,49;247,49;247,49
99644;887;Čln HONWAVE hliníková podlaha;1091,62;1;1091,62;784,63;23;1;1091,62;;1047,96;1026,12;1004,29;982,46;960,63;938,79;916,96;895,13;873,30;818,72
99645;887;Čln HONWAVE hliníková podlaha;1194,12;1;1194,12;904,22;23;1;1194,12;;1146,36;1122,47;1098,59;1074,71;1050,83;1026,94;1003,06;979,18;955,30;895,59
99647;887;Čln HONWAVE hliníková podlaha;1731,22;1;1731,22;;23;1;1731,22;;1661,97;1627,35;1592,72;1558,10;1523,47;1488,85;1454,22;1419,60;1384,98;1298,42
104304;;Dip STARBAITS Grab&Go Global Whisky Cola;8,50;1;8,50;4,01;23;1;8,50;;8,16;7,99;7,82;7,65;7,48;7,31;7,14;6,97;6,80;6,38
92694;888;Jig DELPHIN Triad s golierikom, 5 ks;3,80;1;3,80;1,84;23;1;3,23;25;3,23;3,23;3,23;3,23;3,23;3,23;3,19;3,12;3,04;2,85
92695;888;Jig DELPHIN Triad s golierikom, 5 ks;3,80;1;3,80;1,84;23;1;3,23;25;3,23;3,23;3,23;3,23;3,23;3,23;3,19;3,12;3,04;2,85
92696;888;Jig DELPHIN Triad s golierikom, 5 ks;3,80;1;3,80;1,84;23;1;3,23;25;3,23;3,23;3,23;3,23;3,23;3,23;3,19;3,12;3,04;2,85
92697;888;Jig DELPHIN Triad s golierikom, 5 ks;4,00;1;4,00;1,96;23;1;3,40;25;3,40;3,40;3,40;3,40;3,40;3,40;3,36;3,28;3,20;3,00
92698;888;Jig DELPHIN Triad s golierikom, 5 ks;5,50;1;5,50;2,58;23;1;4,68;25;4,68;4,68;4,68;4,68;4,68;4,68;4,62;4,51;4,40;4,13
92699;888;Jig DELPHIN Triad s golierikom, 5 ks;4,19;1;4,19;2,05;23;1;3,56;25;3,56;3,56;3,56;3,56;3,56;3,56;3,52;3,44;3,35;3,14
92700;888;Jig DELPHIN Triad s golierikom, 5 ks;4,19;1;4,19;2,05;23;1;3,56;25;3,56;3,56;3,56;3,56;3,56;3,56;3,52;3,44;3,35;3,14
92701;888;Jig DELPHIN Triad s golierikom, 5 ks;4,40;1;4,40;2,16;23;1;3,74;25;3,74;3,74;3,74;3,74;3,74;3,74;3,70;3,61;3,52;3,30
92702;888;Jig DELPHIN Triad s golierikom, 5 ks;5,50;1;5,50;2,61;23;1;4,68;25;4,68;4,68;4,68;4,68;4,68;4,68;4,62;4,51;4,40;4,13
92703;888;Jig DELPHIN Triad s golierikom, 5 ks;5,95;1;5,95;2,90;23;1;5,06;25;5,06;5,06;5,06;5,06;5,06;5,06;5,00;4,88;4,76;4,46
92704;888;Jig DELPHIN Triad s golierikom, 5 ks;4,50;1;4,50;2,21;23;1;3,83;25;3,83;3,83;3,83;3,83;3,83;3,83;3,78;3,69;3,60;3,38
92705;888;Jig DELPHIN Triad s golierikom, 5 ks;4,50;1;4,50;2,21;23;1;3,83;25;3,83;3,83;3,83;3,83;3,83;3,83;3,78;3,69;3,60;3,38
92706;888;Jig DELPHIN Triad s golierikom, 5 ks;5,95;1;5,95;2,90;23;1;5,06;25;5,06;5,06;5,06;5,06;5,06;5,06;5,00;4,88;4,76;4,46
92707;888;Jig DELPHIN Triad s golierikom, 5 ks;6,49;1;6,49;3,12;23;1;5,52;25;5,52;5,52;5,52;5,52;5,52;5,52;5,45;5,32;5,19;4,87
92708;888;Jig DELPHIN Triad s golierikom, 5 ks;4,80;1;4,80;2,37;23;1;4,08;25;4,08;4,08;4,08;4,08;4,08;4,08;4,03;3,94;3,84;3,60
92709;888;Jig DELPHIN Triad s golierikom, 5 ks;4,80;1;4,80;2,37;23;1;4,08;25;4,08;4,08;4,08;4,08;4,08;4,08;4,03;3,94;3,84;3,60
92710;888;Jig DELPHIN Triad s golierikom, 5 ks;6,49;1;6,49;3,12;23;1;5,52;25;5,52;5,52;5,52;5,52;5,52;5,52;5,45;5,32;5,19;4,87
92711;888;Jig DELPHIN Triad s golierikom, 5 ks;6,49;1;6,49;3,12;23;1;5,52;25;5,52;5,52;5,52;5,52;5,52;5,52;5,45;5,32;5,19;4,87
92712;888;Jig DELPHIN Triad s golierikom, 5 ks;5,95;1;5,95;2,89;23;1;5,06;25;5,06;5,06;5,06;5,06;5,06;5,06;5,00;4,88;4,76;4,46
92713;888;Jig DELPHIN Triad s golierikom, 5 ks;5,50;1;5,50;2,61;23;1;4,68;25;4,68;4,68;4,68;4,68;4,68;4,68;4,62;4,51;4,40;4,13
92714;888;Jig DELPHIN Triad s golierikom, 5 ks;6,95;1;6,95;3,43;23;1;5,91;25;5,91;5,91;5,91;5,91;5,91;5,91;5,84;5,70;5,56;5,21
92715;888;Jig DELPHIN Triad s golierikom, 5 ks;6,95;1;6,95;3,49;23;1;5,91;25;5,91;5,91;5,91;5,91;5,91;5,91;5,84;5,70;5,56;5,21
92716;888;Jig DELPHIN Triad s golierikom, 5 ks;6,49;1;6,49;3,21;23;1;5,52;25;5,52;5,52;5,52;5,52;5,52;5,52;5,45;5,32;5,19;4,87
92719;888;Jig DELPHIN Triad s golierikom, 5 ks;6,95;1;6,95;3,49;23;1;5,91;25;5,91;5,91;5,91;5,91;5,91;5,91;5,84;5,70;5,56;5,21
92721;888;Jig DELPHIN Triad s golierikom, 5 ks;8,95;1;8,95;4,58;23;1;7,61;25;7,61;7,61;7,61;7,61;7,61;7,61;7,52;7,34;7,16;6,71
92723;888;Jig DELPHIN Triad s golierikom, 5 ks;8,50;1;8,50;4,28;23;1;7,23;25;7,23;7,23;7,23;7,23;7,23;7,23;7,14;6,97;6,80;6,38
33296;889;Pelety MIKBAITS Halibutky Robin Red v dipe;3,96;1;3,96;2,95;23;1;3,96;10;3,80;3,72;3,64;3,56;3,56;3,56;3,56;3,56;3,56;3,56
33297;889;Pelety MIKBAITS Halibutky Robin Red v dipe;3,96;1;3,96;2,95;23;1;3,96;10;3,80;3,72;3,64;3,56;3,56;3,56;3,56;3,56;3,56;3,56
14464;;Nabíjačka BANNER Accucharger 6;97,88;1;97,88;71,20;23;1;97,88;;93,96;92,01;90,05;88,09;86,13;84,18;82,22;80,26;78,30;73,41
56188;890;Boilie MIVARDI Rapid Platinum ProActive Kaprí guláš;3,69;1;3,69;1,83;23;1;3,32;10;3,32;3,32;3,32;3,32;3,32;3,32;3,32;3,32;3,32;3,32
56189;890;Boilie MIVARDI Rapid Platinum ProActive Kaprí guláš;3,69;1;3,69;1,83;23;1;3,32;10;3,32;3,32;3,32;3,32;3,32;3,32;3,32;3,32;3,32;3,32
99672;;Krovinorez HONDA UMS 425;339,00;1;339,00;242,51;23;1;339,00;3;328,83;328,83;328,83;328,83;328,83;328,83;328,83;328,83;328,83;328,83
104325;;Nepremokavá taška STARBAITS Pro Tec EVA Bag Large;31,96;1;31,96;14,68;23;1;31,96;;30,68;30,04;29,40;28,76;28,12;27,49;26,85;26,21;25,57;23,97
100709;;Polarizačné okuliare Method Feeder Fans Red;14,99;1;14,99;5,21;23;1;14,99;;14,39;14,09;13,79;13,49;13,19;12,89;12,59;12,29;11,99;11,24
33336;;Boilie MIKBAITS Chilli Chips, Chilli Frankfurt;6,24;1;6,24;4,48;23;1;6,24;10;5,99;5,87;5,74;5,62;5,62;5,62;5,62;5,62;5,62;5,62
90694;891;Vlasec DELPHIN Feeder;3,70;1;3,70;1,88;23;1;3,15;25;3,15;3,15;3,15;3,15;3,15;3,15;3,11;3,03;2,96;2,78
90695;891;Vlasec DELPHIN Feeder;3,90;1;3,90;1,99;23;1;3,32;25;3,32;3,32;3,32;3,32;3,32;3,32;3,28;3,20;3,12;2,93
90696;891;Vlasec DELPHIN Feeder;4,19;1;4,19;2,14;23;1;3,56;25;3,56;3,56;3,56;3,56;3,56;3,56;3,52;3,44;3,35;3,14
90697;891;Vlasec DELPHIN Feeder;4,40;1;4,40;2,25;23;1;3,74;25;3,74;3,74;3,74;3,74;3,74;3,74;3,70;3,61;3,52;3,30
56209;;Podberák MIVARDI Metal 220L;19,46;1;19,46;9,34;23;1;17,51;10;17,51;17,51;17,51;17,51;17,51;17,51;17,51;17,51;17,51;17,51
104343;892;Prút GUNKI Overtake Finesse ED S;74,94;1;74,94;33,79;23;1;74,94;;71,94;70,44;68,94;67,45;65,95;64,45;62,95;61,45;59,95;56,21
104344;892;Prút GUNKI Overtake Finesse ED S;74,94;1;74,94;34,78;23;1;74,94;;71,94;70,44;68,94;67,45;65,95;64,45;62,95;61,45;59,95;56,21
104345;892;Prút GUNKI Overtake Finesse ED S;78,95;1;78,95;36,74;23;1;78,95;;75,79;74,21;72,63;71,06;69,48;67,90;66,32;64,74;63,16;59,21
104346;892;Prút GUNKI Overtake Finesse ED S;76,95;1;76,95;34,74;23;1;76,95;;73,87;72,33;70,79;69,26;67,72;66,18;64,64;63,10;61,56;57,71
104347;892;Prút GUNKI Overtake Finesse ED S;76,95;1;76,95;35,56;23;1;76,95;;73,87;72,33;70,79;69,26;67,72;66,18;64,64;63,10;61,56;57,71
104348;892;Prút GUNKI Overtake Finesse ED S;82,95;1;82,95;38,70;23;1;82,95;;79,63;77,97;76,31;74,66;73,00;71,34;69,68;68,02;66,36;62,21
41837;893;Puzdro GIANTS FISHING Rod Holdall Luxury 2 Rod;79,02;1;79,02;41,74;23;1;79,02;;75,86;74,28;72,70;71,12;69,54;67,96;66,38;64,80;63,22;59,27
41838;893;Puzdro GIANTS FISHING Rod Holdall Luxury 2 Rod;90,93;1;90,93;46,24;23;1;90,93;;87,29;85,47;83,66;81,84;80,02;78,20;76,38;74,56;72,74;68,20
75352;894;Háčiky HAYABUSHA M1;3,80;1;3,80;2,04;23;1;3,80;;3,65;3,57;3,50;3,42;3,34;3,27;3,19;3,12;3,04;2,85
75354;894;Háčiky HAYABUSHA M1;3,70;1;3,70;2,04;23;1;3,70;;3,55;3,48;3,40;3,33;3,26;3,18;3,11;3,03;2,96;2,78
100729;;Spojka VDE-ROBINSON Pole Adapter na plavákovú zostavu;3,69;1;3,69;1,78;23;1;3,69;;3,54;3,47;3,39;3,32;3,25;3,17;3,10;3,03;2,95;2,77
33355;895;Boilie MIKBAITS Wafters Mini, 8 mm, 100 ml;7,20;1;7,20;5,36;23;1;7,20;10;6,91;6,77;6,62;6,48;6,48;6,48;6,48;6,48;6,48;6,48
33356;895;Boilie MIKBAITS Wafters Mini, 8 mm, 100 ml;7,38;1;7,38;5,40;23;1;7,38;10;7,08;6,94;6,79;6,64;6,64;6,64;6,64;6,64;6,64;6,64
66891;896;Plavák ZEBCO Trophy Break-Light Float Z2;3,28;1;3,28;0,68;23;1;3,28;;3,15;3,08;3,02;2,95;2,89;2,82;2,76;2,69;2,62;2,46
66892;896;Plavák ZEBCO Trophy Break-Light Float Z2;3,28;1;3,28;0,68;23;1;3,28;;3,15;3,08;3,02;2,95;2,89;2,82;2,76;2,69;2,62;2,46
14631;897;Vlasec AWA´S Ion Power Browny Carp;19,46;1;19,46;10,82;23;1;19,46;;18,68;18,29;17,90;17,51;17,12;16,74;16,35;15,96;15,57;14,60
14632;897;Vlasec AWA´S Ion Power Browny Carp;22,04;1;22,04;12,42;23;1;22,04;;21,16;20,72;20,28;19,84;19,40;18,95;18,51;18,07;17,63;16,53
14633;897;Vlasec AWA´S Ion Power Browny Carp;20,39;1;20,39;12,42;23;1;20,39;;19,57;19,17;18,76;18,35;17,94;17,54;17,13;16,72;16,31;15,29
14634;897;Vlasec AWA´S Ion Power Browny Carp;24,06;1;24,06;13,38;23;1;24,06;;23,10;22,62;22,14;21,65;21,17;20,69;20,21;19,73;19,25;18,05
14635;897;Vlasec AWA´S Ion Power Browny Carp;26,44;1;26,44;14,86;23;1;26,44;;25,38;24,85;24,32;23,80;23,27;22,74;22,21;21,68;21,15;19,83
56225;;Vyvážené boilie MIVARDI Method Balanced Wafters, Sladká kukurica;4,29;1;4,29;2,04;23;1;3,86;10;3,86;3,86;3,86;3,86;3,86;3,86;3,86;3,86;3,86;3,86
83676;;Elektromotor FOX Pro 65lb 3 Blade Prop;379,98;1;379,98;196,33;23;1;379,98;;364,78;357,18;349,58;341,98;334,38;326,78;319,18;311,58;303,98;284,99
99790;;Trojfarebná svietiaca šróbovacia bója so závitom a sensorom 6m;42,95;1;42,95;27,60;23;1;42,95;;41,23;40,37;39,51;38,66;37,80;36,94;36,08;35,22;34,36;32,21
104364;;Stojan STARBAITS Fast Pod 3 Rods;72,95;1;72,95;33,31;23;1;72,95;;70,03;68,57;67,11;65,66;64,20;62,74;61,28;59,82;58,36;54,71
41858;;Háčiky HELL-CAT Live Bait 4x Strong;8,30;1;8,30;4,30;23;1;8,30;;7,97;7,80;7,64;7,47;7,30;7,14;6,97;6,81;6,64;6,23
66913;;Plávajúca pasta QUANTUM Magic Trout Bait Taste Crabby;5,12;1;5,12;1,07;23;1;5,12;;4,92;4,81;4,71;4,61;4,51;4,40;4,30;4,20;4,10;3,84
56244;;Partikel MIVARDI Mix Premium, 1 kg;4,29;1;4,29;2,36;23;1;3,86;10;3,86;3,86;3,86;3,86;3,86;3,86;3,86;3,86;3,86;3,86
83698;;Polarizačné okuliare STRIKE KING SK Plus Bosque Blk Frame Mir Grey;31,11;1;31,11;8,33;23;1;31,11;;29,87;29,24;28,62;28,00;27,38;26,75;26,13;25,51;24,89;23,33
104382;;Vobler GUNKI Gamera 39 F, HL Rainbow Trout;8,30;1;8,30;3,60;23;1;8,30;;7,97;7,80;7,64;7,47;7,30;7,14;6,97;6,81;6,64;6,23
100763;;Nástraha Method Feeder Fans Micro Wafter 4x5 mm, Spicy Meat;4,99;1;4,99;2,03;23;1;4,99;;4,79;4,69;4,59;4,49;4,39;4,29;4,19;4,09;3,99;3,74
67030;898;Karabínka MIKADO Snap;1,29;1;1,29;0,48;23;1;1,17;25;1,17;1,17;1,17;1,16;1,14;1,11;1,08;1,06;1,03;0,97
67031;898;Karabínka MIKADO Snap;1,28;1;1,28;0,45;23;1;1,16;25;1,16;1,16;1,16;1,15;1,13;1,10;1,08;1,05;1,02;0,96
67032;898;Karabínka MIKADO Snap;1,29;1;1,29;0,48;23;1;1,17;25;1,17;1,17;1,17;1,16;1,14;1,11;1,08;1,06;1,03;0,97
67266;898;Karabínka MIKADO Snap;1,33;1;1,33;0,47;23;1;1,21;25;1,21;1,21;1,21;1,20;1,17;1,14;1,12;1,09;1,06;1,00
67430;898;Karabínka MIKADO Snap;1,33;1;1,33;0,45;23;1;1,21;25;1,21;1,21;1,21;1,20;1,17;1,14;1,12;1,09;1,06;1,00
90803;;Pančucha náhradná Delphin PVA n´tastic / 10m - 35mm;8,95;1;8,95;4,86;23;1;7,61;25;7,61;7,61;7,61;7,61;7,61;7,61;7,52;7,34;7,16;6,71
14829;;Čap havlenky m. 2021;3,08;1;3,08;2,25;23;1;3,08;10;2,96;2,90;2,83;2,77;2,77;2,77;2,77;2,77;2,77;2,77
104398;;Vobler GUNKI Rodan 40 SHW, UV Chart Trout;9,59;1;9,59;4,37;23;1;9,59;;9,21;9,01;8,82;8,63;8,44;8,25;8,06;7,86;7,67;7,19
92799;;Šiltovka DELPHIN Reaxe Trucker;11,96;1;11,96;6,21;23;1;10,17;25;10,17;10,17;10,17;10,17;10,17;10,17;10,05;9,81;9,57;8,97
100785;899;Záťaž Eco Sinker Hruška Bullet Swivel;1,70;1;1,70;0,86;23;1;1,70;;1,63;1,60;1,56;1,53;1,50;1,46;1,43;1,39;1,36;1,28
100786;899;Záťaž Eco Sinker Hruška Bullet Swivel;1,80;1;1,80;0,92;23;1;1,80;;1,73;1,69;1,66;1,62;1,58;1,55;1,51;1,48;1,44;1,35
100787;899;Záťaž Eco Sinker Hruška Bullet Swivel;1,89;1;1,89;0,96;23;1;1,89;;1,81;1,78;1,74;1,70;1,66;1,63;1,59;1,55;1,51;1,42
36098;900;Plandavka ZICO Bloody Fish;1,43;1;1,43;0,68;23;1;1,43;;1,37;1,34;1,32;1,29;1,26;1,23;1,20;1,17;1,14;1,07
36099;900;Plandavka ZICO Bloody Fish;2,04;1;2,04;0,96;23;1;2,04;;1,96;1,92;1,88;1,84;1,80;1,75;1,71;1,67;1,63;1,53
36178;900;Plandavka ZICO Bloody Fish;1,75;1;1,75;0,77;23;1;1,75;;1,68;1,65;1,61;1,58;1,54;1,51;1,47;1,44;1,40;1,31
56277;901;Zadné olovo MIVARDI Professional Camo;6,99;1;6,99;3,40;23;1;6,29;10;6,29;6,29;6,29;6,29;6,29;6,29;6,29;6,29;6,29;6,29
56282;901;Zadné olovo MIVARDI Professional Camo;6,99;1;6,99;3,40;23;1;6,29;10;6,29;6,29;6,29;6,29;6,29;6,29;6,29;6,29;6,29;6,29
56283;901;Zadné olovo MIVARDI Professional Camo;6,99;1;6,99;3,40;23;1;6,29;10;6,29;6,29;6,29;6,29;6,29;6,29;6,29;6,29;6,29;6,29
83741;;Bivak FOX Voyager 2 Person Bivvy;649,99;1;649,99;370,86;23;1;649,99;;623,99;610,99;597,99;584,99;571,99;558,99;545,99;532,99;519,99;487,49
104415;;Vobler ILLEX Diving Chubby 3,8 cm, Agressive Perch;21,96;1;21,96;10,23;23;1;21,96;;21,08;20,64;20,20;19,76;19,32;18,89;18,45;18,01;17,57;16,47
41916;;Dištančné tyče GIANTS FISHING Curve Distance Spin Bnk Stick Set;12,30;1;12,30;6,27;23;1;12,30;;11,81;11,56;11,32;11,07;10,82;10,58;10,33;10,09;9,84;9,23
75589;;Plandavka MISTRALL Kiro PTA, 3 g;2,60;1;2,60;1,30;23;1;2,60;;2,50;2,44;2,39;2,34;2,29;2,24;2,18;2,13;2,08;1,95
56294;;Pevné púzdro MIVARDI TMX Xtra Safe;54,99;1;54,99;28,76;23;1;49,49;10;49,49;49,49;49,49;49,49;49,49;49,49;49,49;49,49;49,49;49,49
83759;;Krabička FOX Rage Accessory Box Small;5,99;1;5,99;2,70;23;1;5,99;;5,75;5,63;5,51;5,39;5,27;5,15;5,03;4,91;4,79;4,49
104431;;Vobler ILLEX TN 80, Agressive Perch;30,95;1;30,95;14,65;23;1;30,95;;29,71;29,09;28,47;27,86;27,24;26,62;26,00;25,38;24,76;23,21
75609;;Vobler NOMURA Ranger Minnow 7 cm, f.083;7,90;1;7,90;4,38;23;1;7,90;;7,58;7,43;7,27;7,11;6,95;6,79;6,64;6,48;6,32;5,93
92843;;Dipovací sprej DELPHIN AromaX, Krab - Krill;3,90;1;3,90;2,09;23;1;3,32;25;3,32;3,32;3,32;3,32;3,32;3,32;3,28;3,20;3,12;2,93
36248;;Vobler OWNER ZZ-80;12,82;1;12,82;5,67;23;1;12,82;;12,31;12,05;11,79;11,54;11,28;11,03;10,77;10,51;10,26;9,62
56311;;Stolík MIVARDI Professional XL s úložným priestorom;47,99;1;47,99;23,79;23;1;43,19;10;43,19;43,19;43,19;43,19;43,19;43,19;43,19;43,19;43,19;43,19
104447;902;Pelety SENSAS Super Feed Pellets Fishy Hemp, 650 g;5,40;1;5,40;2,76;23;1;5,40;;5,18;5,08;4,97;4,86;4,75;4,64;4,54;4,43;4,32;4,05
104448;902;Pelety SENSAS Super Feed Pellets Fishy Hemp, 650 g;5,40;1;5,40;2,54;23;1;5,40;;5,18;5,08;4,97;4,86;4,75;4,64;4,54;4,43;4,32;4,05
76467;;Plávajúca nástraha ESOX Zig Rig Dumbells;2,56;1;2,56;1,44;23;1;2,56;;2,46;2,41;2,36;2,30;2,25;2,20;2,15;2,10;2,05;1,92
101021;903;Nepremokavý zimný komplet TRAKKER CR 2 Winter Suit;125,36;1;125,36;72,76;23;1;125,36;10;120,35;117,84;115,33;112,82;112,82;112,82;112,82;112,82;112,82;112,82
101022;903;Nepremokavý zimný komplet TRAKKER CR 2 Winter Suit;125,36;1;125,36;72,76;23;1;125,36;10;120,35;117,84;115,33;112,82;112,82;112,82;112,82;112,82;112,82;112,82
101023;903;Nepremokavý zimný komplet TRAKKER CR 2 Winter Suit;125,36;1;125,36;72,76;23;1;125,36;10;120,35;117,84;115,33;112,82;112,82;112,82;112,82;112,82;112,82;112,82
67363;;Silikónový stoper MIKADO Silicone Stoppers;1,09;1;1,09;0,41;23;1;0,99;25;0,99;0,99;0,99;0,98;0,96;0,94;0,92;0,89;0,87;0,82
90902;;Zvliekač a doťahovač Delphin MultiSKIN;4,70;1;4,70;2,53;23;1;4,00;25;4,00;4,00;4,00;4,00;4,00;4,00;3,95;3,85;3,76;3,53
16946;;Hlava MIVARDI Carp Specialist II na podberák;17,99;1;17,99;9,01;23;1;16,19;10;16,19;16,19;16,19;16,19;16,19;16,19;16,19;16,19;16,19;16,19
83786;904;Nástraha FOX Rage Pro Grub Loaded Ultra Realitstic Roach;7,49;1;7,49;3,37;23;1;7,49;;7,19;7,04;6,89;6,74;6,59;6,44;6,29;6,14;5,99;5,62
83787;904;Nástraha FOX Rage Pro Grub Loaded Ultra Realitstic Roach;8,99;1;8,99;4,05;23;1;8,99;;8,63;8,45;8,27;8,09;7,91;7,73;7,55;7,37;7,19;6,74
104462;;Drvička SENSAS Bait Crusher XL;12,95;1;12,95;6,27;23;1;12,95;;12,43;12,17;11,91;11,66;11,40;11,14;10,88;10,62;10,36;9,71
41983;905;Háčiky GARDNER Covert Dark Muga Barbed;7,38;1;7,38;3,90;23;1;7,38;;7,08;6,94;6,79;6,64;6,49;6,35;6,20;6,05;5,90;5,54
41984;905;Háčiky GARDNER Covert Dark Muga Barbed;7,11;1;7,11;3,90;23;1;7,11;;6,83;6,68;6,54;6,40;6,26;6,11;5,97;5,83;5,69;5,33
41985;905;Háčiky GARDNER Covert Dark Muga Barbed;7,38;1;7,38;3,90;23;1;7,38;;7,08;6,94;6,79;6,64;6,49;6,35;6,20;6,05;5,90;5,54
41986;905;Háčiky GARDNER Covert Dark Muga Barbed;7,11;1;7,11;3,82;23;1;7,11;;6,83;6,68;6,54;6,40;6,26;6,11;5,97;5,83;5,69;5,33
41987;905;Háčiky GARDNER Covert Dark Muga Barbed;7,11;1;7,11;3,82;23;1;7,11;;6,83;6,68;6,54;6,40;6,26;6,11;5,97;5,83;5,69;5,33
41988;905;Háčiky GARDNER Covert Dark Muga Barbed;7,11;1;7,11;3,82;23;1;7,11;;6,83;6,68;6,54;6,40;6,26;6,11;5,97;5,83;5,69;5,33
76539;906;Krmítko ESOX AT Feeder Profi;1,12;1;1,12;0,65;23;1;1,12;;1,08;1,05;1,03;1,01;0,99;0,96;0,94;0,92;0,90;0,84
76543;906;Krmítko ESOX AT Feeder Profi;1,25;1;1,25;0,72;23;1;1,25;;1,20;1,18;1,15;1,13;1,10;1,08;1,05;1,03;1,00;0,94
92875;;Zimná LED šiltovka DELPHIN OutLine Camo;11,96;1;11,96;6,21;23;1;10,17;25;10,17;10,17;10,17;10,17;10,17;10,17;10,05;9,81;9,57;8,97
36330;907;Háčiky OWNER CT- 5 Iseama;4,08;1;4,08;1,94;23;1;4,08;;3,92;3,84;3,75;3,67;3,59;3,51;3,43;3,35;3,26;3,06
36331;907;Háčiky OWNER CT- 5 Iseama;4,15;1;4,15;1,86;23;1;4,15;;3,98;3,90;3,82;3,74;3,65;3,57;3,49;3,40;3,32;3,11
36332;907;Háčiky OWNER CT- 5 Iseama;4,15;1;4,15;1,98;23;1;4,15;;3,98;3,90;3,82;3,74;3,65;3,57;3,49;3,40;3,32;3,11
67417;;Plavák MIKADO Movable LED;8,14;1;8,14;3,30;23;1;7,41;25;7,41;7,41;7,41;7,33;7,16;7,00;6,84;6,67;6,51;6,11
56346;;Pelety MIVARDI Soft Extruded Pellets, Med;2,48;1;2,48;1,26;23;1;2,23;10;2,23;2,23;2,23;2,23;2,23;2,23;2,23;2,23;2,23;2,23
83797;;Šilt FOX Rage Light Camo Visor;17,99;1;17,99;4,50;23;1;17,99;;17,27;16,91;16,55;16,19;15,83;15,47;15,11;14,75;14,39;13,49
42012;908;Vlasec SUFIX Reflex Camo;9,42;1;9,42;3,35;23;1;9,42;;9,04;8,85;8,67;8,48;8,29;8,10;7,91;7,72;7,54;7,07
47382;908;Vlasec SUFIX Reflex Camo;9,42;1;9,42;3,35;23;1;9,42;;9,04;8,85;8,67;8,48;8,29;8,10;7,91;7,72;7,54;7,07
76574;;Sada 2 signalizátorov ESOX Pro X 020 s príposluchom;84,50;1;84,50;48,19;23;1;84,50;;81,12;79,43;77,74;76,05;74,36;72,67;70,98;69,29;67,60;63,38
101081;;CSL Mixer NIKL Gigantica, 500 ml;5,81;1;5,81;3,03;23;1;5,81;;5,58;5,46;5,35;5,23;5,11;5,00;4,88;4,76;4,65;4,36
67469;909;Plandavka MIKADO Spoon Zoe 18g;1,80;1;1,80;0,71;23;1;1,64;25;1,64;1,64;1,64;1,62;1,58;1,55;1,51;1,48;1,44;1,35
67470;909;Plandavka MIKADO Spoon Zoe 18g;1,69;1;1,69;0,71;23;1;1,54;25;1,54;1,54;1,54;1,52;1,49;1,45;1,42;1,39;1,35;1,27
67471;909;Plandavka MIKADO Spoon Zoe 18g;1,65;1;1,65;0,71;23;1;1,50;25;1,50;1,50;1,50;1,49;1,45;1,42;1,39;1,35;1,32;1,24
67472;909;Plandavka MIKADO Spoon Zoe 18g;1,65;1;1,65;0,71;23;1;1,50;25;1,50;1,50;1,50;1,49;1,45;1,42;1,39;1,35;1,32;1,24
67473;909;Plandavka MIKADO Spoon Zoe 18g;1,80;1;1,80;0,71;23;1;1,64;25;1,64;1,64;1,64;1,62;1,58;1,55;1,51;1,48;1,44;1,35
67474;909;Plandavka MIKADO Spoon Zoe 18g;1,80;1;1,80;0,71;23;1;1,64;25;1,64;1,64;1,64;1,62;1,58;1,55;1,51;1,48;1,44;1,35
67475;909;Plandavka MIKADO Spoon Zoe 18g;1,65;1;1,65;0,71;23;1;1,50;25;1,50;1,50;1,50;1,49;1,45;1,42;1,39;1,35;1,32;1,24
67476;909;Plandavka MIKADO Spoon Zoe 18g;1,65;1;1,65;0,71;23;1;1,50;25;1,50;1,50;1,50;1,49;1,45;1,42;1,39;1,35;1,32;1,24
67477;909;Plandavka MIKADO Spoon Zoe 18g;1,69;1;1,69;0,71;23;1;1,54;25;1,54;1,54;1,54;1,52;1,49;1,45;1,42;1,39;1,35;1,27
90973;910;Zateplené topánky DELPHIN SnowTex;52,95;1;52,95;31,16;23;1;45,01;25;45,01;45,01;45,01;45,01;45,01;45,01;44,48;43,42;42,36;39,71
90975;910;Zateplené topánky DELPHIN SnowTex;50,17;1;50,17;30,59;23;1;42,64;25;42,64;42,64;42,64;42,64;42,64;42,64;42,14;41,14;40,14;37,63
90976;910;Zateplené topánky DELPHIN SnowTex;52,95;1;52,95;31,16;23;1;45,01;25;45,01;45,01;45,01;45,01;45,01;45,01;44,48;43,42;42,36;39,71
17477;911;Vlasec AWA´S Ion Power Zander Pike;7,43;1;7,43;4,17;23;1;7,43;;7,13;6,98;6,84;6,69;6,54;6,39;6,24;6,09;5,94;5,57
17478;911;Vlasec AWA´S Ion Power Zander Pike;7,16;1;7,16;4,34;23;1;7,16;;6,87;6,73;6,59;6,44;6,30;6,16;6,01;5,87;5,73;5,37
56362;;Chladiaca taška MIVARDI TMX;25,99;1;25,99;13,26;23;1;23,39;10;23,39;23,39;23,39;23,39;23,39;23,39;23,39;23,39;23,39;23,39
76662;;Navijak OKUMA LS-8K 8000;109,90;1;;;23;1;;;105,50;103,31;101,11;98,91;96,71;94,51;92,32;90,12;87,92;82,43
92912;912;Prút DELPHIN Etna Camo LongShot+;109,95;1;109,95;58,35;23;1;93,46;25;93,46;93,46;93,46;93,46;93,46;93,46;92,36;90,16;87,96;82,46
93709;912;Prút DELPHIN Etna Camo LongShot+;109,95;1;109,95;59,43;23;1;;25;105,55;103,35;101,15;98,96;96,76;94,56;92,36;90,16;87,96;82,46
101113;913;Boilie NIKL Ready Jahody;11,70;1;11,70;6,84;23;1;11,70;;11,23;11,00;10,76;10,53;10,30;10,06;9,83;9,59;9,36;8,78
101114;913;Boilie NIKL Ready Jahody;12,60;1;12,60;6,84;23;1;12,60;;12,10;11,84;11,59;11,34;11,09;10,84;10,58;10,33;10,08;9,45
101115;913;Boilie NIKL Ready Jahody;11,70;1;11,70;7,01;23;1;11,70;;11,23;11,00;10,76;10,53;10,30;10,06;9,83;9,59;9,36;8,78
101116;913;Boilie NIKL Ready Jahody;36,80;1;36,80;20,46;23;1;36,80;;35,33;34,59;33,86;33,12;32,38;31,65;30,91;30,18;29,44;27,60
101117;913;Boilie NIKL Ready Jahody;34,05;1;34,05;21,39;23;1;34,05;;32,69;32,01;31,33;30,65;29,96;29,28;28,60;27,92;27,24;25,54
101118;913;Boilie NIKL Ready Jahody;4,60;1;4,60;2,44;23;1;4,60;;4,42;4,32;4,23;4,14;4,05;3,96;3,86;3,77;3,68;3,45
36375;;SET 3x swinger ZICO Unicarp MC LED magnetickým klipom;58,29;1;58,29;25,81;23;1;58,29;;55,96;54,79;53,63;52,46;51,30;50,13;48,96;47,80;46,63;43,72
17504;;Vlasec AWA´S Ion Power Classic Competition;5,06;1;5,06;2,84;23;1;5,06;;4,86;4,76;4,66;4,55;4,45;4,35;4,25;4,15;4,05;3,80
83825;914;Tepláky FOX Premium 310 Joggers Black/ Camo;54,99;1;54,99;29,63;23;1;54,99;;52,79;51,69;50,59;49,49;48,39;47,29;46,19;45,09;43,99;41,24
83826;914;Tepláky FOX Premium 310 Joggers Black/ Camo;54,99;1;54,99;29,63;23;1;54,99;;52,79;51,69;50,59;49,49;48,39;47,29;46,19;45,09;43,99;41,24
83827;914;Tepláky FOX Premium 310 Joggers Black/ Camo;54,99;1;54,99;29,63;23;1;54,99;;52,79;51,69;50,59;49,49;48,39;47,29;46,19;45,09;43,99;41,24
83841;915;Bunda FOX Rage Voyager Wind Blocker;109,99;1;109,99;55,00;23;1;109,99;;105,59;103,39;101,19;98,99;96,79;94,59;92,39;90,19;87,99;82,49
83946;915;Bunda FOX Rage Voyager Wind Blocker;0,00;1;0,00;0,00;;;0,00;0;0,00;0,00;0,00;0,00;0,00;0,00;0,00;0,00;0,00;0,00
76746;916;Háčiky ESOX Experience Curve Shank;3,90;1;;;23;1;;;3,74;3,67;3,59;3,51;3,43;3,35;3,28;3,20;3,12;2,93
76748;916;Háčiky ESOX Experience Curve Shank;4,10;1;;;23;1;;;3,94;3,85;3,77;3,69;3,61;3,53;3,44;3,36;3,28;3,08
36549;;Priama brúska s ohybným nádstavcom EHT 150V;66,00;1;;;23;1;;;63,36;62,04;60,72;59,40;58,08;56,76;55,44;54,12;52,80;49,50
67829;;Systém MIKADO Stinger Steel Jaws with Pins;3,30;1;3,30;1,16;23;1;3,00;25;3,00;3,00;3,00;2,97;2,90;2,84;2,77;2,71;2,64;2,48
91040;;Dáždnik DELPHIN Monzun Master s bočnicou;123,95;1;123,95;70,57;23;1;105,36;25;105,36;105,36;105,36;105,36;105,36;105,36;104,12;101,64;99,16;92,96
83860;;Varič FOX Compact 3000 Stove;39,99;1;39,99;21,55;23;1;39,99;;38,39;37,59;36,79;35,99;35,19;34,39;33,59;32,79;31,99;29,99
77194;917;Naviják DAIWA GS LTD;111,72;1;111,72;55,80;23;1;111,72;;107,25;105,02;102,78;100,55;98,31;96,08;93,84;91,61;89,38;83,79
77195;917;Naviják DAIWA GS LTD;117,87;1;117,87;62,55;23;1;117,87;;113,16;110,80;108,44;106,08;103,73;101,37;99,01;96,65;94,30;88,40
92984;918;Sada signalizátorov DELPHIN Forza Life+ s príposluchom;139,95;1;139,95;24,54;23;1;118,96;25;118,96;118,96;118,96;118,96;118,96;118,96;117,56;114,76;111,96;104,96
93192;918;Sada signalizátorov DELPHIN Forza Life+ s príposluchom;177,94;1;177,94;92,95;23;1;151,25;25;151,25;151,25;151,25;151,25;151,25;151,25;149,47;145,91;142,35;133,46
101165;;Pasta NIKL Ready Paste Calanus & Krill, 150 g;6,30;1;6,30;3,39;23;1;6,30;;6,05;5,92;5,80;5,67;5,54;5,42;5,29;5,17;5,04;4,73
36613;;Rozširovací klin k Ox 1-1000 / LF 100 / HL 1200 / HL 1500;52,26;1;52,26;24,77;23;1;52,26;;50,17;49,12;48,08;47,03;45,99;44,94;43,90;42,85;41,81;39,20
67953;;Háčiky MIKADO Sensual Sode HS10004;1,35;1;1,35;0,50;23;1;1,23;25;1,23;1,23;1,23;1,22;1,19;1,16;1,13;1,11;1,08;1,01
91066;919;Ihla DELPHIN Fishy, 3 ks;1,50;1;1,50;0,79;23;1;1,28;25;1,28;1,28;1,28;1,28;1,28;1,28;1,26;1,23;1,20;1,13
91067;919;Ihla DELPHIN Fishy, 3 ks;1,60;1;1,60;0,84;23;1;1,36;25;1,36;1,36;1,36;1,36;1,36;1,36;1,34;1,31;1,28;1,20
57757;920;Záťaž guľa FANATIK Smorodina;2,10;1;2,10;0,61;23;1;1,26;;1,26;1,26;1,26;1,26;1,26;1,26;1,26;1,26;1,26;1,26
57758;920;Záťaž guľa FANATIK Smorodina;2,10;1;2,10;1,14;23;1;1,26;;1,26;1,26;1,26;1,26;1,26;1,26;1,26;1,26;1,26;1,26
57763;920;Záťaž guľa FANATIK Smorodina;3,90;1;3,90;1,09;23;1;2,34;;2,34;2,34;2,34;2,34;2,34;2,34;2,34;2,34;2,34;2,34
57764;920;Záťaž guľa FANATIK Smorodina;4,10;1;4,10;1,18;23;1;2,46;;2,46;2,46;2,46;2,46;2,46;2,46;2,46;2,46;2,46;2,46
57765;920;Záťaž guľa FANATIK Smorodina;4,51;1;4,51;1,24;23;1;2,71;;2,71;2,71;2,71;2,71;2,71;2,71;2,71;2,71;2,71;2,71
57767;920;Záťaž guľa FANATIK Smorodina;4,82;1;4,82;1,34;23;1;2,89;;2,89;2,89;2,89;2,89;2,89;2,89;2,89;2,89;2,89;2,89
57768;920;Záťaž guľa FANATIK Smorodina;5,13;1;5,13;1,45;23;1;3,08;;3,08;3,08;3,08;3,08;3,08;3,08;3,08;3,08;3,08;3,08
57769;920;Záťaž guľa FANATIK Smorodina;3,43;1;3,43;0,95;23;1;2,06;;2,06;2,06;2,06;2,06;2,06;2,06;2,06;2,06;2,06;2,06
57770;920;Záťaž guľa FANATIK Smorodina;3,53;1;3,53;1,01;23;1;2,12;;2,12;2,12;2,12;2,12;2,12;2,12;2,12;2,12;2,12;2,12
57771;920;Záťaž guľa FANATIK Smorodina;3,53;1;3,53;1,01;23;1;2,12;;2,12;2,12;2,12;2,12;2,12;2,12;2,12;2,12;2,12;2,12
57772;920;Záťaž guľa FANATIK Smorodina;4,10;1;4,10;1,15;23;1;2,46;;2,46;2,46;2,46;2,46;2,46;2,46;2,46;2,46;2,46;2,46
105021;921;Šnúra MOMOI Ryujin Fluo zelená, 150 m;62,32;1;62,32;23,65;23;1;62,32;;59,83;58,58;57,33;56,09;54,84;53,60;52,35;51,10;49,86;46,74
105022;921;Šnúra MOMOI Ryujin Fluo zelená, 150 m;62,32;1;62,32;25,33;23;1;62,32;;59,83;58,58;57,33;56,09;54,84;53,60;52,35;51,10;49,86;46,74
105023;921;Šnúra MOMOI Ryujin Fluo zelená, 150 m;62,32;1;62,32;25,33;23;1;62,32;;59,83;58,58;57,33;56,09;54,84;53,60;52,35;51,10;49,86;46,74
105024;921;Šnúra MOMOI Ryujin Fluo zelená, 150 m;57,40;1;57,40;23,33;23;1;57,40;;55,10;53,96;52,81;51,66;50,51;49,36;48,22;47,07;45,92;43,05
105025;921;Šnúra MOMOI Ryujin Fluo zelená, 150 m;57,40;1;57,40;21,78;23;1;57,40;;55,10;53,96;52,81;51,66;50,51;49,36;48,22;47,07;45,92;43,05
105026;921;Šnúra MOMOI Ryujin Fluo zelená, 150 m;52,46;1;52,46;19,90;23;1;52,46;;50,36;49,31;48,26;47,21;46,16;45,12;44,07;43,02;41,97;39,35
105027;921;Šnúra MOMOI Ryujin Fluo zelená, 150 m;52,46;1;52,46;19,90;23;1;52,46;;50,36;49,31;48,26;47,21;46,16;45,12;44,07;43,02;41,97;39,35
105028;921;Šnúra MOMOI Ryujin Fluo zelená, 150 m;52,46;1;52,46;19,90;23;1;52,46;;50,36;49,31;48,26;47,21;46,16;45,12;44,07;43,02;41,97;39,35
77296;;Udiareň CORMORAN Smooking Oven;70,72;1;70,72;24,95;23;1;63,65;25;63,65;63,65;63,65;63,65;62,23;60,82;59,40;57,99;56,58;53,04
67999;922;Úchyt MIKADO Rod Rest Grip V;1,05;1;1,05;0,49;23;1;0,96;25;0,96;0,96;0,96;0,95;0,92;0,90;0,88;0,86;0,84;0,79
68000;922;Úchyt MIKADO Rod Rest Grip V;0,98;1;0,98;0,46;23;1;0,89;25;0,89;0,89;0,89;0,88;0,86;0,84;0,82;0,80;0,78;0,74
83892;923;Tepláky FOX LW Khaki Joggers;34,99;1;34,99;18,86;23;1;34,99;;33,59;32,89;32,19;31,49;30,79;30,09;29,39;28,69;27,99;26,24
83893;923;Tepláky FOX LW Khaki Joggers;34,99;1;34,99;18,86;23;1;34,99;;33,59;32,89;32,19;31,49;30,79;30,09;29,39;28,69;27,99;26,24
83894;923;Tepláky FOX LW Khaki Joggers;34,99;1;34,99;18,86;23;1;34,99;;33,59;32,89;32,19;31,49;30,79;30,09;29,39;28,69;27,99;26,24
83895;923;Tepláky FOX LW Khaki Joggers;34,99;1;34,99;18,86;23;1;34,99;;33,59;32,89;32,19;31,49;30,79;30,09;29,39;28,69;27,99;26,24
83896;923;Tepláky FOX LW Khaki Joggers;34,99;1;34,99;18,86;23;1;34,99;;33,59;32,89;32,19;31,49;30,79;30,09;29,39;28,69;27,99;26,24
83897;923;Tepláky FOX LW Khaki Joggers;34,99;1;34,99;18,86;23;1;34,99;;33,59;32,89;32,19;31,49;30,79;30,09;29,39;28,69;27,99;26,24
105038;;Taška DRAGON DGN;67,34;1;67,34;33,60;23;1;67,34;;64,65;63,30;61,95;60,61;59,26;57,91;56,57;55,22;53,87;50,51
43837;;Batoh RAPALA CountDown Backpack;55,95;1;55,95;34,38;23;1;55,95;;53,71;52,59;51,47;50,36;49,24;48,12;47,00;45,88;44,76;41,96
77349;924;Prút DAIWA Emblem Carp Stalker;133,00;1;;;23;1;;;127,68;125,02;122,36;119,70;117,04;114,38;111,72;109,06;106,40;99,75
36678;;Pílový pás SCHEPPACH drevo, plasty a neželezné kovy;43,04;1;43,04;19,67;23;1;43,04;;41,32;40,46;39,60;38,74;37,88;37,01;36,15;35,29;34,43;32,28
43945;925;Vobler RAPALA Shad Rap Shallow Runner 09;10,95;1;10,95;6,46;23;1;10,95;;10,51;10,29;10,07;9,86;9,64;9,42;9,20;8,98;8,76;8,21
43946;925;Vobler RAPALA Shad Rap Shallow Runner 09;10,95;1;10,95;6,46;23;1;10,95;;10,51;10,29;10,07;9,86;9,64;9,42;9,20;8,98;8,76;8,21
43947;925;Vobler RAPALA Shad Rap Shallow Runner 09;10,95;1;10,95;6,46;23;1;10,95;;10,51;10,29;10,07;9,86;9,64;9,42;9,20;8,98;8,76;8,21
43954;925;Vobler RAPALA Shad Rap Shallow Runner 09;10,95;1;10,95;6,46;23;1;10,95;;10,51;10,29;10,07;9,86;9,64;9,42;9,20;8,98;8,76;8,21
43955;925;Vobler RAPALA Shad Rap Shallow Runner 09;10,95;1;10,95;6,46;23;1;10,95;;10,51;10,29;10,07;9,86;9,64;9,42;9,20;8,98;8,76;8,21
43956;925;Vobler RAPALA Shad Rap Shallow Runner 09;10,95;1;10,95;6,46;23;1;10,95;;10,51;10,29;10,07;9,86;9,64;9,42;9,20;8,98;8,76;8,21
47298;925;Vobler RAPALA Shad Rap Shallow Runner 09;10,95;1;10,95;6,46;23;1;10,95;;10,51;10,29;10,07;9,86;9,64;9,42;9,20;8,98;8,76;8,21
47301;925;Vobler RAPALA Shad Rap Shallow Runner 09;11,23;1;11,23;5,84;23;1;11,23;;10,78;10,56;10,33;10,11;9,88;9,66;9,43;9,21;8,98;8,42
77441;;Navijak DAIWA 20 GS BR LT 5000-C;143,00;1;143,00;72,00;23;1;143,00;;137,28;134,42;131,56;128,70;125,84;122,98;120,12;117,26;114,40;107,25
93034;926;Vyvažovacie olovká DELPHIN Soft;2,90;1;2,90;1,51;23;1;2,47;25;2,47;2,47;2,47;2,47;2,47;2,47;2,44;2,38;2,32;2,18
93035;926;Vyvažovacie olovká DELPHIN Soft;2,90;1;2,90;1,51;23;1;2,47;25;2,47;2,47;2,47;2,47;2,47;2,47;2,44;2,38;2,32;2,18
93036;926;Vyvažovacie olovká DELPHIN Soft;2,90;1;2,90;1,51;23;1;2,47;25;2,47;2,47;2,47;2,47;2,47;2,47;2,44;2,38;2,32;2,18
93037;926;Vyvažovacie olovká DELPHIN Soft;3,39;1;3,39;1,80;23;1;2,88;25;2,88;2,88;2,88;2,88;2,88;2,88;2,85;2,78;2,71;2,54
93038;926;Vyvažovacie olovká DELPHIN Soft;3,39;1;3,39;1,80;23;1;2,88;25;2,88;2,88;2,88;2,88;2,88;2,88;2,85;2,78;2,71;2,54
93039;926;Vyvažovacie olovká DELPHIN Soft;3,39;1;3,39;1,84;23;1;2,88;25;2,88;2,88;2,88;2,88;2,88;2,88;2,85;2,78;2,71;2,54
93040;926;Vyvažovacie olovká DELPHIN Soft;4,60;1;4,60;2,37;23;1;3,91;25;3,91;3,91;3,91;3,91;3,91;3,91;3,86;3,77;3,68;3,45
93041;926;Vyvažovacie olovká DELPHIN Soft;4,60;1;4,60;2,37;23;1;3,91;25;3,91;3,91;3,91;3,91;3,91;3,91;3,86;3,77;3,68;3,45
93042;926;Vyvažovacie olovká DELPHIN Soft;4,60;1;4,60;2,48;23;1;3,91;25;3,91;3,91;3,91;3,91;3,91;3,91;3,86;3,77;3,68;3,45
101276;;Dip SHIMANO TX1 Hookbait 200ml, Banan & Pineapple;9,18;1;9,18;4,39;23;1;9,18;;8,81;8,63;8,45;8,26;8,08;7,89;7,71;7,53;7,34;6,89
68068;;Rovnátka MIKADO Kicker Dark Green;1,25;1;1,25;0,47;23;1;1,14;25;1,14;1,14;1,14;1,13;1,10;1,08;1,05;1,03;1,00;0,94
19520;927;Twister ROBINSON Classic Twist 3 cm;0,16;1;0,16;0,05;23;1;0,16;;0,15;0,15;0,15;0,14;0,14;0,14;0,13;0,13;0,13;0,12
19521;927;Twister ROBINSON Classic Twist 3 cm;0,16;1;0,16;0,05;23;1;0,16;;0,15;0,15;0,15;0,14;0,14;0,14;0,13;0,13;0,13;0,12
87425;928;Rotačka SAVAGE GEAR Rotex Spinner veľ. 2;3,37;1;3,37;1,60;23;1;3,37;;3,24;3,17;3,10;3,03;2,97;2,90;2,83;2,76;2,70;2,53
87497;928;Rotačka SAVAGE GEAR Rotex Spinner veľ. 2;3,37;1;3,37;1,60;23;1;3,37;;3,24;3,17;3,10;3,03;2,97;2,90;2,83;2,76;2,70;2,53
105604;929;Nástraha SAVAGE GEAR Cannibal Shad B, Chartreuse Pumpkin;0,80;1;0,80;0,36;23;1;0,80;;0,77;0,75;0,74;0,72;0,70;0,69;0,67;0,66;0,64;0,60
105612;929;Nástraha SAVAGE GEAR Cannibal Shad B, Chartreuse Pumpkin;1,40;1;1,40;0,63;23;1;1,40;;1,34;1,32;1,29;1,26;1,23;1,20;1,18;1,15;1,12;1,05
105622;929;Nástraha SAVAGE GEAR Cannibal Shad B, Chartreuse Pumpkin;1,02;1;1,02;0,46;23;1;1,02;;0,98;0,96;0,94;0,92;0,90;0,88;0,86;0,84;0,82;0,77
88997;929;Nástraha SAVAGE GEAR Cannibal Shad B, Chartreuse Pumpkin;0,68;1;0,68;0,30;23;1;0,68;;0,65;0,64;0,63;0,61;0,60;0,58;0,57;0,56;0,54;0,51
93050;930;Prídavné závažie DELPHIN B! zavŕtavacie, 10 ks;2,40;1;2,40;1,14;23;1;2,04;25;2,04;2,04;2,04;2,04;2,04;2,04;2,02;1,97;1,92;1,80
93052;930;Prídavné závažie DELPHIN B! zavŕtavacie, 10 ks;2,90;1;2,90;1,40;23;1;2,47;25;2,47;2,47;2,47;2,47;2,47;2,47;2,44;2,38;2,32;2,18
93054;930;Prídavné závažie DELPHIN B! zavŕtavacie, 10 ks;3,39;1;3,39;1,65;23;1;2,88;25;2,88;2,88;2,88;2,88;2,88;2,88;2,85;2,78;2,71;2,54
36715;;"Pneumatický rázový uťahovák SCHEPPACH 1/2""";67,99;1;67,99;42,60;23;1;67,99;;65,27;63,91;62,55;61,19;59,83;58,47;57,11;55,75;54,39;50,99
68148;;Podberák MIKADO Landing Net Foldable, gumová sieť;29,90;1;29,90;15,63;23;1;27,21;25;27,21;27,21;27,21;26,91;26,31;25,71;25,12;24,52;23,92;22,43
87594;;Nástraha SAVAGE GEAR 4D Herring Shad 16cm, Perch;3,03;1;3,03;1,56;23;1;3,03;;2,91;2,85;2,79;2,73;2,67;2,61;2,55;2,48;2,42;2,27
77598;;Navijak DAIWA Emblem 45 SCW QD SD;193,72;1;193,72;107,10;23;1;193,72;;185,97;182,10;178,22;174,35;170,47;166,60;162,72;158,85;154,98;145,29
101344;931;Vobler SHIMANO Cardiff ML Bullet AR-C 9,3 cm, 10 g;17,37;1;17,37;6,85;23;1;17,37;;16,68;16,33;15,98;15,63;15,29;14,94;14,59;14,24;13,90;13,03
101345;931;Vobler SHIMANO Cardiff ML Bullet AR-C 9,3 cm, 10 g;17,37;1;17,37;4,60;23;1;17,37;;16,68;16,33;15,98;15,63;15,29;14,94;14,59;14,24;13,90;13,03
101346;931;Vobler SHIMANO Cardiff ML Bullet AR-C 9,3 cm, 10 g;17,37;1;17,37;8,22;23;1;17,37;;16,68;16,33;15,98;15,63;15,29;14,94;14,59;14,24;13,90;13,03
36735;;Dvojkotúčová brúska SCHEPPACH BG 200;154,77;1;154,77;;23;1;154,77;;148,58;145,48;142,39;139,29;136,20;133,10;130,01;126,91;123,82;116,08
68175;;Montáž MIKADO Jaws Double Evo Stinger XL 30 kg, č. 1/0, 2 ks;3,90;1;3,90;1,58;23;1;3,55;25;3,55;3,55;3,55;3,51;3,43;3,35;3,28;3,20;3,12;2,93
19632X;932;SET = 2x prút CARPEX Catapult MX;146,00;1;;;23;1;;;140,16;137,24;134,32;131,40;128,48;125,56;122,64;119,72;116,80;109,50
19633X;932;SET = 2x prút CARPEX Catapult MX;152,00;1;;;23;1;;;145,92;142,88;139,84;136,80;133,76;130,72;127,68;124,64;121,60;114,00
19634X;932;SET = 2x prút CARPEX Catapult MX;158,00;1;;;23;1;;;151,68;148,52;145,36;142,20;139,04;135,88;132,72;129,56;126,40;118,50
19635X;932;SET = 2x prút CARPEX Catapult MX;166,00;1;;;23;1;;;159,36;156,04;152,72;149,40;146,08;142,76;139,44;136,12;132,80;124,50
87733;;Úchyt PROLOGIC Butt Klinger Rod Rest;8,09;1;8,09;3,88;23;1;8,09;;7,77;7,60;7,44;7,28;7,12;6,96;6,80;6,63;6,47;6,07
45316X;;SET = Podberák MITCHELL Pole Kit Net + fluo set ihly a vrták + šiltovka;50,84;1;50,84;18,39;23;1;50,84;;48,81;47,79;46,77;45,76;44,74;43,72;42,71;41,69;40,67;38,13
77624;;Filetovací nôž CORMORAN model 3003;8,00;1;8,00;2,90;23;1;7,20;25;7,20;7,20;7,20;7,20;7,04;6,88;6,72;6,56;6,40;6,00
101369;933;Vobler SHIMANO Bantam Kozak MR 5,4 cm, 8 g;14,86;1;14,86;7,03;23;1;14,86;;14,27;13,97;13,67;13,37;13,08;12,78;12,48;12,19;11,89;11,15
101371;933;Vobler SHIMANO Bantam Kozak MR 5,4 cm, 8 g;14,86;1;14,86;7,03;23;1;14,86;;14,27;13,97;13,67;13,37;13,08;12,78;12,48;12,19;11,89;11,15
101602;933;Vobler SHIMANO Bantam Kozak MR 5,4 cm, 8 g;14,86;1;14,86;3,91;23;1;14,86;;14,27;13,97;13,67;13,37;13,08;12,78;12,48;12,19;11,89;11,15
36775;;Hobľovacie nože SCHEPPACH pre HMS 850;44,99;1;44,99;22,31;23;1;44,99;;43,19;42,29;41,39;40,49;39,59;38,69;37,79;36,89;35,99;33,74
68232;;Set 2 signalizátorov MIKADO M-Bite s príposluchom;105,90;1;105,90;52,56;23;1;96,37;25;96,37;96,37;96,37;95,31;93,19;91,07;88,96;86,84;84,72;79,43
89432;934;Šnúra DELPHIN Ghost 4+1;19,95;1;19,95;10,50;23;1;16,96;25;16,96;16,96;16,96;16,96;16,96;16,96;16,76;16,36;15,96;14,96
89433;934;Šnúra DELPHIN Ghost 4+1;19,95;1;19,95;9,98;23;1;16,96;25;16,96;16,96;16,96;16,96;16,96;16,96;16,76;16,36;15,96;14,96
89434;934;Šnúra DELPHIN Ghost 4+1;32,95;1;32,95;16,83;23;1;28,01;25;28,01;28,01;28,01;28,01;28,01;28,01;27,68;27,02;26,36;24,71
89435;934;Šnúra DELPHIN Ghost 4+1;32,95;1;32,95;16,83;23;1;28,01;25;28,01;28,01;28,01;28,01;28,01;28,01;27,68;27,02;26,36;24,71
89436;934;Šnúra DELPHIN Ghost 4+1;32,95;1;32,95;17,36;23;1;28,01;25;28,01;28,01;28,01;28,01;28,01;28,01;27,68;27,02;26,36;24,71
91217;934;Šnúra DELPHIN Ghost 4+1;14,94;1;14,94;7,64;23;1;12,70;25;12,70;12,70;12,70;12,70;12,70;12,70;12,55;12,25;11,95;11,21
91218;934;Šnúra DELPHIN Ghost 4+1;19,95;1;19,95;9,98;23;1;16,96;25;16,96;16,96;16,96;16,96;16,96;16,96;16,76;16,36;15,96;14,96
91219;934;Šnúra DELPHIN Ghost 4+1;32,95;1;32,95;16,83;23;1;28,01;25;28,01;28,01;28,01;28,01;28,01;28,01;27,68;27,02;26,36;24,71
93105;;Konektor DELPHIN PVA Tube na sáčky, 6 ks;2,90;1;2,90;1,56;23;1;2,47;25;2,47;2,47;2,47;2,47;2,47;2,47;2,44;2,38;2,32;2,18
36827;;Brúsny kotúč SCHEPPACH;5,99;1;5,99;3,84;23;1;5,99;;5,75;5,63;5,51;5,39;5,27;5,15;5,03;4,91;4,79;4,49
91248;935;Krmítko DELPHIN Method QUIX L;2,00;1;2,00;1,51;23;1;1,70;25;1,70;1,70;1,70;1,70;1,70;1,70;1,68;1,64;1,60;1,50
91249;935;Krmítko DELPHIN Method QUIX L;2,10;1;2,10;1,13;23;1;1,79;25;1,79;1,79;1,79;1,79;1,79;1,79;1,76;1,72;1,68;1,58
91250;935;Krmítko DELPHIN Method QUIX L;2,40;1;2,40;1,29;23;1;2,04;25;2,04;2,04;2,04;2,04;2,04;2,04;2,02;1,97;1,92;1,80
91251;935;Krmítko DELPHIN Method QUIX L;2,40;1;2,40;1,30;23;1;2,04;25;2,04;2,04;2,04;2,04;2,04;2,04;2,02;1,97;1,92;1,80
91252;935;Krmítko DELPHIN Method QUIX L;2,60;1;2,60;1,40;23;1;2,21;25;2,21;2,21;2,21;2,21;2,21;2,21;2,18;2,13;2,08;1,95
92086;935;Krmítko DELPHIN Method QUIX L;2,80;1;2,80;1,51;23;1;2,38;25;2,38;2,38;2,38;2,38;2,38;2,38;2,35;2,30;2,24;2,10
92087;935;Krmítko DELPHIN Method QUIX L;3,00;1;3,00;1,05;23;1;2,55;25;2,55;2,55;2,55;2,55;2,55;2,55;2,52;2,46;2,40;2,25
92088;935;Krmítko DELPHIN Method QUIX L;3,20;1;3,20;1,69;23;1;2,72;25;2,72;2,72;2,72;2,72;2,72;2,72;2,69;2,62;2,56;2,40
92089;935;Krmítko DELPHIN Method QUIX L;3,39;1;3,39;1,80;23;1;2,88;25;2,88;2,88;2,88;2,88;2,88;2,88;2,85;2,78;2,71;2,54
88039;;Mix nástrahy SAVAGE GEAR CRAFT CANNIBAL Water Mix;7,16;1;7,16;3,43;23;1;7,16;;6,87;6,73;6,59;6,44;6,30;6,16;6,01;5,87;5,73;5,37
45524;;Nástraha dážďovka BERKLEY Gulp Fry 7 cm;9,73;1;9,73;1,95;23;1;9,73;;9,34;9,15;8,95;8,76;8,56;8,37;8,17;7,98;7,78;7,30
93121;;Ruksak DELPHIN Wasabi Rucksack, 15 l;10,50;1;10,50;5,68;23;1;8,93;25;8,93;8,93;8,93;8,93;8,93;8,93;8,82;8,61;8,40;7,88
37035;;Repelentné samolepky TRIXLINE TR 624 proti kliešťom;1,21;1;1,21;0,49;23;1;1,21;;1,16;1,14;1,11;1,09;1,06;1,04;1,02;0,99;0,97;0,91
68302;936;Twister MIKADO, Pearl;2,67;1;2,67;1,06;23;1;2,43;25;2,43;2,43;2,43;2,40;2,35;2,30;2,24;2,19;2,14;2,00
68326;936;Twister MIKADO, Pearl;2,67;1;2,67;1,06;23;1;2,43;25;2,43;2,43;2,43;2,40;2,35;2,30;2,24;2,19;2,14;2,00
88157;;Signalizátor DAM Bite Alarms B-Alert;14,99;1;14,99;7,97;23;1;14,99;;14,39;14,09;13,79;13,49;13,19;12,89;12,59;12,29;11,99;11,24
106638;;Brúska KINETIC Diamond Hook Sharpener;8,00;1;8,00;3,57;23;1;8,00;;7,68;7,52;7,36;7,20;7,04;6,88;6,72;6,56;6,40;6,00
45580;;Cesto BERKLEY PowerBait Natural Scent Glitter Trout Bait, Garlic Rainbow;8,00;1;8,00;4,25;23;1;8,00;;7,68;7,52;7,36;7,20;7,04;6,88;6,72;6,56;6,40;6,00
93139;;Taška DELPHIN Simple Bag Carp;2,90;1;2,90;1,51;23;1;2,47;25;2,47;2,47;2,47;2,47;2,47;2,47;2,44;2,38;2,32;2,18
68337;;Taška MIKADO CFL Universal Bag, 58x30x25cm;33,90;1;33,90;15,80;23;1;30,85;25;30,85;30,85;30,85;30,51;29,83;29,15;28,48;27,80;27,12;25,43
88176;;Váha DAM Digital Scale;47,05;1;47,05;20,58;23;1;47,05;;45,17;44,23;43,29;42,35;41,40;40,46;39,52;38,58;37,64;35,29
106652;;Vobler ROBINSON Marteen S65, 6,5 cm, 4 g;6,80;1;6,80;3,07;23;1;6,80;;6,53;6,39;6,26;6,12;5,98;5,85;5,71;5,58;5,44;5,10
45596;937;Nástraha SAVAGE GEAR 3D Line Thru Whitefish Moderate Sinking, Ayu;15,99;1;15,99;7,35;23;1;15,99;;15,35;15,03;14,71;14,39;14,07;13,75;13,43;13,11;12,79;11,99
45601;937;Nástraha SAVAGE GEAR 3D Line Thru Whitefish Moderate Sinking, Ayu;0,00;1;0,00;0,00;;;0,00;0;0,00;0,00;0,00;0,00;0,00;0,00;0,00;0,00;0,00;0,00
93155;;Kľúčenka DELPHIN Pikener strieborná, s otváračom na fľaše;2,90;1;2,90;1,51;23;1;2,47;25;2,47;2,47;2,47;2,47;2,47;2,47;2,44;2,38;2,32;2,18
91300;;Ihla DELPHIN T-End GripX Safety;3,39;1;3,39;1,70;23;1;2,88;25;2,88;2,88;2,88;2,88;2,88;2,88;2,85;2,78;2,71;2,54
88241;938;Blyskáč DAM Singlehook Spinner Brown Trout;2,66;1;2,66;1,19;23;1;2,66;;2,55;2,50;2,45;2,39;2,34;2,29;2,23;2,18;2,13;2,00
88258;938;Blyskáč DAM Singlehook Spinner Brown Trout;2,99;1;2,99;1,42;23;1;2,99;;2,87;2,81;2,75;2,69;2,63;2,57;2,51;2,45;2,39;2,24
106673;939;Nástraha WESTIN Shadteez Pin-Tail, Lemon;4,99;1;4,99;2,33;23;1;4,99;;4,79;4,69;4,59;4,49;4,39;4,29;4,19;4,09;3,99;3,74
106730;939;Nástraha WESTIN Shadteez Pin-Tail, Lemon;4,99;1;4,99;2,17;23;1;4,99;;4,79;4,69;4,59;4,49;4,39;4,29;4,19;4,09;3,99;3,74
106736;939;Nástraha WESTIN Shadteez Pin-Tail, Lemon;5,49;1;5,49;2,39;23;1;5,49;;5,27;5,16;5,05;4,94;4,83;4,72;4,61;4,50;4,39;4,12
77729;940;Navijak DAIWA 23 Matchman;72,78;1;72,78;36,00;23;1;72,78;;69,87;68,41;66,96;65,50;64,05;62,59;61,14;59,68;58,22;54,59
77730;940;Navijak DAIWA 23 Matchman;75,85;1;75,85;37,50;23;1;75,85;;72,82;71,30;69,78;68,27;66,75;65,23;63,71;62,20;60,68;56,89
77731;940;Navijak DAIWA 23 Matchman;80,97;1;80,97;32,86;23;1;80,97;;77,73;76,11;74,49;72,87;71,25;69,63;68,01;66,40;64,78;60,73
68371;;Držiak MIKADO Feeder Front Rest;2,30;1;2,30;0,96;23;1;2,09;25;2,09;2,09;2,09;2,07;2,02;1,98;1,93;1,89;1,84;1,73
91327;;Podberák DELPHIN Omega Carp;56,95;1;56,95;30,61;23;1;48,41;25;48,41;48,41;48,41;48,41;48,41;48,41;47,84;46,70;45,56;42,71
5856;;Krmivo SENSAS 3000 ETANG;5,30;1;5,30;2,74;23;1;5,30;;5,09;4,98;4,88;4,77;4,66;4,56;4,45;4,35;4,24;3,98
101522;941;Pelety SHIMANO Isolate Pellet HP;6,14;1;6,14;3,53;23;1;6,14;;5,89;5,77;5,65;5,53;5,40;5,28;5,16;5,03;4,91;4,61
101536;941;Pelety SHIMANO Isolate Pellet HP;6,29;1;6,29;3,09;23;1;6,29;;6,04;5,91;5,79;5,66;5,54;5,41;5,28;5,16;5,03;4,72
38313;;Púzdro DELPHIN Sherpa 100cm;49,95;1;49,95;26,85;23;1;42,46;25;42,46;42,46;42,46;42,46;42,46;42,46;41,96;40,96;39,96;37,46
91389;942;Prút DELPHIN Arios Tele Match;43,95;1;43,95;22,55;23;1;37,36;25;37,36;37,36;37,36;37,36;37,36;37,36;36,92;36,04;35,16;32,96
91390;942;Prút DELPHIN Arios Tele Match;47,95;1;47,95;24,70;23;1;40,76;25;40,76;40,76;40,76;40,76;40,76;40,76;40,28;39,32;38,36;35,96
88294;943;Blyskáč DAM Effzett Standard Dressed Spinner, Reflex Red;3,78;1;3,78;1,66;23;1;3,78;;3,63;3,55;3,48;3,40;3,33;3,25;3,18;3,10;3,02;2,84
88303;943;Blyskáč DAM Effzett Standard Dressed Spinner, Reflex Red;3,79;1;3,79;2,01;23;1;3,79;;3,64;3,56;3,49;3,41;3,34;3,26;3,18;3,11;3,03;2,84
88548;943;Blyskáč DAM Effzett Standard Dressed Spinner, Reflex Red;4,29;1;4,29;1,88;23;1;4,29;;4,12;4,03;3,95;3,86;3,78;3,69;3,60;3,52;3,43;3,22
88556;943;Blyskáč DAM Effzett Standard Dressed Spinner, Reflex Red;4,90;1;4,90;2,24;23;1;4,90;;4,70;4,61;4,51;4,41;4,31;4,21;4,12;4,02;3,92;3,68
106710;;Brúska KINETIC Ceramic Blade Hook Sharpener;4,99;1;4,99;1,93;23;1;4,99;;4,79;4,69;4,59;4,49;4,39;4,29;4,19;4,09;3,99;3,74
46474;944;"Nástraha FANATIK Dagger 2,5""; 6,3 cm, 8 ks";4,61;1;4,61;1,09;23;1;2,77;;2,77;2,77;2,77;2,77;2,77;2,77;2,77;2,77;2,77;2,77
46479;944;"Nástraha FANATIK Dagger 2,5""; 6,3 cm, 8 ks";4,61;1;4,61;1,09;23;1;2,77;;2,77;2,77;2,77;2,77;2,77;2,77;2,77;2,77;2,77;2,77
46486;944;"Nástraha FANATIK Dagger 2,5""; 6,3 cm, 8 ks";4,61;1;4,61;1,09;23;1;2,77;;2,77;2,77;2,77;2,77;2,77;2,77;2,77;2,77;2,77;2,77
101540;;Boilies SHIMANO TX1 Monster Crab, 20mm, 5kg;37,95;1;37,95;14,31;23;1;37,95;;36,43;35,67;34,91;34,16;33,40;32,64;31,88;31,12;30,36;28,46
77790;945;Prút DAIWA Pro Staff UL Spin;221,40;1;221,40;93,00;23;1;221,40;;212,54;208,12;203,69;199,26;194,83;190,40;185,98;181,55;177,12;166,05
77791;945;Prút DAIWA Pro Staff UL Spin;220,38;1;220,38;111,75;23;1;220,38;;211,56;207,16;202,75;198,34;193,93;189,53;185,12;180,71;176,30;165,29
93224;;Umelá nástraha DELPHIN CorneX Pop Up, 60 ks, Kukurica a Ananás;4,94;1;4,94;2,47;23;1;4,20;25;4,20;4,20;4,20;4,20;4,20;4,20;4,15;4,05;3,95;3,71
38465;946;Prút DELPHIN Hazard;82,95;1;82,95;25,82;23;1;70,51;25;70,51;70,51;70,51;70,51;70,51;70,51;69,68;68,02;66,36;62,21
38466;946;Prút DELPHIN Hazard;88,95;1;88,95;46,21;23;1;75,61;25;75,61;75,61;75,61;75,61;75,61;75,61;74,72;72,94;71,16;66,71
38467;946;Prút DELPHIN Hazard;95,95;1;95,95;49,97;23;1;81,56;25;81,56;81,56;81,56;81,56;81,56;81,56;80,60;78,68;76,76;71,96
89047;946;Prút DELPHIN Hazard;100,95;1;100,95;52,67;23;1;85,81;25;85,81;85,81;85,81;85,81;85,81;85,81;84,80;82,78;80,76;75,71
91447;;Nástraha DELPHIN D Snax Waft Kukurica - Ananás;4,70;1;4,70;2,37;23;1;4,00;25;4,00;4,00;4,00;4,00;4,00;4,00;3,95;3,85;3,76;3,53
88363;;Sada plandaviek DAM Trout Pack 3;8,76;1;8,76;4,47;23;1;8,76;;8,41;8,23;8,06;7,88;7,71;7,53;7,36;7,18;7,01;6,57
93242;;Lopatka DELPHIN Loader S;2,10;1;2,10;1,00;23;1;1,79;25;1,79;1,79;1,79;1,79;1,79;1,79;1,76;1,72;1,68;1,58
101578;;Sirup SHIMANO Isolate Krill & Peach Food Syrup;11,96;1;11,96;5,86;23;1;11,96;;11,48;11,24;11,00;10,76;10,52;10,29;10,05;9,81;9,57;8,97
38485;;Predný držiak DELPHIN L na feeder;4,60;1;4,60;1,58;23;1;3,91;25;3,91;3,91;3,91;3,91;3,91;3,91;3,86;3,77;3,68;3,45
91464;;Fluo dip DELPHIN D Snax LiquiX, Mušľa - Korenie;7,80;1;7,80;3,96;23;1;6,63;25;6,63;6,63;6,63;6,63;6,63;6,63;6,55;6,40;6,24;5,85
20318;;Obratlíky KORDA PTFE Spinner Swivel;6,75;1;6,75;3,88;23;1;6,75;;6,48;6,35;6,21;6,08;5,94;5,81;5,67;5,54;5,40;5,06
59012;;Morská nástraha Gummi Makk Rig;1,43;1;1,43;0,58;23;1;1,30;25;1,30;1,30;1,30;1,29;1,26;1,23;1,20;1,17;1,14;1,07
88415;;Závažie SAVAGE GEAR Balls Clip On;5,83;1;5,83;2,65;23;1;5,83;;5,60;5,48;5,36;5,25;5,13;5,01;4,90;4,78;4,66;4,37
108034;;Set 3 signalizátorov Catix Pro Cat XP 8 s príposluchom;129,99;1;129,99;70,35;23;1;129,99;;124,79;122,19;119,59;116,99;114,39;111,79;109,19;106,59;103,99;97,49
77837;;Chemické svetlo CORMORAN Light Sticks modré, 2 ks;0,71;1;0,71;0,32;23;1;0,64;25;0,64;0,64;0,64;0,64;0,62;0,61;0,60;0,58;0,57;0,53
93261;;Hlboká cievka pre naviják DELPHIN Irox 7T DP Aluminium;19,95;1;19,95;10,25;23;1;16,96;25;16,96;16,96;16,96;16,96;16,96;16,96;16,76;16,36;15,96;14,96
101606;947;Navijak SHIMANO Vanford FA;261,33;1;261,33;169,10;23;1;261,33;;250,88;245,65;240,42;235,20;229,97;224,74;219,52;214,29;209,06;196,00
101681;947;Navijak SHIMANO Vanford FA;254,95;1;254,95;140,92;23;1;254,95;;244,75;239,65;234,55;229,46;224,36;219,26;214,16;209,06;203,96;191,21
101682;947;Navijak SHIMANO Vanford FA;254,95;1;254,95;140,92;23;1;254,95;;244,75;239,65;234,55;229,46;224,36;219,26;214,16;209,06;203,96;191,21
101776;947;Navijak SHIMANO Vanford FA;289,95;1;289,95;163,53;23;1;289,95;;278,35;272,55;266,75;260,96;255,16;249,36;243,56;237,76;231,96;217,46
101780;947;Navijak SHIMANO Vanford FA;269,95;1;269,95;152,25;23;1;269,95;;259,15;253,75;248,35;242,96;237,56;232,16;226,76;221,36;215,96;202,46
101783;947;Navijak SHIMANO Vanford FA;269,95;1;269,95;152,25;23;1;269,95;;259,15;253,75;248,35;242,96;237,56;232,16;226,76;221,36;215,96;202,46
88462;;Sada voblerov DAM Deep Diver;9,96;1;9,96;5,52;23;1;10,21;;9,56;9,36;9,16;8,96;8,76;8,57;8,37;8,17;7,97;7,47
